review,label,rating
This phone is MUST BUY!!! This phone is MUST BUY!!!,fake,5
I bought this camera recently and it stopped working.,genuine,1
THIS LAPTOP IS LIFE CHANGING!!!,fake,5
THIS HEADPHONES IS UNBELIEVABLE!!!,fake,5
click here now to get this product now!!!!!!,fake,5
"This camera is okay, it not great.",genuine,3
The watch good quality.!!!,genuine,4
LIMITED OFFER!!! LIMITED TIME OFFER!!! LIMITED OFFER!!! LIMITED TIME OFFER!!!!!!,fake,3
I can't believe how amazing this headphones is!!! TOP QUALITY GUARANTEED!!!,fake,5
I bought this headphones recently and it good quality.!!!,genuine,4
The laptop not worth it.,genuine,1
"This phone is okay, it works well.",genuine,3
CAMERA IS MUST BUY!!! DON'T MISS OUT!!!!!!,fake,5
I can't believe how amazing this phone is!!! UNBELIEVABLE!!!!!!,fake,5
This watch is MUST BUY!!!,fake,5
LAPTOP IS TOP QUALITY GUARANTEED!!! DON'T MISS OUT!!! LAPTOP IS TOP QUALITY GUARANTEED!!! DON'T MISS OUT!!!,fake,5
LIMITED OFFER!!! LIMITED TIME OFFER!!!,fake,3
The laptop not great.,genuine,2
This headphones is LIFE CHANGING!!!,fake,5
I bought this phone recently and it good quality.,genuine,4
I bought this headphones recently and it disappointed.,genuine,2
I CAN'T BELIEVE HOW AMAZING THIS CAMERA IS!!! LIFE CHANGING!!!!!!,fake,5
"After using this headphones, I feel it not great.",genuine,2
PHONE IS LIFE CHANGING!!! DON'T MISS OUT!!!,fake,5
The headphones not great. The headphones not great.,genuine,2
LIFE CHANGING!!! Everyone should buy this watch!!! LIFE CHANGING!!! Everyone should buy this watch!!!,fake,5
I can't believe how amazing this camera is!!! MUST BUY!!!,fake,5
"AFTER USING THIS PHONE, I FEEL IT NOT WORTH IT.",genuine,1
The watch good quality.,genuine,4
I bought this watch recently and it good quality.,genuine,4
"After using this headphones, I feel it not worth it.",genuine,2
I bought this camera recently and it not worth it.,genuine,1
I bought this watch recently and it does the job.,genuine,3
earn money fast to get this product now!!!,fake,5
THIS LAPTOP IS BEST PRODUCT EVER!!!!!!,fake,5
The camera poor quality.,genuine,1
I can't believe how amazing this headphones is!!! BEST PRODUCT EVER!!! I can't believe how amazing this headphones is!!! BEST PRODUCT EVER!!!!!!,fake,5
I can't believe how amazing this headphones is!!! UNBELIEVABLE!!!,fake,5
TOP QUALITY GUARANTEED!!! Everyone should buy this headphones!!! TOP QUALITY GUARANTEED!!! Everyone should buy this headphones!!!,fake,5
This watch is LIFE CHANGING!!!,fake,5
"After using this camera, I feel it stopped working.",genuine,1
"This headphones is okay, it good quality.",genuine,3
This phone is BEST PRODUCT EVER!!!,fake,5
EARN MONEY FAST TO GET THIS PRODUCT NOW!!!,fake,5
This phone is MUST BUY!!!,fake,5
I bought this headphones recently and it does the job.,genuine,3
I bought this watch recently and it not great.,genuine,2
LIMITED OFFER!!! LIMITED TIME OFFER!!! LIMITED OFFER!!! LIMITED TIME OFFER!!!,fake,3
EARN MONEY FAST!!! LIMITED TIME OFFER!!!,fake,3
This watch is LIFE CHANGING!!!,fake,5
limited offer to get this product now!!! limited offer to get this product now!!!!!!,fake,3
buy now before it's gone and win exciting prizes!!!,fake,5
CLICK HERE NOW!!! LIMITED TIME OFFER!!!,fake,3
"AFTER USING THIS PHONE, I FEEL IT WORTH THE PRICE. AFTER USING THIS PHONE, I FEEL IT WORTH THE PRICE.",genuine,4
THIS CAMERA IS MUST BUY!!!!!!,fake,5
click here now for huge discounts!!!,fake,3
buy now before it's gone to get this product now!!! buy now before it's gone to get this product now!!!,fake,5
"This laptop is okay, it stopped working.!!!",genuine,2
"After using this laptop, I feel it poor quality. After using this laptop, I feel it poor quality.",genuine,1
I CAN'T BELIEVE HOW AMAZING THIS HEADPHONES IS!!! UNBELIEVABLE!!!!!!,fake,5
This laptop is TOP QUALITY GUARANTEED!!! This laptop is TOP QUALITY GUARANTEED!!!,fake,5
TOP QUALITY GUARANTEED!!! Everyone should buy this headphones!!!!!!,fake,5
"This phone is okay, it satisfied with the purchase. This phone is okay, it satisfied with the purchase.",genuine,3
The watch does the job.,genuine,3
This camera is MUST BUY!!!,fake,5
"After using this laptop, I feel it not worth it.",genuine,2
MUST BUY!!! Everyone should buy this laptop!!!,fake,5
I bought this watch recently and it not great.!!!,genuine,2
HEADPHONES IS MUST BUY!!! DON'T MISS OUT!!!,fake,5
"AFTER USING THIS HEADPHONES, I FEEL IT STOPPED WORKING.",genuine,1
I can't believe how amazing this laptop is!!! UNBELIEVABLE!!!,fake,5
I CAN'T BELIEVE HOW AMAZING THIS WATCH IS!!! TOP QUALITY GUARANTEED!!!,fake,5
MUST BUY!!! Everyone should buy this camera!!!,fake,5
PHONE IS UNBELIEVABLE!!! DON'T MISS OUT!!!!!!,fake,5
TOP QUALITY GUARANTEED!!! EVERYONE SHOULD BUY THIS LAPTOP!!! TOP QUALITY GUARANTEED!!! EVERYONE SHOULD BUY THIS LAPTOP!!!,fake,5
"AFTER USING THIS WATCH, I FEEL IT NOT GREAT.!!!",genuine,1
UNBELIEVABLE!!! Everyone should buy this laptop!!! UNBELIEVABLE!!! Everyone should buy this laptop!!!,fake,5
LIFE CHANGING!!! EVERYONE SHOULD BUY THIS HEADPHONES!!!,fake,5
"This phone is okay, it poor quality.",genuine,2
"After using this phone, I feel it disappointed. After using this phone, I feel it disappointed.",genuine,1
This phone is BEST PRODUCT EVER!!!!!!,fake,5
VISIT THIS LINK!!! LIMITED TIME OFFER!!! VISIT THIS LINK!!! LIMITED TIME OFFER!!!,fake,3
I can't believe how amazing this headphones is!!! UNBELIEVABLE!!!,fake,5
This headphones is TOP QUALITY GUARANTEED!!! This headphones is TOP QUALITY GUARANTEED!!!,fake,5
visit this link to get this product now!!!,fake,3
I can't believe how amazing this phone is!!! LIFE CHANGING!!! I can't believe how amazing this phone is!!! LIFE CHANGING!!!!!!,fake,5
THE CAMERA DOES THE JOB.,genuine,3
"After using this camera, I feel it worth the price.!!!",genuine,4
"THIS HEADPHONES IS OKAY, IT WORTH THE PRICE. THIS HEADPHONES IS OKAY, IT WORTH THE PRICE.",genuine,3
"AFTER USING THIS CAMERA, I FEEL IT STOPPED WORKING. AFTER USING THIS CAMERA, I FEEL IT STOPPED WORKING.",genuine,1
"This headphones is okay, it works well. This headphones is okay, it works well.!!!",genuine,3
I bought this headphones recently and it stopped working. I bought this headphones recently and it stopped working.!!!,genuine,1
I bought this phone recently and it satisfied with the purchase.!!!,genuine,4
MUST BUY!!! EVERYONE SHOULD BUY THIS PHONE!!!,fake,5
BEST PRODUCT EVER!!! Everyone should buy this laptop!!!!!!,fake,5
EARN MONEY FAST AND WIN EXCITING PRIZES!!!,fake,5
TOP QUALITY GUARANTEED!!! Everyone should buy this laptop!!! TOP QUALITY GUARANTEED!!! Everyone should buy this laptop!!!,fake,5
I bought this phone recently and it good quality. I bought this phone recently and it good quality.,genuine,4
BUY NOW BEFORE IT'S GONE FOR HUGE DISCOUNTS!!!!!!,fake,5
BUY NOW BEFORE IT'S GONE TO GET THIS PRODUCT NOW!!! BUY NOW BEFORE IT'S GONE TO GET THIS PRODUCT NOW!!!,fake,5
This headphones is TOP QUALITY GUARANTEED!!!,fake,5
HEADPHONES IS TOP QUALITY GUARANTEED!!! DON'T MISS OUT!!! HEADPHONES IS TOP QUALITY GUARANTEED!!! DON'T MISS OUT!!!!!!,fake,5
"After using this headphones, I feel it poor quality. After using this headphones, I feel it poor quality.",genuine,1
The camera stopped working.,genuine,1
earn money fast for huge discounts!!! earn money fast for huge discounts!!!!!!,fake,5
"THIS WATCH IS OKAY, IT POOR QUALITY. THIS WATCH IS OKAY, IT POOR QUALITY.!!!",genuine,2
"This laptop is okay, it stopped working.!!!",genuine,2
WATCH IS BEST PRODUCT EVER!!! DON'T MISS OUT!!!,fake,5
I bought this headphones recently and it stopped working.,genuine,1
EARN MONEY FAST!!! LIMITED TIME OFFER!!!!!!,fake,3
click here now and win exciting prizes!!!,fake,3
VISIT THIS LINK!!! LIMITED TIME OFFER!!!,fake,3
I bought this camera recently and it works well.,genuine,4
"This watch is okay, it stopped working.",genuine,2
"After using this laptop, I feel it stopped working.!!!",genuine,1
LIMITED OFFER FOR HUGE DISCOUNTS!!!,fake,3
PHONE IS LIFE CHANGING!!! DON'T MISS OUT!!!!!!,fake,5
"After using this laptop, I feel it disappointed.!!!",genuine,2
BEST PRODUCT EVER!!! Everyone should buy this headphones!!! BEST PRODUCT EVER!!! Everyone should buy this headphones!!!,fake,5
EARN MONEY FAST!!! LIMITED TIME OFFER!!! EARN MONEY FAST!!! LIMITED TIME OFFER!!!,fake,1
HEADPHONES IS TOP QUALITY GUARANTEED!!! DON'T MISS OUT!!! HEADPHONES IS TOP QUALITY GUARANTEED!!! DON'T MISS OUT!!!,fake,5
I bought this watch recently and it good quality.,genuine,4
"After using this camera, I feel it does the job.",genuine,3
"After using this headphones, I feel it not worth it.!!!",genuine,2
PHONE IS LIFE CHANGING!!! DON'T MISS OUT!!!,fake,5
The watch stopped working. The watch stopped working.,genuine,1
This camera is LIFE CHANGING!!!,fake,5
buy now before it's gone and win exciting prizes!!!,fake,5
earn money fast and win exciting prizes!!!,fake,5
I bought this laptop recently and it good quality.!!!,genuine,4
"This camera is okay, it satisfied with the purchase.!!!",genuine,4
I CAN'T BELIEVE HOW AMAZING THIS PHONE IS!!! UNBELIEVABLE!!!,fake,5
MUST BUY!!! EVERYONE SHOULD BUY THIS CAMERA!!!,fake,5
LIMITED OFFER!!! LIMITED TIME OFFER!!! LIMITED OFFER!!! LIMITED TIME OFFER!!!,fake,3
I bought this phone recently and it does the job.,genuine,3
"This watch is okay, it not worth it.",genuine,2
This phone is TOP QUALITY GUARANTEED!!!!!!,fake,5
"This laptop is okay, it not worth it.",genuine,2
I BOUGHT THIS WATCH RECENTLY AND IT GOOD QUALITY. I BOUGHT THIS WATCH RECENTLY AND IT GOOD QUALITY.,genuine,4
The phone good quality.,genuine,4
"After using this laptop, I feel it stopped working.",genuine,1
"After using this watch, I feel it satisfied with the purchase.",genuine,4
I can't believe how amazing this phone is!!! BEST PRODUCT EVER!!!!!!,fake,5
The watch not worth it. The watch not worth it.,genuine,1
BEST PRODUCT EVER!!! Everyone should buy this phone!!!,fake,5
earn money fast and win exciting prizes!!! earn money fast and win exciting prizes!!!,fake,4
visit this link and win exciting prizes!!!,fake,3
"This phone is okay, it worth the price.!!!",genuine,3
HEADPHONES IS BEST PRODUCT EVER!!! DON'T MISS OUT!!!,fake,5
I bought this laptop recently and it poor quality. I bought this laptop recently and it poor quality.,genuine,1
"This headphones is okay, it stopped working.!!!",genuine,2
CLICK HERE NOW!!! LIMITED TIME OFFER!!!,fake,3
"This watch is okay, it disappointed.",genuine,2
PHONE IS TOP QUALITY GUARANTEED!!! DON'T MISS OUT!!!,fake,5
visit this link to get this product now!!!!!!,fake,5
This laptop is TOP QUALITY GUARANTEED!!!!!!,fake,5
The headphones not great.!!!,genuine,2
This laptop is TOP QUALITY GUARANTEED!!! This laptop is TOP QUALITY GUARANTEED!!!!!!,fake,5
"After using this camera, I feel it disappointed.",genuine,2
PHONE IS MUST BUY!!! DON'T MISS OUT!!! PHONE IS MUST BUY!!! DON'T MISS OUT!!!!!!,fake,5
This headphones is TOP QUALITY GUARANTEED!!!,fake,5
I can't believe how amazing this watch is!!! TOP QUALITY GUARANTEED!!!,fake,5
earn money fast for huge discounts!!!,fake,5
The headphones good quality.,genuine,4
limited offer to get this product now!!!!!!,fake,4
THIS LAPTOP IS MUST BUY!!!!!!,fake,5
THIS PHONE IS MUST BUY!!! THIS PHONE IS MUST BUY!!!,fake,5
LAPTOP IS TOP QUALITY GUARANTEED!!! DON'T MISS OUT!!!!!!,fake,5
This headphones is TOP QUALITY GUARANTEED!!! This headphones is TOP QUALITY GUARANTEED!!!,fake,5
I can't believe how amazing this laptop is!!! MUST BUY!!!,fake,5
This headphones is UNBELIEVABLE!!!,fake,5
I can't believe how amazing this headphones is!!! MUST BUY!!!!!!,fake,5
I bought this camera recently and it disappointed. I bought this camera recently and it disappointed.!!!,genuine,2
This phone is TOP QUALITY GUARANTEED!!!,fake,5
EARN MONEY FAST!!! LIMITED TIME OFFER!!!,fake,5
The laptop worth the price. The laptop worth the price.!!!,genuine,5
UNBELIEVABLE!!! Everyone should buy this watch!!! UNBELIEVABLE!!! Everyone should buy this watch!!!!!!,fake,5
I bought this laptop recently and it stopped working. I bought this laptop recently and it stopped working.,genuine,5
The phone stopped working. The phone stopped working.,genuine,1
THE PHONE STOPPED WORKING. THE PHONE STOPPED WORKING.,genuine,1
BEST PRODUCT EVER!!! Everyone should buy this headphones!!!,fake,5
"THIS CAMERA IS OKAY, IT POOR QUALITY.",genuine,3
The laptop disappointed. The laptop disappointed.,genuine,2
This laptop is MUST BUY!!!!!!,fake,5
earn money fast for huge discounts!!! earn money fast for huge discounts!!!,fake,4
WATCH IS BEST PRODUCT EVER!!! DON'T MISS OUT!!!,fake,4
CAMERA IS MUST BUY!!! DON'T MISS OUT!!!,fake,4
click here now and win exciting prizes!!!!!!,fake,4
I bought this laptop recently and it stopped working. I bought this laptop recently and it stopped working.,genuine,4
"This laptop is okay, it not worth it.",genuine,3
I bought this laptop recently and it good quality.!!!,genuine,3
CLICK HERE NOW!!! LIMITED TIME OFFER!!!!!!,fake,3
"After using this phone, I feel it stopped working.",genuine,2
The laptop does the job.,genuine,3
CAMERA IS TOP QUALITY GUARANTEED!!! DON'T MISS OUT!!!,fake,5
LIFE CHANGING!!! Everyone should buy this camera!!! LIFE CHANGING!!! Everyone should buy this camera!!!,fake,5
I CAN'T BELIEVE HOW AMAZING THIS HEADPHONES IS!!! MUST BUY!!!,fake,5
LIFE CHANGING!!! Everyone should buy this laptop!!!,fake,5
HEADPHONES IS BEST PRODUCT EVER!!! DON'T MISS OUT!!!,fake,3
CAMERA IS LIFE CHANGING!!! DON'T MISS OUT!!!,fake,3
"THIS WATCH IS OKAY, IT POOR QUALITY. THIS WATCH IS OKAY, IT POOR QUALITY.",genuine,3
visit this link to get this product now!!!,fake,3
EARN MONEY FAST!!! LIMITED TIME OFFER!!!,fake,3
This phone is MUST BUY!!!,fake,3
THE PHONE SATISFIED WITH THE PURCHASE.,genuine,3
"After using this watch, I feel it works well.",genuine,3
"After using this watch, I feel it stopped working.",genuine,3
limited offer and win exciting prizes!!!,fake,3
"After using this watch, I feel it not worth it.!!!",genuine,3
"AFTER USING THIS WATCH, I FEEL IT WORKS WELL. AFTER USING THIS WATCH, I FEEL IT WORKS WELL.",genuine,3
I bought this camera recently and it disappointed.,genuine,3
limited offer to get this product now!!!,fake,3
This headphones is TOP QUALITY GUARANTEED!!! This headphones is TOP QUALITY GUARANTEED!!!,fake,3
BUY NOW BEFORE IT'S GONE!!! LIMITED TIME OFFER!!!,fake,3
earn money fast to get this product now!!!!!!,fake,3
LIFE CHANGING!!! Everyone should buy this laptop!!! LIFE CHANGING!!! Everyone should buy this laptop!!!,fake,3
THE CAMERA DISAPPOINTED.!!!,genuine,3
This watch is MUST BUY!!!,fake,3
I can't believe how amazing this phone is!!! TOP QUALITY GUARANTEED!!! I can't believe how amazing this phone is!!! TOP QUALITY GUARANTEED!!!,fake,3
WATCH IS MUST BUY!!! DON'T MISS OUT!!!,fake,3
LIFE CHANGING!!! Everyone should buy this headphones!!!,fake,3
The camera satisfied with the purchase. The camera satisfied with the purchase.!!!,genuine,3
earn money fast for huge discounts!!!,fake,3
limited offer to get this product now!!!,fake,3
"This camera is okay, it good quality. This camera is okay, it good quality.",genuine,3
I bought this headphones recently and it poor quality.,genuine,3
visit this link to get this product now!!!,fake,3
VISIT THIS LINK!!! LIMITED TIME OFFER!!! VISIT THIS LINK!!! LIMITED TIME OFFER!!!,fake,3
"AFTER USING THIS WATCH, I FEEL IT DISAPPOINTED.",genuine,3
CAMERA IS MUST BUY!!! DON'T MISS OUT!!!,fake,3
visit this link and win exciting prizes!!!!!!,fake,3
"This watch is okay, it not great.",genuine,3
BUY NOW BEFORE IT'S GONE!!! LIMITED TIME OFFER!!!,fake,3
This headphones is BEST PRODUCT EVER!!! This headphones is BEST PRODUCT EVER!!!!!!,fake,3
This phone is BEST PRODUCT EVER!!!!!!,fake,3
HEADPHONES IS MUST BUY!!! DON'T MISS OUT!!!,fake,3
I can't believe how amazing this phone is!!! UNBELIEVABLE!!!!!!,fake,3
This headphones is TOP QUALITY GUARANTEED!!!,fake,3
PHONE IS LIFE CHANGING!!! DON'T MISS OUT!!!,fake,3
I bought this laptop recently and it works well. I bought this laptop recently and it works well.,genuine,3
This watch is TOP QUALITY GUARANTEED!!! This watch is TOP QUALITY GUARANTEED!!!,fake,3
UNBELIEVABLE!!! EVERYONE SHOULD BUY THIS PHONE!!! UNBELIEVABLE!!! EVERYONE SHOULD BUY THIS PHONE!!!,fake,3
"This laptop is okay, it does the job. This laptop is okay, it does the job.!!!",genuine,3
buy now before it's gone to get this product now!!! buy now before it's gone to get this product now!!!,fake,3
UNBELIEVABLE!!! Everyone should buy this watch!!! UNBELIEVABLE!!! Everyone should buy this watch!!!!!!,fake,3
UNBELIEVABLE!!! Everyone should buy this phone!!!,fake,3
"This phone is okay, it works well.",genuine,3
"This watch is okay, it stopped working.!!!",genuine,3
I can't believe how amazing this watch is!!! UNBELIEVABLE!!!!!!,fake,3
This watch is BEST PRODUCT EVER!!!,fake,3
LIFE CHANGING!!! EVERYONE SHOULD BUY THIS CAMERA!!!,fake,3
"After using this phone, I feel it not great. After using this phone, I feel it not great.",genuine,3
limited offer for huge discounts!!!,fake,3
BUY NOW BEFORE IT'S GONE!!! LIMITED TIME OFFER!!!,fake,3
"After using this camera, I feel it works well.",genuine,3
I can't believe how amazing this laptop is!!! UNBELIEVABLE!!!,fake,3
I bought this headphones recently and it disappointed.!!!,genuine,3
PHONE IS UNBELIEVABLE!!! DON'T MISS OUT!!!,fake,3
"This headphones is okay, it not great.",genuine,3
The headphones satisfied with the purchase.,genuine,3
"This laptop is okay, it disappointed.",genuine,3
"After using this watch, I feel it stopped working.",genuine,3
The headphones works well.!!!,genuine,3
I can't believe how amazing this camera is!!! MUST BUY!!!,fake,3
visit this link to get this product now!!! visit this link to get this product now!!!,fake,3
The phone works well.!!!,genuine,3
LIMITED OFFER TO GET THIS PRODUCT NOW!!!,fake,3
UNBELIEVABLE!!! EVERYONE SHOULD BUY THIS LAPTOP!!!!!!,fake,3
visit this link to get this product now!!!,fake,3
"This phone is okay, it poor quality.",genuine,3
I can't believe how amazing this laptop is!!! UNBELIEVABLE!!!,fake,3
EARN MONEY FAST!!! LIMITED TIME OFFER!!! EARN MONEY FAST!!! LIMITED TIME OFFER!!!,fake,3
EARN MONEY FAST!!! LIMITED TIME OFFER!!! EARN MONEY FAST!!! LIMITED TIME OFFER!!!,fake,3
I bought this phone recently and it poor quality.,genuine,3
click here now for huge discounts!!! click here now for huge discounts!!!,fake,3
I bought this watch recently and it not worth it.!!!,genuine,3
TOP QUALITY GUARANTEED!!! Everyone should buy this laptop!!!!!!,fake,3
This headphones is BEST PRODUCT EVER!!!,fake,3
This camera is MUST BUY!!!,fake,3
"This camera is okay, it disappointed.",genuine,3
I CAN'T BELIEVE HOW AMAZING THIS HEADPHONES IS!!! BEST PRODUCT EVER!!!,fake,3
I can't believe how amazing this headphones is!!! MUST BUY!!! I can't believe how amazing this headphones is!!! MUST BUY!!!!!!,fake,3
The headphones not great. The headphones not great.!!!,genuine,3
"After using this laptop, I feel it satisfied with the purchase.",genuine,3
WATCH IS MUST BUY!!! DON'T MISS OUT!!!,fake,3
This headphones is BEST PRODUCT EVER!!!,fake,3
PHONE IS MUST BUY!!! DON'T MISS OUT!!! PHONE IS MUST BUY!!! DON'T MISS OUT!!!,fake,3
I CAN'T BELIEVE HOW AMAZING THIS LAPTOP IS!!! MUST BUY!!! I CAN'T BELIEVE HOW AMAZING THIS LAPTOP IS!!! MUST BUY!!!,fake,3
I bought this watch recently and it not great. I bought this watch recently and it not great.,genuine,3
This camera is MUST BUY!!! This camera is MUST BUY!!!!!!,fake,3
"After using this headphones, I feel it satisfied with the purchase. After using this headphones, I feel it satisfied with the purchase.!!!",genuine,3
buy now before it's gone for huge discounts!!!!!!,fake,3
THIS CAMERA IS MUST BUY!!!!!!,fake,3
TOP QUALITY GUARANTEED!!! Everyone should buy this laptop!!!,fake,3
The camera disappointed. The camera disappointed.,genuine,3
"This watch is okay, it satisfied with the purchase. This watch is okay, it satisfied with the purchase.",genuine,3
TOP QUALITY GUARANTEED!!! Everyone should buy this laptop!!!,fake,3
The watch satisfied with the purchase.,genuine,3
THIS HEADPHONES IS LIFE CHANGING!!!!!!,fake,3
UNBELIEVABLE!!! EVERYONE SHOULD BUY THIS WATCH!!!!!!,fake,3
earn money fast and win exciting prizes!!! earn money fast and win exciting prizes!!!,fake,3
I bought this watch recently and it good quality.!!!,genuine,3
I BOUGHT THIS CAMERA RECENTLY AND IT SATISFIED WITH THE PURCHASE. I BOUGHT THIS CAMERA RECENTLY AND IT SATISFIED WITH THE PURCHASE.,genuine,3
I bought this camera recently and it satisfied with the purchase. I bought this camera recently and it satisfied with the purchase.,genuine,3
I can't believe how amazing this phone is!!! MUST BUY!!! I can't believe how amazing this phone is!!! MUST BUY!!!,fake,3
THE WATCH DISAPPOINTED. THE WATCH DISAPPOINTED.!!!,genuine,3
I bought this watch recently and it works well. I bought this watch recently and it works well.,genuine,3
LIMITED OFFER!!! LIMITED TIME OFFER!!! LIMITED OFFER!!! LIMITED TIME OFFER!!!,fake,3
HEADPHONES IS BEST PRODUCT EVER!!! DON'T MISS OUT!!!,fake,3
click here now for huge discounts!!!,fake,3
The camera worth the price. The camera worth the price.!!!,genuine,3
"This watch is okay, it worth the price. This watch is okay, it worth the price.!!!",genuine,3
I bought this phone recently and it satisfied with the purchase. I bought this phone recently and it satisfied with the purchase.,genuine,3
This laptop is TOP QUALITY GUARANTEED!!! This laptop is TOP QUALITY GUARANTEED!!!!!!,fake,3
earn money fast to get this product now!!!,fake,3
"This camera is okay, it does the job.!!!",genuine,3
visit this link for huge discounts!!!,fake,3
This watch is BEST PRODUCT EVER!!!,fake,3
UNBELIEVABLE!!! Everyone should buy this phone!!!,fake,3
earn money fast to get this product now!!!,fake,3
"After using this watch, I feel it not great.",genuine,3
"After using this headphones, I feel it stopped working. After using this headphones, I feel it stopped working.",genuine,3
"After using this headphones, I feel it disappointed.",genuine,3
"This headphones is okay, it does the job.!!!",genuine,3
"This laptop is okay, it not worth it. This laptop is okay, it not worth it.",genuine,3
earn money fast for huge discounts!!!!!!,fake,3
This camera is BEST PRODUCT EVER!!! This camera is BEST PRODUCT EVER!!!!!!,fake,3
EARN MONEY FAST!!! LIMITED TIME OFFER!!!!!!,fake,3
I bought this phone recently and it poor quality.,genuine,3
I can't believe how amazing this camera is!!! MUST BUY!!! I can't believe how amazing this camera is!!! MUST BUY!!!,fake,3
"This headphones is okay, it works well.",genuine,3
earn money fast to get this product now!!!,fake,3
PHONE IS MUST BUY!!! DON'T MISS OUT!!!,fake,3
THIS WATCH IS BEST PRODUCT EVER!!! THIS WATCH IS BEST PRODUCT EVER!!!!!!,fake,3
"This laptop is okay, it satisfied with the purchase. This laptop is okay, it satisfied with the purchase.",genuine,3
click here now to get this product now!!! click here now to get this product now!!!!!!,fake,3
This camera is LIFE CHANGING!!! This camera is LIFE CHANGING!!!,fake,3
"After using this headphones, I feel it not worth it.!!!",genuine,3
I BOUGHT THIS PHONE RECENTLY AND IT DISAPPOINTED.,genuine,3
I bought this camera recently and it not great.,genuine,3
click here now to get this product now!!!,fake,3
This camera is LIFE CHANGING!!! This camera is LIFE CHANGING!!!,fake,3
I can't believe how amazing this camera is!!! LIFE CHANGING!!!!!!,fake,3
"AFTER USING THIS PHONE, I FEEL IT SATISFIED WITH THE PURCHASE.!!!",genuine,3
The watch stopped working.,genuine,3
PHONE IS BEST PRODUCT EVER!!! DON'T MISS OUT!!!,fake,3
limited offer for huge discounts!!!,fake,3
WATCH IS TOP QUALITY GUARANTEED!!! DON'T MISS OUT!!! WATCH IS TOP QUALITY GUARANTEED!!! DON'T MISS OUT!!!!!!,fake,3
UNBELIEVABLE!!! Everyone should buy this headphones!!!!!!,fake,3
click here now for huge discounts!!!,fake,3
This phone is BEST PRODUCT EVER!!!,fake,3
I bought this headphones recently and it stopped working. I bought this headphones recently and it stopped working.,genuine,3
VISIT THIS LINK!!! LIMITED TIME OFFER!!!,fake,3
LAPTOP IS MUST BUY!!! DON'T MISS OUT!!!,fake,3
"AFTER USING THIS LAPTOP, I FEEL IT DOES THE JOB.!!!",genuine,3
I can't believe how amazing this camera is!!! MUST BUY!!!,fake,3
"THIS PHONE IS OKAY, IT GOOD QUALITY.",genuine,3
EARN MONEY FAST!!! LIMITED TIME OFFER!!!,fake,3
limited offer for huge discounts!!! limited offer for huge discounts!!!,fake,3
EARN MONEY FAST!!! LIMITED TIME OFFER!!!,fake,3
THIS PHONE IS TOP QUALITY GUARANTEED!!!,fake,3
"This headphones is okay, it disappointed.",genuine,3
"After using this laptop, I feel it not worth it.",genuine,3
I bought this headphones recently and it not great. I bought this headphones recently and it not great.,genuine,3
"This phone is okay, it stopped working.",genuine,3
EARN MONEY FAST!!! LIMITED TIME OFFER!!!,fake,3
This headphones is MUST BUY!!!!!!,fake,3
This laptop is TOP QUALITY GUARANTEED!!! This laptop is TOP QUALITY GUARANTEED!!!!!!,fake,3
CAMERA IS LIFE CHANGING!!! DON'T MISS OUT!!! CAMERA IS LIFE CHANGING!!! DON'T MISS OUT!!!!!!,fake,3
LIMITED OFFER!!! LIMITED TIME OFFER!!! LIMITED OFFER!!! LIMITED TIME OFFER!!!,fake,3
TOP QUALITY GUARANTEED!!! Everyone should buy this phone!!!,fake,3
This camera is LIFE CHANGING!!!,fake,3
"After using this phone, I feel it worth the price. After using this phone, I feel it worth the price.",genuine,3
HEADPHONES IS TOP QUALITY GUARANTEED!!! DON'T MISS OUT!!! HEADPHONES IS TOP QUALITY GUARANTEED!!! DON'T MISS OUT!!!,fake,3
"After using this headphones, I feel it satisfied with the purchase.!!!",genuine,3
UNBELIEVABLE!!! Everyone should buy this watch!!! UNBELIEVABLE!!! Everyone should buy this watch!!!,fake,3
I can't believe how amazing this phone is!!! LIFE CHANGING!!!,fake,3
I bought this headphones recently and it disappointed.,genuine,3
buy now before it's gone for huge discounts!!! buy now before it's gone for huge discounts!!!,fake,3
"This headphones is okay, it satisfied with the purchase.!!!",genuine,3
"This headphones is okay, it works well.!!!",genuine,3
BEST PRODUCT EVER!!! EVERYONE SHOULD BUY THIS PHONE!!!,fake,3
I BOUGHT THIS PHONE RECENTLY AND IT DISAPPOINTED.,genuine,3
"This camera is okay, it not worth it.",genuine,3
BEST PRODUCT EVER!!! Everyone should buy this phone!!! BEST PRODUCT EVER!!! Everyone should buy this phone!!!!!!,fake,3
LIMITED OFFER!!! LIMITED TIME OFFER!!!!!!,fake,3
I bought this headphones recently and it disappointed.!!!,genuine,3
I can't believe how amazing this watch is!!! UNBELIEVABLE!!!,fake,3
BEST PRODUCT EVER!!! Everyone should buy this phone!!!!!!,fake,3
The watch poor quality.,genuine,3
This phone is UNBELIEVABLE!!! This phone is UNBELIEVABLE!!!,fake,3
I can't believe how amazing this camera is!!! UNBELIEVABLE!!!!!!,fake,3
I bought this camera recently and it stopped working.!!!,genuine,3
LIMITED OFFER TO GET THIS PRODUCT NOW!!!,fake,3
THE CAMERA NOT GREAT.!!!,genuine,3
visit this link and win exciting prizes!!!,fake,3
I bought this laptop recently and it does the job. I bought this laptop recently and it does the job.,genuine,3
I CAN'T BELIEVE HOW AMAZING THIS PHONE IS!!! MUST BUY!!!!!!,fake,3
CAMERA IS BEST PRODUCT EVER!!! DON'T MISS OUT!!! CAMERA IS BEST PRODUCT EVER!!! DON'T MISS OUT!!!!!!,fake,3
THIS HEADPHONES IS BEST PRODUCT EVER!!!,fake,3
click here now to get this product now!!! click here now to get this product now!!!!!!,fake,3
BEST PRODUCT EVER!!! EVERYONE SHOULD BUY THIS CAMERA!!!,fake,3
LIMITED OFFER!!! LIMITED TIME OFFER!!!,fake,3
This headphones is LIFE CHANGING!!! This headphones is LIFE CHANGING!!!,fake,3
I bought this laptop recently and it satisfied with the purchase.,genuine,3
THIS HEADPHONES IS UNBELIEVABLE!!!,fake,3
CLICK HERE NOW TO GET THIS PRODUCT NOW!!! CLICK HERE NOW TO GET THIS PRODUCT NOW!!!,fake,3
EARN MONEY FAST AND WIN EXCITING PRIZES!!! EARN MONEY FAST AND WIN EXCITING PRIZES!!!,fake,3
This headphones is LIFE CHANGING!!!!!!,fake,3
"After using this watch, I feel it stopped working.",genuine,3
I bought this phone recently and it not great.,genuine,3
"This watch is okay, it disappointed. This watch is okay, it disappointed.",genuine,3
"This watch is okay, it not great.!!!",genuine,3
I bought this watch recently and it not worth it. I bought this watch recently and it not worth it.!!!,genuine,3
The phone works well.!!!,genuine,3
HEADPHONES IS BEST PRODUCT EVER!!! DON'T MISS OUT!!!,fake,3
PHONE IS UNBELIEVABLE!!! DON'T MISS OUT!!! PHONE IS UNBELIEVABLE!!! DON'T MISS OUT!!!,fake,3
LIMITED OFFER!!! LIMITED TIME OFFER!!!,fake,3
The phone satisfied with the purchase. The phone satisfied with the purchase.!!!,genuine,3
LAPTOP IS LIFE CHANGING!!! DON'T MISS OUT!!! LAPTOP IS LIFE CHANGING!!! DON'T MISS OUT!!!,fake,3
"AFTER USING THIS WATCH, I FEEL IT WORKS WELL.",genuine,3
This laptop is MUST BUY!!! This laptop is MUST BUY!!!!!!,fake,3
PHONE IS LIFE CHANGING!!! DON'T MISS OUT!!!!!!,fake,3
VISIT THIS LINK AND WIN EXCITING PRIZES!!!,fake,3
I bought this watch recently and it poor quality.!!!,genuine,3
LIMITED OFFER!!! LIMITED TIME OFFER!!!,fake,3
CAMERA IS TOP QUALITY GUARANTEED!!! DON'T MISS OUT!!! CAMERA IS TOP QUALITY GUARANTEED!!! DON'T MISS OUT!!!!!!,fake,3
The laptop poor quality.,genuine,3
"THIS LAPTOP IS OKAY, IT NOT GREAT.",genuine,3
I CAN'T BELIEVE HOW AMAZING THIS CAMERA IS!!! MUST BUY!!!,fake,3
LIFE CHANGING!!! Everyone should buy this camera!!!!!!,fake,3
The headphones good quality.,genuine,3
EARN MONEY FAST!!! LIMITED TIME OFFER!!!,fake,3
WATCH IS MUST BUY!!! DON'T MISS OUT!!!,fake,3
LAPTOP IS LIFE CHANGING!!! DON'T MISS OUT!!!,fake,3
"THIS LAPTOP IS OKAY, IT NOT GREAT. THIS LAPTOP IS OKAY, IT NOT GREAT.",genuine,3
visit this link to get this product now!!!,fake,3
I bought this camera recently and it does the job.,genuine,3
BEST PRODUCT EVER!!! EVERYONE SHOULD BUY THIS CAMERA!!! BEST PRODUCT EVER!!! EVERYONE SHOULD BUY THIS CAMERA!!!,fake,3
This phone is MUST BUY!!!,fake,3
I can't believe how amazing this phone is!!! LIFE CHANGING!!! I can't believe how amazing this phone is!!! LIFE CHANGING!!!,fake,3
"This laptop is okay, it not great.",genuine,3
The watch satisfied with the purchase.!!!,genuine,3
PHONE IS MUST BUY!!! DON'T MISS OUT!!!,fake,3
The headphones poor quality.,genuine,3
This laptop is LIFE CHANGING!!! This laptop is LIFE CHANGING!!!,fake,3
MUST BUY!!! EVERYONE SHOULD BUY THIS LAPTOP!!!,fake,3
The camera satisfied with the purchase.!!!,genuine,3
limited offer and win exciting prizes!!! limited offer and win exciting prizes!!!,fake,3
"This watch is okay, it satisfied with the purchase.",genuine,3
This laptop is BEST PRODUCT EVER!!! This laptop is BEST PRODUCT EVER!!!,fake,3
THE CAMERA POOR QUALITY.,genuine,3
"After using this phone, I feel it satisfied with the purchase.",genuine,3
HEADPHONES IS BEST PRODUCT EVER!!! DON'T MISS OUT!!!,fake,3
This watch is UNBELIEVABLE!!!!!!,fake,3
limited offer and win exciting prizes!!!,fake,3
I can't believe how amazing this phone is!!! UNBELIEVABLE!!!,fake,3
"This phone is okay, it satisfied with the purchase. This phone is okay, it satisfied with the purchase.",genuine,3
This watch is BEST PRODUCT EVER!!! This watch is BEST PRODUCT EVER!!!,fake,3
LAPTOP IS UNBELIEVABLE!!! DON'T MISS OUT!!! LAPTOP IS UNBELIEVABLE!!! DON'T MISS OUT!!!,fake,3
UNBELIEVABLE!!! EVERYONE SHOULD BUY THIS LAPTOP!!! UNBELIEVABLE!!! EVERYONE SHOULD BUY THIS LAPTOP!!!,fake,3
"After using this headphones, I feel it not great.",genuine,3
VISIT THIS LINK!!! LIMITED TIME OFFER!!!,fake,3
"This phone is okay, it worth the price. This phone is okay, it worth the price.",genuine,3
This phone is LIFE CHANGING!!!!!!,fake,3
PHONE IS LIFE CHANGING!!! DON'T MISS OUT!!!,fake,3
"THIS LAPTOP IS OKAY, IT DISAPPOINTED.",genuine,3
UNBELIEVABLE!!! EVERYONE SHOULD BUY THIS HEADPHONES!!!,fake,3
I bought this phone recently and it not great.!!!,genuine,3
This laptop is BEST PRODUCT EVER!!! This laptop is BEST PRODUCT EVER!!!,fake,3
TOP QUALITY GUARANTEED!!! Everyone should buy this laptop!!!,fake,3
The watch worth the price. The watch worth the price.!!!,genuine,3
"After using this headphones, I feel it does the job.!!!",genuine,3
UNBELIEVABLE!!! Everyone should buy this watch!!! UNBELIEVABLE!!! Everyone should buy this watch!!!,fake,3
This camera is MUST BUY!!!,fake,3
THIS WATCH IS LIFE CHANGING!!!,fake,3
"After using this laptop, I feel it disappointed.!!!",genuine,3
The headphones poor quality.,genuine,3
BUY NOW BEFORE IT'S GONE AND WIN EXCITING PRIZES!!!,fake,3
THIS CAMERA IS TOP QUALITY GUARANTEED!!!!!!,fake,3
MUST BUY!!! EVERYONE SHOULD BUY THIS PHONE!!! MUST BUY!!! EVERYONE SHOULD BUY THIS PHONE!!!,fake,3
earn money fast and win exciting prizes!!!,fake,3
This phone is BEST PRODUCT EVER!!!,fake,3
THE PHONE POOR QUALITY.,genuine,3
"AFTER USING THIS CAMERA, I FEEL IT POOR QUALITY.",genuine,3
I bought this headphones recently and it not worth it.!!!,genuine,3
EARN MONEY FAST FOR HUGE DISCOUNTS!!!!!!,fake,3
PHONE IS TOP QUALITY GUARANTEED!!! DON'T MISS OUT!!! PHONE IS TOP QUALITY GUARANTEED!!! DON'T MISS OUT!!!!!!,fake,3
The phone not great. The phone not great.!!!,genuine,3
I BOUGHT THIS HEADPHONES RECENTLY AND IT GOOD QUALITY. I BOUGHT THIS HEADPHONES RECENTLY AND IT GOOD QUALITY.,genuine,3
"This watch is okay, it satisfied with the purchase.",genuine,3
I can't believe how amazing this laptop is!!! TOP QUALITY GUARANTEED!!! I can't believe how amazing this laptop is!!! TOP QUALITY GUARANTEED!!!!!!,fake,3
I can't believe how amazing this laptop is!!! BEST PRODUCT EVER!!!,fake,3
The phone poor quality. The phone poor quality.,genuine,3
The headphones satisfied with the purchase.,genuine,3
visit this link for huge discounts!!! visit this link for huge discounts!!!,fake,3
"AFTER USING THIS WATCH, I FEEL IT NOT GREAT.",genuine,3
BUY NOW BEFORE IT'S GONE AND WIN EXCITING PRIZES!!!,fake,3
CAMERA IS UNBELIEVABLE!!! DON'T MISS OUT!!!,fake,3
"This phone is okay, it disappointed. This phone is okay, it disappointed.!!!",genuine,3
BEST PRODUCT EVER!!! Everyone should buy this watch!!!,fake,3
"AFTER USING THIS CAMERA, I FEEL IT DOES THE JOB. AFTER USING THIS CAMERA, I FEEL IT DOES THE JOB.",genuine,3
I CAN'T BELIEVE HOW AMAZING THIS WATCH IS!!! LIFE CHANGING!!!!!!,fake,3
"After using this headphones, I feel it good quality.!!!",genuine,3
EARN MONEY FAST!!! LIMITED TIME OFFER!!! EARN MONEY FAST!!! LIMITED TIME OFFER!!!,fake,3
THIS WATCH IS BEST PRODUCT EVER!!!,fake,3
I bought this camera recently and it satisfied with the purchase.,genuine,3
"After using this headphones, I feel it satisfied with the purchase.",genuine,3
THE LAPTOP POOR QUALITY.!!!,genuine,3
MUST BUY!!! Everyone should buy this watch!!! MUST BUY!!! Everyone should buy this watch!!!!!!,fake,3
I CAN'T BELIEVE HOW AMAZING THIS PHONE IS!!! LIFE CHANGING!!!,fake,3
PHONE IS LIFE CHANGING!!! DON'T MISS OUT!!!,fake,3
THE CAMERA WORTH THE PRICE. THE CAMERA WORTH THE PRICE.!!!,genuine,3
The watch does the job.!!!,genuine,3
I BOUGHT THIS HEADPHONES RECENTLY AND IT DISAPPOINTED.,genuine,3
This headphones is UNBELIEVABLE!!!,fake,3
This phone is UNBELIEVABLE!!!,fake,3
THIS HEADPHONES IS BEST PRODUCT EVER!!!!!!,fake,3
THE CAMERA STOPPED WORKING. THE CAMERA STOPPED WORKING.,genuine,3
click here now and win exciting prizes!!!,fake,3
click here now to get this product now!!!,fake,3
I bought this camera recently and it disappointed.,genuine,3
LAPTOP IS MUST BUY!!! DON'T MISS OUT!!!!!!,fake,3
UNBELIEVABLE!!! Everyone should buy this headphones!!!,fake,3
LIFE CHANGING!!! Everyone should buy this phone!!!,fake,3
LAPTOP IS BEST PRODUCT EVER!!! DON'T MISS OUT!!! LAPTOP IS BEST PRODUCT EVER!!! DON'T MISS OUT!!!,fake,3
The laptop poor quality. The laptop poor quality.,genuine,3
visit this link and win exciting prizes!!! visit this link and win exciting prizes!!!,fake,3
This laptop is BEST PRODUCT EVER!!! This laptop is BEST PRODUCT EVER!!!,fake,3
I can't believe how amazing this phone is!!! UNBELIEVABLE!!! I can't believe how amazing this phone is!!! UNBELIEVABLE!!!!!!,fake,3
"This laptop is okay, it works well.!!!",genuine,3
PHONE IS MUST BUY!!! DON'T MISS OUT!!!,fake,3
"After using this camera, I feel it not great.",genuine,3
"AFTER USING THIS PHONE, I FEEL IT GOOD QUALITY.",genuine,3
visit this link and win exciting prizes!!!,fake,3
"After using this watch, I feel it works well.!!!",genuine,3
I bought this camera recently and it stopped working.,genuine,3
PHONE IS LIFE CHANGING!!! DON'T MISS OUT!!! PHONE IS LIFE CHANGING!!! DON'T MISS OUT!!!!!!,fake,3
LIMITED OFFER!!! LIMITED TIME OFFER!!!!!!,fake,3
"After using this headphones, I feel it satisfied with the purchase.",genuine,3
This watch is LIFE CHANGING!!! This watch is LIFE CHANGING!!!,fake,3
"After using this phone, I feel it works well.",genuine,3
I bought this watch recently and it stopped working.,genuine,3
"This laptop is okay, it not worth it. This laptop is okay, it not worth it.",genuine,3
WATCH IS MUST BUY!!! DON'T MISS OUT!!! WATCH IS MUST BUY!!! DON'T MISS OUT!!!,fake,3
WATCH IS BEST PRODUCT EVER!!! DON'T MISS OUT!!! WATCH IS BEST PRODUCT EVER!!! DON'T MISS OUT!!!,fake,3
This camera is MUST BUY!!!,fake,3
visit this link for huge discounts!!!!!!,fake,3
The camera good quality. The camera good quality.,genuine,3
I can't believe how amazing this camera is!!! LIFE CHANGING!!! I can't believe how amazing this camera is!!! LIFE CHANGING!!!,fake,3
This laptop is BEST PRODUCT EVER!!!,fake,3
THE WATCH WORTH THE PRICE. THE WATCH WORTH THE PRICE.,genuine,3
WATCH IS BEST PRODUCT EVER!!! DON'T MISS OUT!!!,fake,3
VISIT THIS LINK!!! LIMITED TIME OFFER!!! VISIT THIS LINK!!! LIMITED TIME OFFER!!!!!!,fake,3
VISIT THIS LINK!!! LIMITED TIME OFFER!!!!!!,fake,3
The phone stopped working. The phone stopped working.,genuine,3
"After using this headphones, I feel it does the job.",genuine,3
BEST PRODUCT EVER!!! Everyone should buy this headphones!!!,fake,3
MUST BUY!!! Everyone should buy this phone!!!,fake,3
The headphones poor quality.,genuine,3
visit this link and win exciting prizes!!!,fake,3
"After using this headphones, I feel it worth the price.!!!",genuine,3
This laptop is TOP QUALITY GUARANTEED!!!,fake,3
This camera is TOP QUALITY GUARANTEED!!!,fake,3
CLICK HERE NOW!!! LIMITED TIME OFFER!!!,fake,3
I bought this watch recently and it disappointed.,genuine,3
buy now before it's gone to get this product now!!!,fake,3
This laptop is BEST PRODUCT EVER!!!,fake,3
I BOUGHT THIS CAMERA RECENTLY AND IT GOOD QUALITY. I BOUGHT THIS CAMERA RECENTLY AND IT GOOD QUALITY.,genuine,3
CAMERA IS UNBELIEVABLE!!! DON'T MISS OUT!!! CAMERA IS UNBELIEVABLE!!! DON'T MISS OUT!!!!!!,fake,3
This watch is UNBELIEVABLE!!!,fake,3
This laptop is TOP QUALITY GUARANTEED!!! This laptop is TOP QUALITY GUARANTEED!!!,fake,3
LAPTOP IS BEST PRODUCT EVER!!! DON'T MISS OUT!!! LAPTOP IS BEST PRODUCT EVER!!! DON'T MISS OUT!!!,fake,3
limited offer and win exciting prizes!!! limited offer and win exciting prizes!!!,fake,3
I can't believe how amazing this watch is!!! BEST PRODUCT EVER!!!!!!,fake,3
I can't believe how amazing this laptop is!!! MUST BUY!!!,fake,3
"This laptop is okay, it worth the price. This laptop is okay, it worth the price.!!!",genuine,3
I bought this camera recently and it does the job.,genuine,3
limited offer and win exciting prizes!!!,fake,3
I bought this phone recently and it not worth it.,genuine,3
I bought this headphones recently and it does the job. I bought this headphones recently and it does the job.,genuine,3
click here now to get this product now!!! click here now to get this product now!!!!!!,fake,3
The camera poor quality. The camera poor quality.!!!,genuine,3
This watch is MUST BUY!!!!!!,fake,3
"THIS WATCH IS OKAY, IT POOR QUALITY. THIS WATCH IS OKAY, IT POOR QUALITY.",genuine,3
LIMITED OFFER TO GET THIS PRODUCT NOW!!!,fake,3
click here now for huge discounts!!! click here now for huge discounts!!!,fake,3
"This headphones is okay, it stopped working. This headphones is okay, it stopped working.",genuine,3
"After using this watch, I feel it worth the price. After using this watch, I feel it worth the price.",genuine,3
"This headphones is okay, it good quality.",genuine,3
THE LAPTOP SATISFIED WITH THE PURCHASE.,genuine,3
UNBELIEVABLE!!! Everyone should buy this laptop!!!!!!,fake,3
"After using this laptop, I feel it good quality.",genuine,3
I bought this headphones recently and it works well.!!!,genuine,3
I can't believe how amazing this laptop is!!! LIFE CHANGING!!! I can't believe how amazing this laptop is!!! LIFE CHANGING!!!!!!,fake,3
"AFTER USING THIS WATCH, I FEEL IT WORTH THE PRICE.",genuine,3
MUST BUY!!! Everyone should buy this camera!!!,fake,3
UNBELIEVABLE!!! Everyone should buy this headphones!!!!!!,fake,3
I bought this laptop recently and it good quality.!!!,genuine,3
I bought this phone recently and it worth the price.,genuine,3
LIMITED OFFER!!! LIMITED TIME OFFER!!! LIMITED OFFER!!! LIMITED TIME OFFER!!!,fake,3
PHONE IS TOP QUALITY GUARANTEED!!! DON'T MISS OUT!!!!!!,fake,3
buy now before it's gone to get this product now!!! buy now before it's gone to get this product now!!!,fake,3
CAMERA IS TOP QUALITY GUARANTEED!!! DON'T MISS OUT!!!,fake,3
BEST PRODUCT EVER!!! Everyone should buy this laptop!!!,fake,3
I bought this laptop recently and it not worth it.!!!,genuine,3
"This laptop is okay, it stopped working.",genuine,3
The headphones poor quality.!!!,genuine,3
I can't believe how amazing this laptop is!!! UNBELIEVABLE!!!,fake,3
CAMERA IS MUST BUY!!! DON'T MISS OUT!!! CAMERA IS MUST BUY!!! DON'T MISS OUT!!!,fake,3
earn money fast and win exciting prizes!!!!!!,fake,3
LAPTOP IS BEST PRODUCT EVER!!! DON'T MISS OUT!!! LAPTOP IS BEST PRODUCT EVER!!! DON'T MISS OUT!!!!!!,fake,3
CLICK HERE NOW!!! LIMITED TIME OFFER!!! CLICK HERE NOW!!! LIMITED TIME OFFER!!!,fake,3
The phone not worth it. The phone not worth it.,genuine,3
"After using this camera, I feel it disappointed.",genuine,3
BEST PRODUCT EVER!!! Everyone should buy this camera!!!,fake,3
HEADPHONES IS BEST PRODUCT EVER!!! DON'T MISS OUT!!! HEADPHONES IS BEST PRODUCT EVER!!! DON'T MISS OUT!!!!!!,fake,3
I CAN'T BELIEVE HOW AMAZING THIS PHONE IS!!! TOP QUALITY GUARANTEED!!! I CAN'T BELIEVE HOW AMAZING THIS PHONE IS!!! TOP QUALITY GUARANTEED!!!,fake,3
LIFE CHANGING!!! Everyone should buy this camera!!! LIFE CHANGING!!! Everyone should buy this camera!!!,fake,3
"This camera is okay, it poor quality.",genuine,3
I can't believe how amazing this headphones is!!! BEST PRODUCT EVER!!!,fake,3
"This watch is okay, it poor quality.",genuine,3
WATCH IS TOP QUALITY GUARANTEED!!! DON'T MISS OUT!!!!!!,fake,3
THE CAMERA WORKS WELL.!!!,genuine,3
"This camera is okay, it poor quality.",genuine,3
"After using this camera, I feel it works well. After using this camera, I feel it works well.",genuine,3
THE LAPTOP DOES THE JOB.!!!,genuine,3
visit this link to get this product now!!! visit this link to get this product now!!!,fake,3
The phone works well. The phone works well.,genuine,3
UNBELIEVABLE!!! Everyone should buy this headphones!!! UNBELIEVABLE!!! Everyone should buy this headphones!!!!!!,fake,3
"This camera is okay, it not great.",genuine,3
VISIT THIS LINK!!! LIMITED TIME OFFER!!!!!!,fake,3
HEADPHONES IS BEST PRODUCT EVER!!! DON'T MISS OUT!!!!!!,fake,3
buy now before it's gone for huge discounts!!!,fake,3
The watch poor quality.,genuine,3
"This headphones is okay, it works well. This headphones is okay, it works well.",genuine,3
"This phone is okay, it not great.!!!",genuine,3
I bought this camera recently and it disappointed. I bought this camera recently and it disappointed.,genuine,3
I CAN'T BELIEVE HOW AMAZING THIS WATCH IS!!! LIFE CHANGING!!!!!!,fake,3
I can't believe how amazing this headphones is!!! BEST PRODUCT EVER!!!,fake,3
"This headphones is okay, it stopped working.!!!",genuine,3
"This watch is okay, it not worth it.",genuine,3
The phone not great. The phone not great.!!!,genuine,3
HEADPHONES IS BEST PRODUCT EVER!!! DON'T MISS OUT!!!!!!,fake,3
CLICK HERE NOW!!! LIMITED TIME OFFER!!! CLICK HERE NOW!!! LIMITED TIME OFFER!!!,fake,3
I can't believe how amazing this camera is!!! TOP QUALITY GUARANTEED!!!,fake,3
This camera is BEST PRODUCT EVER!!!!!!,fake,3
BEST PRODUCT EVER!!! Everyone should buy this headphones!!!,fake,3
The camera not worth it.,genuine,3
PHONE IS LIFE CHANGING!!! DON'T MISS OUT!!! PHONE IS LIFE CHANGING!!! DON'T MISS OUT!!!,fake,3
BEST PRODUCT EVER!!! Everyone should buy this headphones!!!!!!,fake,3
"After using this headphones, I feel it does the job. After using this headphones, I feel it does the job.!!!",genuine,3
click here now to get this product now!!!!!!,fake,3
This watch is LIFE CHANGING!!!!!!,fake,3
I bought this watch recently and it disappointed.,genuine,3
"This camera is okay, it works well.!!!",genuine,3
The phone works well.,genuine,3
PHONE IS MUST BUY!!! DON'T MISS OUT!!!!!!,fake,3
buy now before it's gone for huge discounts!!!!!!,fake,3
click here now and win exciting prizes!!!,fake,3
buy now before it's gone and win exciting prizes!!!!!!,fake,3
This camera is BEST PRODUCT EVER!!!,fake,3
"After using this laptop, I feel it works well.",genuine,3
"After using this watch, I feel it works well.",genuine,3
The laptop works well.,genuine,3
earn money fast and win exciting prizes!!! earn money fast and win exciting prizes!!!,fake,3
I CAN'T BELIEVE HOW AMAZING THIS LAPTOP IS!!! UNBELIEVABLE!!! I CAN'T BELIEVE HOW AMAZING THIS LAPTOP IS!!! UNBELIEVABLE!!!!!!,fake,3
click here now for huge discounts!!!,fake,3
visit this link and win exciting prizes!!!,fake,3
TOP QUALITY GUARANTEED!!! EVERYONE SHOULD BUY THIS WATCH!!!,fake,3
WATCH IS MUST BUY!!! DON'T MISS OUT!!!,fake,3
EARN MONEY FAST AND WIN EXCITING PRIZES!!!!!!,fake,3
LAPTOP IS UNBELIEVABLE!!! DON'T MISS OUT!!!,fake,3
WATCH IS MUST BUY!!! DON'T MISS OUT!!!!!!,fake,3
CAMERA IS UNBELIEVABLE!!! DON'T MISS OUT!!! CAMERA IS UNBELIEVABLE!!! DON'T MISS OUT!!!,fake,3
earn money fast and win exciting prizes!!!,fake,3
"This laptop is okay, it works well.",genuine,3
"This headphones is okay, it not worth it.",genuine,3
visit this link for huge discounts!!!,fake,3
BUY NOW BEFORE IT'S GONE!!! LIMITED TIME OFFER!!!,fake,3
I CAN'T BELIEVE HOW AMAZING THIS HEADPHONES IS!!! BEST PRODUCT EVER!!!!!!,fake,3
THIS PHONE IS LIFE CHANGING!!!,fake,3
LIFE CHANGING!!! Everyone should buy this camera!!!,fake,3
PHONE IS TOP QUALITY GUARANTEED!!! DON'T MISS OUT!!!,fake,3
I bought this laptop recently and it poor quality.,genuine,3
"After using this laptop, I feel it works well.",genuine,3
click here now to get this product now!!!,fake,3
I can't believe how amazing this phone is!!! LIFE CHANGING!!!!!!,fake,3
"AFTER USING THIS WATCH, I FEEL IT NOT GREAT.",genuine,3
TOP QUALITY GUARANTEED!!! Everyone should buy this laptop!!!,fake,3
"This laptop is okay, it good quality. This laptop is okay, it good quality.!!!",genuine,3
THIS HEADPHONES IS UNBELIEVABLE!!!,fake,3
LIFE CHANGING!!! EVERYONE SHOULD BUY THIS HEADPHONES!!!,fake,3
"THIS HEADPHONES IS OKAY, IT GOOD QUALITY.!!!",genuine,3
I bought this camera recently and it satisfied with the purchase.!!!,genuine,3
"This laptop is okay, it satisfied with the purchase.",genuine,3
I bought this phone recently and it poor quality. I bought this phone recently and it poor quality.,genuine,3
BEST PRODUCT EVER!!! Everyone should buy this phone!!! BEST PRODUCT EVER!!! Everyone should buy this phone!!!,fake,3
"AFTER USING THIS LAPTOP, I FEEL IT DOES THE JOB. AFTER USING THIS LAPTOP, I FEEL IT DOES THE JOB.",genuine,3
BUY NOW BEFORE IT'S GONE!!! LIMITED TIME OFFER!!!!!!,fake,3
I bought this watch recently and it worth the price. I bought this watch recently and it worth the price.,genuine,3
WATCH IS LIFE CHANGING!!! DON'T MISS OUT!!! WATCH IS LIFE CHANGING!!! DON'T MISS OUT!!!,fake,3
The camera does the job.,genuine,3
CLICK HERE NOW TO GET THIS PRODUCT NOW!!!!!!,fake,3
The headphones not great.,genuine,3
MUST BUY!!! Everyone should buy this phone!!!,fake,3
The laptop does the job.!!!,genuine,3
This camera is MUST BUY!!! This camera is MUST BUY!!!!!!,fake,3
visit this link to get this product now!!!,fake,3
"AFTER USING THIS LAPTOP, I FEEL IT SATISFIED WITH THE PURCHASE.",genuine,3
limited offer to get this product now!!! limited offer to get this product now!!!!!!,fake,3
MUST BUY!!! Everyone should buy this camera!!!,fake,3
UNBELIEVABLE!!! Everyone should buy this laptop!!!,fake,3
"After using this headphones, I feel it worth the price. After using this headphones, I feel it worth the price.",genuine,3
"AFTER USING THIS HEADPHONES, I FEEL IT STOPPED WORKING. AFTER USING THIS HEADPHONES, I FEEL IT STOPPED WORKING.!!!",genuine,3
"THIS LAPTOP IS OKAY, IT WORKS WELL. THIS LAPTOP IS OKAY, IT WORKS WELL.",genuine,3
LIMITED OFFER!!! LIMITED TIME OFFER!!!!!!,fake,3
The laptop does the job.,genuine,3
visit this link to get this product now!!! visit this link to get this product now!!!,fake,3
"After using this camera, I feel it not worth it.!!!",genuine,3
EARN MONEY FAST AND WIN EXCITING PRIZES!!!,fake,3
"After using this laptop, I feel it not great.",genuine,3
I bought this headphones recently and it disappointed.,genuine,3
limited offer to get this product now!!!!!!,fake,3
This camera is LIFE CHANGING!!! This camera is LIFE CHANGING!!!!!!,fake,3
The camera not worth it.,genuine,3
I bought this phone recently and it not worth it.!!!,genuine,3
CAMERA IS TOP QUALITY GUARANTEED!!! DON'T MISS OUT!!!!!!,fake,3
click here now to get this product now!!!!!!,fake,3
I bought this camera recently and it worth the price. I bought this camera recently and it worth the price.,genuine,3
LIFE CHANGING!!! Everyone should buy this watch!!!!!!,fake,3
BUY NOW BEFORE IT'S GONE FOR HUGE DISCOUNTS!!!,fake,3
LIFE CHANGING!!! EVERYONE SHOULD BUY THIS LAPTOP!!!,fake,3
"This laptop is okay, it not worth it.",genuine,3
The laptop disappointed. The laptop disappointed.,genuine,3
THIS LAPTOP IS MUST BUY!!! THIS LAPTOP IS MUST BUY!!!,fake,3
"THIS CAMERA IS OKAY, IT POOR QUALITY. THIS CAMERA IS OKAY, IT POOR QUALITY.",genuine,3
I bought this headphones recently and it satisfied with the purchase.,genuine,3
I BOUGHT THIS WATCH RECENTLY AND IT WORKS WELL.,genuine,3
buy now before it's gone and win exciting prizes!!!,fake,3
"After using this headphones, I feel it does the job. After using this headphones, I feel it does the job.",genuine,3
PHONE IS UNBELIEVABLE!!! DON'T MISS OUT!!!,fake,3
"AFTER USING THIS CAMERA, I FEEL IT NOT GREAT.!!!",genuine,3
This laptop is BEST PRODUCT EVER!!! This laptop is BEST PRODUCT EVER!!!!!!,fake,3
I can't believe how amazing this headphones is!!! TOP QUALITY GUARANTEED!!! I can't believe how amazing this headphones is!!! TOP QUALITY GUARANTEED!!!,fake,3
LIMITED OFFER TO GET THIS PRODUCT NOW!!!,fake,3
TOP QUALITY GUARANTEED!!! Everyone should buy this laptop!!!,fake,3
limited offer and win exciting prizes!!!,fake,3
"This headphones is okay, it does the job.",genuine,3
I bought this watch recently and it disappointed.,genuine,3
visit this link to get this product now!!!!!!,fake,3
I bought this camera recently and it disappointed. I bought this camera recently and it disappointed.!!!,genuine,3
THIS CAMERA IS UNBELIEVABLE!!!,fake,3
The watch good quality.,genuine,3
I can't believe how amazing this headphones is!!! TOP QUALITY GUARANTEED!!!,fake,3
I CAN'T BELIEVE HOW AMAZING THIS LAPTOP IS!!! LIFE CHANGING!!!,fake,3
UNBELIEVABLE!!! EVERYONE SHOULD BUY THIS HEADPHONES!!!!!!,fake,3
This headphones is UNBELIEVABLE!!!,fake,3
LAPTOP IS TOP QUALITY GUARANTEED!!! DON'T MISS OUT!!!!!!,fake,3
buy now before it's gone to get this product now!!!!!!,fake,3
LIFE CHANGING!!! Everyone should buy this headphones!!! LIFE CHANGING!!! Everyone should buy this headphones!!!,fake,3
"THIS LAPTOP IS OKAY, IT DISAPPOINTED.",genuine,3
BEST PRODUCT EVER!!! Everyone should buy this headphones!!!,fake,3
earn money fast for huge discounts!!!!!!,fake,3
"After using this camera, I feel it works well.",genuine,3
"After using this laptop, I feel it disappointed.",genuine,3
earn money fast to get this product now!!!!!!,fake,3
"After using this laptop, I feel it works well.",genuine,3
THE HEADPHONES WORTH THE PRICE.,genuine,3
THE CAMERA POOR QUALITY.,genuine,3
earn money fast and win exciting prizes!!!,fake,3
"After using this phone, I feel it stopped working.",genuine,3
This laptop is BEST PRODUCT EVER!!! This laptop is BEST PRODUCT EVER!!!,fake,3
I can't believe how amazing this camera is!!! UNBELIEVABLE!!!,fake,3
"After using this laptop, I feel it stopped working.!!!",genuine,3
BEST PRODUCT EVER!!! Everyone should buy this watch!!! BEST PRODUCT EVER!!! Everyone should buy this watch!!!,fake,3
This camera is UNBELIEVABLE!!! This camera is UNBELIEVABLE!!!!!!,fake,3
LAPTOP IS LIFE CHANGING!!! DON'T MISS OUT!!!,fake,3
LIFE CHANGING!!! EVERYONE SHOULD BUY THIS CAMERA!!!,fake,3
I bought this camera recently and it stopped working.,genuine,3
UNBELIEVABLE!!! Everyone should buy this watch!!!!!!,fake,3
I can't believe how amazing this phone is!!! LIFE CHANGING!!!,fake,3
click here now and win exciting prizes!!!,fake,3
I bought this laptop recently and it satisfied with the purchase.,genuine,3
BUY NOW BEFORE IT'S GONE!!! LIMITED TIME OFFER!!!!!!,fake,3
I bought this laptop recently and it not worth it.,genuine,3
earn money fast to get this product now!!!,fake,3
I bought this headphones recently and it good quality. I bought this headphones recently and it good quality.,genuine,3
This headphones is LIFE CHANGING!!!,fake,3
HEADPHONES IS UNBELIEVABLE!!! DON'T MISS OUT!!!!!!,fake,3
"THIS WATCH IS OKAY, IT DISAPPOINTED.",genuine,3
EARN MONEY FAST TO GET THIS PRODUCT NOW!!!,fake,3
click here now and win exciting prizes!!!,fake,3
The phone not worth it.,genuine,3
"After using this laptop, I feel it not worth it. After using this laptop, I feel it not worth it.",genuine,3
The phone works well. The phone works well.,genuine,3
buy now before it's gone for huge discounts!!!!!!,fake,3
"This watch is okay, it not worth it.!!!",genuine,3
"THIS CAMERA IS OKAY, IT POOR QUALITY.!!!",genuine,3
This laptop is LIFE CHANGING!!! This laptop is LIFE CHANGING!!!,fake,3
UNBELIEVABLE!!! EVERYONE SHOULD BUY THIS HEADPHONES!!!,fake,3
This laptop is TOP QUALITY GUARANTEED!!! This laptop is TOP QUALITY GUARANTEED!!!,fake,3
buy now before it's gone to get this product now!!!!!!,fake,3
limited offer and win exciting prizes!!! limited offer and win exciting prizes!!!,fake,3
This laptop is UNBELIEVABLE!!!,fake,3
LAPTOP IS TOP QUALITY GUARANTEED!!! DON'T MISS OUT!!!,fake,3
LIMITED OFFER!!! LIMITED TIME OFFER!!!,fake,3
THE HEADPHONES DOES THE JOB.,genuine,3
CAMERA IS BEST PRODUCT EVER!!! DON'T MISS OUT!!!,fake,3
MUST BUY!!! EVERYONE SHOULD BUY THIS HEADPHONES!!!,fake,3
I bought this phone recently and it good quality. I bought this phone recently and it good quality.,genuine,3
I can't believe how amazing this phone is!!! UNBELIEVABLE!!!!!!,fake,3
"This headphones is okay, it poor quality.",genuine,3
EARN MONEY FAST!!! LIMITED TIME OFFER!!!,fake,3
I can't believe how amazing this headphones is!!! MUST BUY!!! I can't believe how amazing this headphones is!!! MUST BUY!!!!!!,fake,3
"THIS HEADPHONES IS OKAY, IT WORTH THE PRICE.",genuine,3
PHONE IS BEST PRODUCT EVER!!! DON'T MISS OUT!!! PHONE IS BEST PRODUCT EVER!!! DON'T MISS OUT!!!,fake,3
WATCH IS LIFE CHANGING!!! DON'T MISS OUT!!! WATCH IS LIFE CHANGING!!! DON'T MISS OUT!!!,fake,3
The laptop worth the price.!!!,genuine,3
I can't believe how amazing this phone is!!! UNBELIEVABLE!!!,fake,3
UNBELIEVABLE!!! EVERYONE SHOULD BUY THIS LAPTOP!!!,fake,3
This laptop is LIFE CHANGING!!!!!!,fake,3
CLICK HERE NOW AND WIN EXCITING PRIZES!!! CLICK HERE NOW AND WIN EXCITING PRIZES!!!!!!,fake,3
THE LAPTOP NOT GREAT. THE LAPTOP NOT GREAT.,genuine,3
"This laptop is okay, it worth the price. This laptop is okay, it worth the price.!!!",genuine,3
I can't believe how amazing this headphones is!!! TOP QUALITY GUARANTEED!!!,fake,3
"This phone is okay, it good quality.",genuine,3
"AFTER USING THIS HEADPHONES, I FEEL IT STOPPED WORKING.!!!",genuine,3
"AFTER USING THIS PHONE, I FEEL IT SATISFIED WITH THE PURCHASE.!!!",genuine,3
MUST BUY!!! Everyone should buy this watch!!!!!!,fake,3
The headphones works well. The headphones works well.!!!,genuine,3
"After using this laptop, I feel it stopped working.!!!",genuine,3
VISIT THIS LINK FOR HUGE DISCOUNTS!!!!!!,fake,3
VISIT THIS LINK AND WIN EXCITING PRIZES!!! VISIT THIS LINK AND WIN EXCITING PRIZES!!!,fake,3
"THIS CAMERA IS OKAY, IT WORTH THE PRICE. THIS CAMERA IS OKAY, IT WORTH THE PRICE.",genuine,3
HEADPHONES IS LIFE CHANGING!!! DON'T MISS OUT!!! HEADPHONES IS LIFE CHANGING!!! DON'T MISS OUT!!!,fake,3
I bought this watch recently and it not great.,genuine,3
BUY NOW BEFORE IT'S GONE AND WIN EXCITING PRIZES!!!,fake,3
I bought this laptop recently and it does the job.!!!,genuine,3
"This headphones is okay, it disappointed.!!!",genuine,3
This watch is MUST BUY!!! This watch is MUST BUY!!!,fake,3
THIS LAPTOP IS TOP QUALITY GUARANTEED!!! THIS LAPTOP IS TOP QUALITY GUARANTEED!!!!!!,fake,3
"This headphones is okay, it poor quality.!!!",genuine,3
BEST PRODUCT EVER!!! Everyone should buy this camera!!!,fake,3
"This phone is okay, it good quality.",genuine,3
"This watch is okay, it works well. This watch is okay, it works well.",genuine,3
The watch poor quality.!!!,genuine,3
earn money fast for huge discounts!!!,fake,3
HEADPHONES IS MUST BUY!!! DON'T MISS OUT!!! HEADPHONES IS MUST BUY!!! DON'T MISS OUT!!!,fake,3
click here now and win exciting prizes!!!,fake,3
BEST PRODUCT EVER!!! Everyone should buy this laptop!!!,fake,3
The headphones works well.,genuine,3
click here now for huge discounts!!! click here now for huge discounts!!!,fake,3
BEST PRODUCT EVER!!! Everyone should buy this laptop!!! BEST PRODUCT EVER!!! Everyone should buy this laptop!!!,fake,3
visit this link for huge discounts!!!,fake,3
I can't believe how amazing this camera is!!! MUST BUY!!! I can't believe how amazing this camera is!!! MUST BUY!!!!!!,fake,3
"After using this phone, I feel it good quality.",genuine,3
The headphones does the job. The headphones does the job.,genuine,3
I BOUGHT THIS LAPTOP RECENTLY AND IT STOPPED WORKING.,genuine,3
MUST BUY!!! Everyone should buy this camera!!!,fake,3
LIMITED OFFER!!! LIMITED TIME OFFER!!!!!!,fake,3
LIMITED OFFER!!! LIMITED TIME OFFER!!!,fake,3
I CAN'T BELIEVE HOW AMAZING THIS WATCH IS!!! UNBELIEVABLE!!! I CAN'T BELIEVE HOW AMAZING THIS WATCH IS!!! UNBELIEVABLE!!!,fake,3
This laptop is MUST BUY!!! This laptop is MUST BUY!!!,fake,3
CAMERA IS TOP QUALITY GUARANTEED!!! DON'T MISS OUT!!!,fake,3
I can't believe how amazing this phone is!!! MUST BUY!!!,fake,3
I can't believe how amazing this laptop is!!! BEST PRODUCT EVER!!!!!!,fake,3
"THIS LAPTOP IS OKAY, IT NOT GREAT. THIS LAPTOP IS OKAY, IT NOT GREAT.",genuine,3
"After using this watch, I feel it satisfied with the purchase. After using this watch, I feel it satisfied with the purchase.!!!",genuine,3
The headphones not worth it. The headphones not worth it.,genuine,3
I can't believe how amazing this headphones is!!! MUST BUY!!!,fake,3
The laptop stopped working. The laptop stopped working.!!!,genuine,3
LAPTOP IS UNBELIEVABLE!!! DON'T MISS OUT!!!,fake,3
EARN MONEY FAST FOR HUGE DISCOUNTS!!!,fake,3
I can't believe how amazing this phone is!!! TOP QUALITY GUARANTEED!!! I can't believe how amazing this phone is!!! TOP QUALITY GUARANTEED!!!!!!,fake,3
WATCH IS LIFE CHANGING!!! DON'T MISS OUT!!!,fake,3
LAPTOP IS TOP QUALITY GUARANTEED!!! DON'T MISS OUT!!! LAPTOP IS TOP QUALITY GUARANTEED!!! DON'T MISS OUT!!!,fake,3
This laptop is UNBELIEVABLE!!!,fake,3
I bought this watch recently and it stopped working.,genuine,3
MUST BUY!!! Everyone should buy this headphones!!! MUST BUY!!! Everyone should buy this headphones!!!,fake,3
I bought this phone recently and it poor quality.,genuine,3
This phone is UNBELIEVABLE!!! This phone is UNBELIEVABLE!!!,fake,3
UNBELIEVABLE!!! Everyone should buy this watch!!!,fake,3
The laptop worth the price.,genuine,3
buy now before it's gone to get this product now!!! buy now before it's gone to get this product now!!!,fake,3
This headphones is TOP QUALITY GUARANTEED!!!!!!,fake,3
click here now to get this product now!!! click here now to get this product now!!!,fake,3
"After using this phone, I feel it not great. After using this phone, I feel it not great.",genuine,3
I can't believe how amazing this camera is!!! BEST PRODUCT EVER!!!!!!,fake,3
I BOUGHT THIS PHONE RECENTLY AND IT NOT GREAT.!!!,genuine,3
This phone is LIFE CHANGING!!!,fake,3
This watch is LIFE CHANGING!!! This watch is LIFE CHANGING!!!!!!,fake,3
"AFTER USING THIS HEADPHONES, I FEEL IT WORTH THE PRICE.",genuine,3
HEADPHONES IS TOP QUALITY GUARANTEED!!! DON'T MISS OUT!!!,fake,3
MUST BUY!!! Everyone should buy this phone!!!,fake,3
TOP QUALITY GUARANTEED!!! Everyone should buy this headphones!!!,fake,3
THE CAMERA WORKS WELL.!!!,genuine,3
I CAN'T BELIEVE HOW AMAZING THIS HEADPHONES IS!!! LIFE CHANGING!!!!!!,fake,3
This watch is BEST PRODUCT EVER!!!!!!,fake,3
TOP QUALITY GUARANTEED!!! Everyone should buy this headphones!!! TOP QUALITY GUARANTEED!!! Everyone should buy this headphones!!!!!!,fake,3
BUY NOW BEFORE IT'S GONE!!! LIMITED TIME OFFER!!!,fake,3
I can't believe how amazing this phone is!!! TOP QUALITY GUARANTEED!!!!!!,fake,3
This phone is MUST BUY!!!,fake,3
visit this link to get this product now!!!,fake,3
I can't believe how amazing this camera is!!! MUST BUY!!! I can't believe how amazing this camera is!!! MUST BUY!!!,fake,3
"AFTER USING THIS PHONE, I FEEL IT GOOD QUALITY.",genuine,3
I bought this headphones recently and it not worth it.!!!,genuine,3
UNBELIEVABLE!!! Everyone should buy this phone!!! UNBELIEVABLE!!! Everyone should buy this phone!!!,fake,3
"This phone is okay, it does the job.",genuine,3
"This phone is okay, it worth the price.",genuine,3
MUST BUY!!! Everyone should buy this laptop!!!,fake,3
This laptop is BEST PRODUCT EVER!!! This laptop is BEST PRODUCT EVER!!!,fake,3
I bought this camera recently and it satisfied with the purchase.,genuine,3
CAMERA IS UNBELIEVABLE!!! DON'T MISS OUT!!!,fake,3
I can't believe how amazing this camera is!!! MUST BUY!!!!!!,fake,3
This headphones is LIFE CHANGING!!!!!!,fake,3
LIMITED OFFER!!! LIMITED TIME OFFER!!!,fake,3
visit this link to get this product now!!!,fake,3
LIFE CHANGING!!! Everyone should buy this watch!!! LIFE CHANGING!!! Everyone should buy this watch!!!,fake,3
earn money fast and win exciting prizes!!!!!!,fake,3
I bought this camera recently and it good quality. I bought this camera recently and it good quality.!!!,genuine,3
"This camera is okay, it satisfied with the purchase.",genuine,3
buy now before it's gone to get this product now!!!!!!,fake,3
UNBELIEVABLE!!! EVERYONE SHOULD BUY THIS PHONE!!!,fake,3
WATCH IS BEST PRODUCT EVER!!! DON'T MISS OUT!!!,fake,3
LAPTOP IS BEST PRODUCT EVER!!! DON'T MISS OUT!!! LAPTOP IS BEST PRODUCT EVER!!! DON'T MISS OUT!!!,fake,3
CLICK HERE NOW!!! LIMITED TIME OFFER!!!,fake,3
WATCH IS MUST BUY!!! DON'T MISS OUT!!! WATCH IS MUST BUY!!! DON'T MISS OUT!!!,fake,3
"After using this camera, I feel it disappointed.",genuine,3
"After using this watch, I feel it satisfied with the purchase. After using this watch, I feel it satisfied with the purchase.!!!",genuine,3
VISIT THIS LINK!!! LIMITED TIME OFFER!!!,fake,3
THE CAMERA WORTH THE PRICE.!!!,genuine,3
I CAN'T BELIEVE HOW AMAZING THIS CAMERA IS!!! TOP QUALITY GUARANTEED!!! I CAN'T BELIEVE HOW AMAZING THIS CAMERA IS!!! TOP QUALITY GUARANTEED!!!,fake,3
THE LAPTOP POOR QUALITY. THE LAPTOP POOR QUALITY.,genuine,3
I bought this headphones recently and it poor quality. I bought this headphones recently and it poor quality.,genuine,3
This headphones is LIFE CHANGING!!! This headphones is LIFE CHANGING!!!!!!,fake,3
I can't believe how amazing this watch is!!! LIFE CHANGING!!!,fake,3
PHONE IS MUST BUY!!! DON'T MISS OUT!!! PHONE IS MUST BUY!!! DON'T MISS OUT!!!,fake,3
THE HEADPHONES DISAPPOINTED.,genuine,3
This headphones is LIFE CHANGING!!! This headphones is LIFE CHANGING!!!,fake,3
"After using this headphones, I feel it good quality.",genuine,3
"After using this laptop, I feel it not great.!!!",genuine,3
buy now before it's gone and win exciting prizes!!!!!!,fake,3
MUST BUY!!! Everyone should buy this camera!!!,fake,3
I BOUGHT THIS CAMERA RECENTLY AND IT SATISFIED WITH THE PURCHASE. I BOUGHT THIS CAMERA RECENTLY AND IT SATISFIED WITH THE PURCHASE.,genuine,3
This headphones is MUST BUY!!!,fake,3
PHONE IS UNBELIEVABLE!!! DON'T MISS OUT!!! PHONE IS UNBELIEVABLE!!! DON'T MISS OUT!!!,fake,3
earn money fast and win exciting prizes!!!,fake,3
BEST PRODUCT EVER!!! EVERYONE SHOULD BUY THIS CAMERA!!!,fake,3
I BOUGHT THIS WATCH RECENTLY AND IT POOR QUALITY.,genuine,3
PHONE IS MUST BUY!!! DON'T MISS OUT!!! PHONE IS MUST BUY!!! DON'T MISS OUT!!!,fake,3
buy now before it's gone and win exciting prizes!!!,fake,3
"This phone is okay, it good quality.",genuine,3
WATCH IS BEST PRODUCT EVER!!! DON'T MISS OUT!!!!!!,fake,3
THE CAMERA SATISFIED WITH THE PURCHASE.,genuine,3
I bought this phone recently and it good quality.!!!,genuine,3
"After using this camera, I feel it worth the price. After using this camera, I feel it worth the price.!!!",genuine,3
CLICK HERE NOW!!! LIMITED TIME OFFER!!!,fake,3
limited offer for huge discounts!!! limited offer for huge discounts!!!,fake,3
HEADPHONES IS MUST BUY!!! DON'T MISS OUT!!!!!!,fake,3
The watch not great.,genuine,3
The headphones good quality.!!!,genuine,3
PHONE IS BEST PRODUCT EVER!!! DON'T MISS OUT!!!!!!,fake,3
This camera is TOP QUALITY GUARANTEED!!!,fake,3
I bought this headphones recently and it satisfied with the purchase. I bought this headphones recently and it satisfied with the purchase.,genuine,3
I can't believe how amazing this headphones is!!! UNBELIEVABLE!!! I can't believe how amazing this headphones is!!! UNBELIEVABLE!!!!!!,fake,3
The watch satisfied with the purchase.!!!,genuine,3
"After using this phone, I feel it satisfied with the purchase.",genuine,3
"After using this headphones, I feel it worth the price.",genuine,3
I CAN'T BELIEVE HOW AMAZING THIS CAMERA IS!!! LIFE CHANGING!!!,fake,3
I bought this headphones recently and it worth the price.,genuine,3
limited offer and win exciting prizes!!!!!!,fake,3
TOP QUALITY GUARANTEED!!! Everyone should buy this headphones!!! TOP QUALITY GUARANTEED!!! Everyone should buy this headphones!!!!!!,fake,3
THE HEADPHONES NOT GREAT.,genuine,3
WATCH IS UNBELIEVABLE!!! DON'T MISS OUT!!!,fake,3
The watch does the job.,genuine,3
This laptop is UNBELIEVABLE!!!,fake,3
"After using this phone, I feel it stopped working. After using this phone, I feel it stopped working.",genuine,3
HEADPHONES IS LIFE CHANGING!!! DON'T MISS OUT!!! HEADPHONES IS LIFE CHANGING!!! DON'T MISS OUT!!!!!!,fake,3
THIS PHONE IS MUST BUY!!! THIS PHONE IS MUST BUY!!!,fake,3
"AFTER USING THIS HEADPHONES, I FEEL IT SATISFIED WITH THE PURCHASE.",genuine,3
The headphones not great. The headphones not great.,genuine,3
CAMERA IS BEST PRODUCT EVER!!! DON'T MISS OUT!!!,fake,3
"After using this watch, I feel it not great.!!!",genuine,3
LIMITED OFFER!!! LIMITED TIME OFFER!!! LIMITED OFFER!!! LIMITED TIME OFFER!!!,fake,3
I bought this laptop recently and it does the job.!!!,genuine,3
I bought this watch recently and it worth the price.!!!,genuine,3
The camera worth the price.!!!,genuine,3
"This camera is okay, it not worth it.",genuine,3
VISIT THIS LINK!!! LIMITED TIME OFFER!!!,fake,3
MUST BUY!!! EVERYONE SHOULD BUY THIS CAMERA!!!!!!,fake,3
limited offer for huge discounts!!! limited offer for huge discounts!!!,fake,3
VISIT THIS LINK!!! LIMITED TIME OFFER!!! VISIT THIS LINK!!! LIMITED TIME OFFER!!!,fake,3
I BOUGHT THIS WATCH RECENTLY AND IT DISAPPOINTED. I BOUGHT THIS WATCH RECENTLY AND IT DISAPPOINTED.,genuine,3
This camera is LIFE CHANGING!!! This camera is LIFE CHANGING!!!!!!,fake,3
PHONE IS TOP QUALITY GUARANTEED!!! DON'T MISS OUT!!!,fake,3
buy now before it's gone to get this product now!!! buy now before it's gone to get this product now!!!,fake,3
"This laptop is okay, it good quality.!!!",genuine,3
The watch stopped working.,genuine,3
The watch disappointed.,genuine,3
buy now before it's gone to get this product now!!!,fake,3
"After using this watch, I feel it does the job.",genuine,3
I can't believe how amazing this headphones is!!! MUST BUY!!! I can't believe how amazing this headphones is!!! MUST BUY!!!,fake,3
"After using this headphones, I feel it satisfied with the purchase.",genuine,3
BUY NOW BEFORE IT'S GONE!!! LIMITED TIME OFFER!!! BUY NOW BEFORE IT'S GONE!!! LIMITED TIME OFFER!!!,fake,3
TOP QUALITY GUARANTEED!!! Everyone should buy this camera!!!,fake,3
This camera is TOP QUALITY GUARANTEED!!!,fake,3
CLICK HERE NOW AND WIN EXCITING PRIZES!!! CLICK HERE NOW AND WIN EXCITING PRIZES!!!!!!,fake,3
I can't believe how amazing this laptop is!!! LIFE CHANGING!!!,fake,3
WATCH IS BEST PRODUCT EVER!!! DON'T MISS OUT!!!!!!,fake,3
LIMITED OFFER AND WIN EXCITING PRIZES!!!,fake,3
CAMERA IS TOP QUALITY GUARANTEED!!! DON'T MISS OUT!!!,fake,3
HEADPHONES IS BEST PRODUCT EVER!!! DON'T MISS OUT!!!,fake,3
I bought this headphones recently and it not worth it.,genuine,3
I can't believe how amazing this headphones is!!! BEST PRODUCT EVER!!!,fake,3
"This headphones is okay, it stopped working.",genuine,3
"This camera is okay, it works well. This camera is okay, it works well.",genuine,3
I bought this camera recently and it not worth it.,genuine,3
I bought this watch recently and it stopped working.!!!,genuine,3
I can't believe how amazing this watch is!!! BEST PRODUCT EVER!!!,fake,3
TOP QUALITY GUARANTEED!!! EVERYONE SHOULD BUY THIS CAMERA!!! TOP QUALITY GUARANTEED!!! EVERYONE SHOULD BUY THIS CAMERA!!!,fake,3
The laptop stopped working. The laptop stopped working.,genuine,3
This laptop is TOP QUALITY GUARANTEED!!! This laptop is TOP QUALITY GUARANTEED!!!!!!,fake,3
visit this link and win exciting prizes!!!,fake,3
WATCH IS LIFE CHANGING!!! DON'T MISS OUT!!!,fake,3
LIFE CHANGING!!! Everyone should buy this laptop!!!,fake,3
I can't believe how amazing this laptop is!!! BEST PRODUCT EVER!!!,fake,3
VISIT THIS LINK TO GET THIS PRODUCT NOW!!!,fake,3
"After using this phone, I feel it not great.",genuine,3
I BOUGHT THIS WATCH RECENTLY AND IT POOR QUALITY.!!!,genuine,3
TOP QUALITY GUARANTEED!!! Everyone should buy this camera!!! TOP QUALITY GUARANTEED!!! Everyone should buy this camera!!!!!!,fake,3
click here now for huge discounts!!! click here now for huge discounts!!!,fake,3
WATCH IS MUST BUY!!! DON'T MISS OUT!!! WATCH IS MUST BUY!!! DON'T MISS OUT!!!,fake,3
UNBELIEVABLE!!! Everyone should buy this watch!!!!!!,fake,3
LIFE CHANGING!!! Everyone should buy this camera!!!,fake,3
The phone disappointed. The phone disappointed.,genuine,3
This headphones is MUST BUY!!!,fake,3
The phone disappointed.,genuine,3
PHONE IS MUST BUY!!! DON'T MISS OUT!!!,fake,3
"This laptop is okay, it works well.",genuine,3
"After using this laptop, I feel it does the job.!!!",genuine,3
THIS LAPTOP IS TOP QUALITY GUARANTEED!!! THIS LAPTOP IS TOP QUALITY GUARANTEED!!!,fake,3
This camera is LIFE CHANGING!!!!!!,fake,3
The camera not great. The camera not great.,genuine,3
BUY NOW BEFORE IT'S GONE AND WIN EXCITING PRIZES!!!,fake,3
"This camera is okay, it satisfied with the purchase.",genuine,3
LIMITED OFFER TO GET THIS PRODUCT NOW!!!,fake,3
"After using this laptop, I feel it disappointed.",genuine,3
The phone not worth it.!!!,genuine,3
"After using this watch, I feel it disappointed. After using this watch, I feel it disappointed.",genuine,3
I CAN'T BELIEVE HOW AMAZING THIS LAPTOP IS!!! UNBELIEVABLE!!!,fake,3
"This camera is okay, it good quality.",genuine,3
This watch is UNBELIEVABLE!!!,fake,3
I can't believe how amazing this camera is!!! LIFE CHANGING!!!,fake,3
The phone poor quality. The phone poor quality.,genuine,3
"After using this camera, I feel it good quality.!!!",genuine,3
The watch satisfied with the purchase.,genuine,3
earn money fast to get this product now!!!,fake,3
BEST PRODUCT EVER!!! Everyone should buy this watch!!!,fake,3
This headphones is TOP QUALITY GUARANTEED!!!!!!,fake,3
EARN MONEY FAST!!! LIMITED TIME OFFER!!! EARN MONEY FAST!!! LIMITED TIME OFFER!!!,fake,3
I bought this headphones recently and it does the job.!!!,genuine,3
UNBELIEVABLE!!! Everyone should buy this camera!!!,fake,3
This phone is TOP QUALITY GUARANTEED!!!,fake,3
earn money fast to get this product now!!!,fake,3
The laptop not worth it. The laptop not worth it.!!!,genuine,3
WATCH IS BEST PRODUCT EVER!!! DON'T MISS OUT!!!,fake,3
"After using this camera, I feel it does the job. After using this camera, I feel it does the job.",genuine,3
I CAN'T BELIEVE HOW AMAZING THIS PHONE IS!!! BEST PRODUCT EVER!!!,fake,3
click here now to get this product now!!!,fake,3
UNBELIEVABLE!!! Everyone should buy this phone!!!!!!,fake,3
CLICK HERE NOW AND WIN EXCITING PRIZES!!!,fake,3
LIFE CHANGING!!! Everyone should buy this phone!!!,fake,3
I bought this watch recently and it not great.,genuine,3
I bought this camera recently and it poor quality.,genuine,3
I bought this watch recently and it worth the price.!!!,genuine,3
"This camera is okay, it good quality.",genuine,3
limited offer for huge discounts!!!!!!,fake,3
"After using this watch, I feel it stopped working.!!!",genuine,3
"This watch is okay, it worth the price. This watch is okay, it worth the price.",genuine,3
"This phone is okay, it good quality. This phone is okay, it good quality.",genuine,3
I can't believe how amazing this headphones is!!! TOP QUALITY GUARANTEED!!!,fake,3
BEST PRODUCT EVER!!! Everyone should buy this laptop!!!!!!,fake,3
"After using this phone, I feel it not great.",genuine,3
UNBELIEVABLE!!! Everyone should buy this laptop!!!!!!,fake,3
"THIS CAMERA IS OKAY, IT DOES THE JOB. THIS CAMERA IS OKAY, IT DOES THE JOB.",genuine,3
I bought this headphones recently and it not great.,genuine,3
LIFE CHANGING!!! Everyone should buy this phone!!!,fake,3
I bought this headphones recently and it does the job.!!!,genuine,3
"AFTER USING THIS CAMERA, I FEEL IT DOES THE JOB.",genuine,3
"This headphones is okay, it not worth it.!!!",genuine,3
I bought this camera recently and it satisfied with the purchase.,genuine,3
"After using this headphones, I feel it not great.!!!",genuine,3
"This phone is okay, it disappointed.",genuine,3
I can't believe how amazing this phone is!!! TOP QUALITY GUARANTEED!!!,fake,3
This phone is LIFE CHANGING!!!,fake,3
MUST BUY!!! Everyone should buy this camera!!!!!!,fake,3
The headphones not great. The headphones not great.!!!,genuine,3
I can't believe how amazing this laptop is!!! BEST PRODUCT EVER!!!!!!,fake,3
"This watch is okay, it not great.",genuine,3
This watch is LIFE CHANGING!!!!!!,fake,3
"This laptop is okay, it works well.!!!",genuine,3
"THIS LAPTOP IS OKAY, IT STOPPED WORKING. THIS LAPTOP IS OKAY, IT STOPPED WORKING.",genuine,3
I can't believe how amazing this laptop is!!! LIFE CHANGING!!!,fake,3
WATCH IS LIFE CHANGING!!! DON'T MISS OUT!!!!!!,fake,3
LIFE CHANGING!!! EVERYONE SHOULD BUY THIS PHONE!!! LIFE CHANGING!!! EVERYONE SHOULD BUY THIS PHONE!!!,fake,3
"THIS CAMERA IS OKAY, IT NOT GREAT.",genuine,3
EARN MONEY FAST!!! LIMITED TIME OFFER!!!,fake,3
I can't believe how amazing this watch is!!! TOP QUALITY GUARANTEED!!! I can't believe how amazing this watch is!!! TOP QUALITY GUARANTEED!!!,fake,3
I can't believe how amazing this camera is!!! TOP QUALITY GUARANTEED!!!,fake,3
WATCH IS UNBELIEVABLE!!! DON'T MISS OUT!!! WATCH IS UNBELIEVABLE!!! DON'T MISS OUT!!!,fake,3
CAMERA IS LIFE CHANGING!!! DON'T MISS OUT!!!,fake,3
HEADPHONES IS TOP QUALITY GUARANTEED!!! DON'T MISS OUT!!!,fake,3
limited offer and win exciting prizes!!!,fake,3
The laptop disappointed.,genuine,3
This watch is LIFE CHANGING!!!,fake,3
BUY NOW BEFORE IT'S GONE!!! LIMITED TIME OFFER!!!,fake,3
I can't believe how amazing this watch is!!! TOP QUALITY GUARANTEED!!!,fake,3
The headphones not great.,genuine,3
buy now before it's gone to get this product now!!!,fake,3
buy now before it's gone and win exciting prizes!!!,fake,3
I BOUGHT THIS CAMERA RECENTLY AND IT DISAPPOINTED.,genuine,3
I bought this headphones recently and it does the job. I bought this headphones recently and it does the job.!!!,genuine,3
MUST BUY!!! Everyone should buy this watch!!! MUST BUY!!! Everyone should buy this watch!!!,fake,3
"After using this headphones, I feel it disappointed.",genuine,3
LIMITED OFFER!!! LIMITED TIME OFFER!!!,fake,3
BEST PRODUCT EVER!!! EVERYONE SHOULD BUY THIS HEADPHONES!!! BEST PRODUCT EVER!!! EVERYONE SHOULD BUY THIS HEADPHONES!!!!!!,fake,3
I can't believe how amazing this phone is!!! LIFE CHANGING!!! I can't believe how amazing this phone is!!! LIFE CHANGING!!!,fake,3
BEST PRODUCT EVER!!! Everyone should buy this laptop!!!,fake,3
"This headphones is okay, it poor quality.",genuine,3
"After using this camera, I feel it does the job.!!!",genuine,3
MUST BUY!!! Everyone should buy this camera!!! MUST BUY!!! Everyone should buy this camera!!!,fake,3
This watch is TOP QUALITY GUARANTEED!!! This watch is TOP QUALITY GUARANTEED!!!!!!,fake,3
"This phone is okay, it not great.!!!",genuine,3
I can't believe how amazing this watch is!!! MUST BUY!!!,fake,3
"This laptop is okay, it poor quality.",genuine,3
I bought this headphones recently and it disappointed.,genuine,3
TOP QUALITY GUARANTEED!!! EVERYONE SHOULD BUY THIS PHONE!!! TOP QUALITY GUARANTEED!!! EVERYONE SHOULD BUY THIS PHONE!!!!!!,fake,3
I CAN'T BELIEVE HOW AMAZING THIS LAPTOP IS!!! MUST BUY!!! I CAN'T BELIEVE HOW AMAZING THIS LAPTOP IS!!! MUST BUY!!!,fake,3
I BOUGHT THIS HEADPHONES RECENTLY AND IT STOPPED WORKING. I BOUGHT THIS HEADPHONES RECENTLY AND IT STOPPED WORKING.,genuine,3
"This headphones is okay, it good quality.",genuine,3
"This laptop is okay, it disappointed. This laptop is okay, it disappointed.!!!",genuine,3
WATCH IS BEST PRODUCT EVER!!! DON'T MISS OUT!!! WATCH IS BEST PRODUCT EVER!!! DON'T MISS OUT!!!!!!,fake,3
earn money fast to get this product now!!!!!!,fake,3
This watch is BEST PRODUCT EVER!!!!!!,fake,3
The camera not worth it. The camera not worth it.,genuine,3
limited offer to get this product now!!! limited offer to get this product now!!!,fake,3
limited offer and win exciting prizes!!! limited offer and win exciting prizes!!!,fake,3
This watch is LIFE CHANGING!!! This watch is LIFE CHANGING!!!,fake,3
I bought this headphones recently and it stopped working.,genuine,3
LIFE CHANGING!!! EVERYONE SHOULD BUY THIS WATCH!!! LIFE CHANGING!!! EVERYONE SHOULD BUY THIS WATCH!!!,fake,3
I can't believe how amazing this camera is!!! LIFE CHANGING!!!!!!,fake,3
LIMITED OFFER!!! LIMITED TIME OFFER!!!,fake,3
MUST BUY!!! Everyone should buy this camera!!!,fake,3
The headphones not worth it.,genuine,3
I BOUGHT THIS CAMERA RECENTLY AND IT GOOD QUALITY. I BOUGHT THIS CAMERA RECENTLY AND IT GOOD QUALITY.!!!,genuine,3
This phone is UNBELIEVABLE!!!,fake,3
I bought this camera recently and it does the job. I bought this camera recently and it does the job.,genuine,3
PHONE IS MUST BUY!!! DON'T MISS OUT!!!,fake,3
BUY NOW BEFORE IT'S GONE FOR HUGE DISCOUNTS!!!,fake,3
I can't believe how amazing this watch is!!! MUST BUY!!! I can't believe how amazing this watch is!!! MUST BUY!!!,fake,3
"This phone is okay, it disappointed. This phone is okay, it disappointed.",genuine,3
THE WATCH NOT GREAT.,genuine,3
I can't believe how amazing this phone is!!! UNBELIEVABLE!!!!!!,fake,3
"This headphones is okay, it good quality. This headphones is okay, it good quality.!!!",genuine,3
I CAN'T BELIEVE HOW AMAZING THIS HEADPHONES IS!!! UNBELIEVABLE!!! I CAN'T BELIEVE HOW AMAZING THIS HEADPHONES IS!!! UNBELIEVABLE!!!!!!,fake,3
I bought this laptop recently and it not worth it.,genuine,3
LAPTOP IS UNBELIEVABLE!!! DON'T MISS OUT!!!!!!,fake,3
I bought this camera recently and it works well.,genuine,3
I CAN'T BELIEVE HOW AMAZING THIS HEADPHONES IS!!! LIFE CHANGING!!!,fake,3
I CAN'T BELIEVE HOW AMAZING THIS WATCH IS!!! BEST PRODUCT EVER!!!!!!,fake,3
BEST PRODUCT EVER!!! Everyone should buy this headphones!!!!!!,fake,3
buy now before it's gone and win exciting prizes!!!!!!,fake,3
click here now and win exciting prizes!!!!!!,fake,3
buy now before it's gone to get this product now!!!,fake,3
I BOUGHT THIS WATCH RECENTLY AND IT WORTH THE PRICE.,genuine,3
earn money fast and win exciting prizes!!!,fake,3
This watch is LIFE CHANGING!!!,fake,3
"This watch is okay, it not great.!!!",genuine,3
CLICK HERE NOW!!! LIMITED TIME OFFER!!!!!!,fake,3
The watch satisfied with the purchase.,genuine,3
"This headphones is okay, it stopped working. This headphones is okay, it stopped working.",genuine,3
PHONE IS UNBELIEVABLE!!! DON'T MISS OUT!!!,fake,3
CAMERA IS UNBELIEVABLE!!! DON'T MISS OUT!!! CAMERA IS UNBELIEVABLE!!! DON'T MISS OUT!!!,fake,3
"After using this phone, I feel it not worth it.",genuine,3
CAMERA IS UNBELIEVABLE!!! DON'T MISS OUT!!! CAMERA IS UNBELIEVABLE!!! DON'T MISS OUT!!!,fake,3
visit this link for huge discounts!!! visit this link for huge discounts!!!!!!,fake,3
The watch good quality. The watch good quality.!!!,genuine,3
I BOUGHT THIS CAMERA RECENTLY AND IT NOT GREAT. I BOUGHT THIS CAMERA RECENTLY AND IT NOT GREAT.!!!,genuine,3
I CAN'T BELIEVE HOW AMAZING THIS HEADPHONES IS!!! BEST PRODUCT EVER!!! I CAN'T BELIEVE HOW AMAZING THIS HEADPHONES IS!!! BEST PRODUCT EVER!!!,fake,3
MUST BUY!!! Everyone should buy this watch!!!,fake,3
CAMERA IS UNBELIEVABLE!!! DON'T MISS OUT!!! CAMERA IS UNBELIEVABLE!!! DON'T MISS OUT!!!!!!,fake,3
I bought this phone recently and it good quality.!!!,genuine,3
LAPTOP IS TOP QUALITY GUARANTEED!!! DON'T MISS OUT!!!,fake,3
buy now before it's gone and win exciting prizes!!!!!!,fake,3
"After using this camera, I feel it satisfied with the purchase.",genuine,3
earn money fast and win exciting prizes!!!,fake,3
LAPTOP IS LIFE CHANGING!!! DON'T MISS OUT!!!,fake,3
"This camera is okay, it not great. This camera is okay, it not great.!!!",genuine,3
THIS WATCH IS LIFE CHANGING!!!!!!,fake,3
BEST PRODUCT EVER!!! Everyone should buy this headphones!!!!!!,fake,3
"After using this headphones, I feel it good quality.",genuine,3
I can't believe how amazing this phone is!!! LIFE CHANGING!!!,fake,3
The phone not worth it.,genuine,3
BUY NOW BEFORE IT'S GONE!!! LIMITED TIME OFFER!!!,fake,3
I can't believe how amazing this phone is!!! TOP QUALITY GUARANTEED!!!,fake,3
limited offer for huge discounts!!! limited offer for huge discounts!!!,fake,3
I bought this laptop recently and it worth the price.,genuine,3
WATCH IS MUST BUY!!! DON'T MISS OUT!!!!!!,fake,3
I bought this watch recently and it worth the price. I bought this watch recently and it worth the price.!!!,genuine,3
The headphones poor quality.!!!,genuine,3
limited offer and win exciting prizes!!!,fake,3
LIMITED OFFER!!! LIMITED TIME OFFER!!!,fake,3
This headphones is MUST BUY!!! This headphones is MUST BUY!!!,fake,3
"This laptop is okay, it disappointed.",genuine,3
This watch is LIFE CHANGING!!!,fake,3
HEADPHONES IS LIFE CHANGING!!! DON'T MISS OUT!!! HEADPHONES IS LIFE CHANGING!!! DON'T MISS OUT!!!,fake,3
I bought this phone recently and it poor quality.,genuine,3
CLICK HERE NOW!!! LIMITED TIME OFFER!!!,fake,3
visit this link and win exciting prizes!!! visit this link and win exciting prizes!!!!!!,fake,3
TOP QUALITY GUARANTEED!!! EVERYONE SHOULD BUY THIS HEADPHONES!!!,fake,3
"After using this laptop, I feel it good quality.",genuine,3
This laptop is UNBELIEVABLE!!!,fake,3
I can't believe how amazing this headphones is!!! TOP QUALITY GUARANTEED!!! I can't believe how amazing this headphones is!!! TOP QUALITY GUARANTEED!!!,fake,3
"After using this phone, I feel it disappointed. After using this phone, I feel it disappointed.!!!",genuine,3
This camera is TOP QUALITY GUARANTEED!!! This camera is TOP QUALITY GUARANTEED!!!!!!,fake,3
"This camera is okay, it stopped working.",genuine,3
I BOUGHT THIS LAPTOP RECENTLY AND IT GOOD QUALITY.,genuine,3
THIS PHONE IS MUST BUY!!! THIS PHONE IS MUST BUY!!!,fake,3
I CAN'T BELIEVE HOW AMAZING THIS HEADPHONES IS!!! MUST BUY!!! I CAN'T BELIEVE HOW AMAZING THIS HEADPHONES IS!!! MUST BUY!!!!!!,fake,3
VISIT THIS LINK!!! LIMITED TIME OFFER!!! VISIT THIS LINK!!! LIMITED TIME OFFER!!!!!!,fake,3
I can't believe how amazing this phone is!!! BEST PRODUCT EVER!!! I can't believe how amazing this phone is!!! BEST PRODUCT EVER!!!!!!,fake,3
"This headphones is okay, it not worth it.",genuine,3
earn money fast for huge discounts!!! earn money fast for huge discounts!!!!!!,fake,3
UNBELIEVABLE!!! EVERYONE SHOULD BUY THIS WATCH!!!,fake,3
click here now and win exciting prizes!!! click here now and win exciting prizes!!!,fake,3
buy now before it's gone and win exciting prizes!!!,fake,3
CLICK HERE NOW TO GET THIS PRODUCT NOW!!! CLICK HERE NOW TO GET THIS PRODUCT NOW!!!!!!,fake,3
PHONE IS LIFE CHANGING!!! DON'T MISS OUT!!! PHONE IS LIFE CHANGING!!! DON'T MISS OUT!!!!!!,fake,3
HEADPHONES IS TOP QUALITY GUARANTEED!!! DON'T MISS OUT!!! HEADPHONES IS TOP QUALITY GUARANTEED!!! DON'T MISS OUT!!!,fake,3
CAMERA IS MUST BUY!!! DON'T MISS OUT!!!,fake,3
"After using this phone, I feel it stopped working. After using this phone, I feel it stopped working.!!!",genuine,3
I can't believe how amazing this watch is!!! LIFE CHANGING!!!!!!,fake,3
The laptop poor quality. The laptop poor quality.,genuine,3
I BOUGHT THIS CAMERA RECENTLY AND IT DISAPPOINTED.!!!,genuine,3
I bought this watch recently and it good quality. I bought this watch recently and it good quality.!!!,genuine,3
earn money fast for huge discounts!!! earn money fast for huge discounts!!!,fake,3
THIS PHONE IS UNBELIEVABLE!!! THIS PHONE IS UNBELIEVABLE!!!,fake,3
"After using this camera, I feel it not great. After using this camera, I feel it not great.",genuine,3
"This camera is okay, it not worth it.!!!",genuine,3
The phone satisfied with the purchase.!!!,genuine,3
This headphones is MUST BUY!!!,fake,3
"After using this headphones, I feel it does the job.",genuine,3
BUY NOW BEFORE IT'S GONE!!! LIMITED TIME OFFER!!!,fake,3
EARN MONEY FAST!!! LIMITED TIME OFFER!!!,fake,3
THE PHONE GOOD QUALITY. THE PHONE GOOD QUALITY.!!!,genuine,3
LAPTOP IS MUST BUY!!! DON'T MISS OUT!!! LAPTOP IS MUST BUY!!! DON'T MISS OUT!!!,fake,3
The headphones does the job.,genuine,3
I can't believe how amazing this camera is!!! TOP QUALITY GUARANTEED!!!,fake,3
HEADPHONES IS MUST BUY!!! DON'T MISS OUT!!!!!!,fake,3
I bought this watch recently and it not worth it. I bought this watch recently and it not worth it.!!!,genuine,3
The phone satisfied with the purchase.,genuine,3
"This camera is okay, it good quality.",genuine,3
TOP QUALITY GUARANTEED!!! Everyone should buy this camera!!! TOP QUALITY GUARANTEED!!! Everyone should buy this camera!!!,fake,3
BEST PRODUCT EVER!!! Everyone should buy this camera!!!,fake,3
LIFE CHANGING!!! EVERYONE SHOULD BUY THIS CAMERA!!!,fake,3
I bought this laptop recently and it not worth it. I bought this laptop recently and it not worth it.,genuine,3
I bought this headphones recently and it satisfied with the purchase. I bought this headphones recently and it satisfied with the purchase.!!!,genuine,3
"THIS LAPTOP IS OKAY, IT POOR QUALITY.",genuine,3
I can't believe how amazing this phone is!!! TOP QUALITY GUARANTEED!!! I can't believe how amazing this phone is!!! TOP QUALITY GUARANTEED!!!,fake,3
"This headphones is okay, it works well.",genuine,3
"THIS PHONE IS OKAY, IT STOPPED WORKING. THIS PHONE IS OKAY, IT STOPPED WORKING.",genuine,3
LIFE CHANGING!!! Everyone should buy this phone!!!!!!,fake,3
I bought this camera recently and it not worth it.,genuine,3
The watch disappointed. The watch disappointed.,genuine,3
buy now before it's gone to get this product now!!!,fake,3
I can't believe how amazing this watch is!!! BEST PRODUCT EVER!!!,fake,3
I CAN'T BELIEVE HOW AMAZING THIS WATCH IS!!! LIFE CHANGING!!! I CAN'T BELIEVE HOW AMAZING THIS WATCH IS!!! LIFE CHANGING!!!,fake,3
MUST BUY!!! Everyone should buy this watch!!!,fake,3
This phone is UNBELIEVABLE!!!,fake,3
I bought this phone recently and it not worth it. I bought this phone recently and it not worth it.,genuine,3
I bought this camera recently and it works well.,genuine,3
"This watch is okay, it does the job.",genuine,3
I can't believe how amazing this headphones is!!! TOP QUALITY GUARANTEED!!!,fake,3
I CAN'T BELIEVE HOW AMAZING THIS PHONE IS!!! BEST PRODUCT EVER!!!!!!,fake,3
I CAN'T BELIEVE HOW AMAZING THIS WATCH IS!!! MUST BUY!!! I CAN'T BELIEVE HOW AMAZING THIS WATCH IS!!! MUST BUY!!!!!!,fake,3
TOP QUALITY GUARANTEED!!! Everyone should buy this watch!!!,fake,3
"AFTER USING THIS WATCH, I FEEL IT STOPPED WORKING.",genuine,3
THIS LAPTOP IS MUST BUY!!! THIS LAPTOP IS MUST BUY!!!,fake,3
This phone is MUST BUY!!!,fake,3
"AFTER USING THIS HEADPHONES, I FEEL IT GOOD QUALITY. AFTER USING THIS HEADPHONES, I FEEL IT GOOD QUALITY.",genuine,3
"After using this camera, I feel it not worth it.!!!",genuine,3
"After using this headphones, I feel it works well. After using this headphones, I feel it works well.",genuine,3
VISIT THIS LINK!!! LIMITED TIME OFFER!!! VISIT THIS LINK!!! LIMITED TIME OFFER!!!,fake,3
"AFTER USING THIS PHONE, I FEEL IT STOPPED WORKING.",genuine,3
MUST BUY!!! Everyone should buy this watch!!!!!!,fake,3
"This headphones is okay, it not worth it. This headphones is okay, it not worth it.",genuine,3
"After using this headphones, I feel it worth the price.",genuine,3
VISIT THIS LINK!!! LIMITED TIME OFFER!!!,fake,3
This camera is TOP QUALITY GUARANTEED!!! This camera is TOP QUALITY GUARANTEED!!!!!!,fake,3
UNBELIEVABLE!!! Everyone should buy this phone!!!,fake,3
"After using this watch, I feel it works well.",genuine,3
EARN MONEY FAST TO GET THIS PRODUCT NOW!!!,fake,3
MUST BUY!!! Everyone should buy this laptop!!!,fake,3
CAMERA IS LIFE CHANGING!!! DON'T MISS OUT!!!,fake,3
This phone is LIFE CHANGING!!! This phone is LIFE CHANGING!!!!!!,fake,3
This watch is LIFE CHANGING!!!,fake,3
The phone good quality. The phone good quality.,genuine,3
"After using this phone, I feel it good quality.",genuine,3
The phone poor quality.,genuine,3
"After using this headphones, I feel it satisfied with the purchase.!!!",genuine,3
BEST PRODUCT EVER!!! Everyone should buy this laptop!!!,fake,3
I can't believe how amazing this phone is!!! TOP QUALITY GUARANTEED!!! I can't believe how amazing this phone is!!! TOP QUALITY GUARANTEED!!!,fake,3
UNBELIEVABLE!!! Everyone should buy this headphones!!! UNBELIEVABLE!!! Everyone should buy this headphones!!!,fake,3
"After using this phone, I feel it not great.",genuine,3
This laptop is LIFE CHANGING!!!,fake,3
limited offer to get this product now!!!!!!,fake,3
I bought this watch recently and it satisfied with the purchase.,genuine,3
earn money fast to get this product now!!!,fake,3
I can't believe how amazing this headphones is!!! BEST PRODUCT EVER!!!,fake,3
UNBELIEVABLE!!! Everyone should buy this camera!!!,fake,3
BUY NOW BEFORE IT'S GONE!!! LIMITED TIME OFFER!!!,fake,3
The headphones not great. The headphones not great.,genuine,3
LIMITED OFFER FOR HUGE DISCOUNTS!!!,fake,3
BUY NOW BEFORE IT'S GONE AND WIN EXCITING PRIZES!!! BUY NOW BEFORE IT'S GONE AND WIN EXCITING PRIZES!!!,fake,3
earn money fast for huge discounts!!! earn money fast for huge discounts!!!!!!,fake,3
earn money fast for huge discounts!!!,fake,3
"After using this laptop, I feel it not worth it.",genuine,3
I can't believe how amazing this laptop is!!! TOP QUALITY GUARANTEED!!!!!!,fake,3
HEADPHONES IS MUST BUY!!! DON'T MISS OUT!!! HEADPHONES IS MUST BUY!!! DON'T MISS OUT!!!,fake,3
The headphones not great. The headphones not great.,genuine,3
"AFTER USING THIS LAPTOP, I FEEL IT WORKS WELL.",genuine,3
EARN MONEY FAST!!! LIMITED TIME OFFER!!! EARN MONEY FAST!!! LIMITED TIME OFFER!!!,fake,3
This headphones is BEST PRODUCT EVER!!! This headphones is BEST PRODUCT EVER!!!,fake,3
HEADPHONES IS BEST PRODUCT EVER!!! DON'T MISS OUT!!!,fake,3
BUY NOW BEFORE IT'S GONE!!! LIMITED TIME OFFER!!! BUY NOW BEFORE IT'S GONE!!! LIMITED TIME OFFER!!!!!!,fake,3
LIFE CHANGING!!! EVERYONE SHOULD BUY THIS HEADPHONES!!! LIFE CHANGING!!! EVERYONE SHOULD BUY THIS HEADPHONES!!!,fake,3
I bought this laptop recently and it poor quality. I bought this laptop recently and it poor quality.!!!,genuine,3
The camera disappointed.!!!,genuine,3
limited offer and win exciting prizes!!!,fake,3
"This phone is okay, it satisfied with the purchase. This phone is okay, it satisfied with the purchase.!!!",genuine,3
"THIS LAPTOP IS OKAY, IT WORKS WELL.",genuine,3
"After using this headphones, I feel it does the job. After using this headphones, I feel it does the job.",genuine,3
This phone is MUST BUY!!!,fake,3
I can't believe how amazing this watch is!!! MUST BUY!!!,fake,3
TOP QUALITY GUARANTEED!!! Everyone should buy this laptop!!! TOP QUALITY GUARANTEED!!! Everyone should buy this laptop!!!,fake,3
The phone not great.,genuine,3
I CAN'T BELIEVE HOW AMAZING THIS HEADPHONES IS!!! LIFE CHANGING!!!,fake,3
BUY NOW BEFORE IT'S GONE!!! LIMITED TIME OFFER!!! BUY NOW BEFORE IT'S GONE!!! LIMITED TIME OFFER!!!!!!,fake,3
PHONE IS LIFE CHANGING!!! DON'T MISS OUT!!!,fake,3
I can't believe how amazing this watch is!!! TOP QUALITY GUARANTEED!!!,fake,3
THIS PHONE IS TOP QUALITY GUARANTEED!!!!!!,fake,3
The phone works well.,genuine,3
HEADPHONES IS UNBELIEVABLE!!! DON'T MISS OUT!!!!!!,fake,3
This phone is LIFE CHANGING!!!!!!,fake,3
HEADPHONES IS TOP QUALITY GUARANTEED!!! DON'T MISS OUT!!!,fake,3
I can't believe how amazing this headphones is!!! TOP QUALITY GUARANTEED!!! I can't believe how amazing this headphones is!!! TOP QUALITY GUARANTEED!!!,fake,3
LIFE CHANGING!!! Everyone should buy this headphones!!!,fake,3
"This phone is okay, it not great.",genuine,3
The headphones does the job. The headphones does the job.,genuine,3
click here now to get this product now!!!,fake,3
I bought this watch recently and it stopped working. I bought this watch recently and it stopped working.,genuine,3
"After using this camera, I feel it works well.!!!",genuine,3
"AFTER USING THIS HEADPHONES, I FEEL IT NOT GREAT.",genuine,3
I bought this laptop recently and it does the job. I bought this laptop recently and it does the job.,genuine,3
This camera is LIFE CHANGING!!! This camera is LIFE CHANGING!!!,fake,3
HEADPHONES IS TOP QUALITY GUARANTEED!!! DON'T MISS OUT!!!,fake,3
The laptop not worth it.!!!,genuine,3
THIS HEADPHONES IS BEST PRODUCT EVER!!!,fake,3
I CAN'T BELIEVE HOW AMAZING THIS PHONE IS!!! UNBELIEVABLE!!! I CAN'T BELIEVE HOW AMAZING THIS PHONE IS!!! UNBELIEVABLE!!!,fake,3
I bought this watch recently and it works well. I bought this watch recently and it works well.,genuine,3
visit this link and win exciting prizes!!!,fake,3
UNBELIEVABLE!!! Everyone should buy this phone!!! UNBELIEVABLE!!! Everyone should buy this phone!!!,fake,3
"After using this laptop, I feel it poor quality.",genuine,3
earn money fast to get this product now!!!,fake,3
"This watch is okay, it stopped working.",genuine,3
"This headphones is okay, it does the job.",genuine,3
"AFTER USING THIS WATCH, I FEEL IT DOES THE JOB.",genuine,3
limited offer to get this product now!!!,fake,3
"After using this watch, I feel it poor quality.!!!",genuine,3
"This camera is okay, it good quality.",genuine,3
LIMITED OFFER!!! LIMITED TIME OFFER!!!,fake,3
This headphones is TOP QUALITY GUARANTEED!!!,fake,3
This laptop is LIFE CHANGING!!! This laptop is LIFE CHANGING!!!,fake,3
limited offer to get this product now!!!!!!,fake,3
VISIT THIS LINK FOR HUGE DISCOUNTS!!!!!!,fake,3
LAPTOP IS UNBELIEVABLE!!! DON'T MISS OUT!!!,fake,3
"After using this headphones, I feel it not great. After using this headphones, I feel it not great.",genuine,3
"This phone is okay, it poor quality.",genuine,3
"After using this headphones, I feel it disappointed.",genuine,3
This watch is TOP QUALITY GUARANTEED!!! This watch is TOP QUALITY GUARANTEED!!!,fake,3
The watch not worth it.,genuine,3
"THIS HEADPHONES IS OKAY, IT WORTH THE PRICE.",genuine,3
LIMITED OFFER!!! LIMITED TIME OFFER!!!,fake,3
BEST PRODUCT EVER!!! Everyone should buy this laptop!!!,fake,3
WATCH IS UNBELIEVABLE!!! DON'T MISS OUT!!!,fake,3
limited offer to get this product now!!!,fake,3
CLICK HERE NOW TO GET THIS PRODUCT NOW!!!,fake,3
UNBELIEVABLE!!! Everyone should buy this camera!!!!!!,fake,3
The phone not worth it.!!!,genuine,3
I CAN'T BELIEVE HOW AMAZING THIS LAPTOP IS!!! UNBELIEVABLE!!! I CAN'T BELIEVE HOW AMAZING THIS LAPTOP IS!!! UNBELIEVABLE!!!!!!,fake,3
"After using this watch, I feel it not worth it.",genuine,3
I bought this camera recently and it works well.,genuine,3
BUY NOW BEFORE IT'S GONE AND WIN EXCITING PRIZES!!!!!!,fake,3
This watch is BEST PRODUCT EVER!!! This watch is BEST PRODUCT EVER!!!!!!,fake,3
MUST BUY!!! Everyone should buy this watch!!! MUST BUY!!! Everyone should buy this watch!!!,fake,3
This headphones is LIFE CHANGING!!! This headphones is LIFE CHANGING!!!!!!,fake,3
The phone not great.!!!,genuine,3
"This camera is okay, it not great. This camera is okay, it not great.",genuine,3
MUST BUY!!! EVERYONE SHOULD BUY THIS WATCH!!!!!!,fake,3
UNBELIEVABLE!!! Everyone should buy this phone!!!!!!,fake,3
visit this link and win exciting prizes!!! visit this link and win exciting prizes!!!,fake,3
This camera is MUST BUY!!!,fake,3
"AFTER USING THIS HEADPHONES, I FEEL IT GOOD QUALITY. AFTER USING THIS HEADPHONES, I FEEL IT GOOD QUALITY.",genuine,3
This phone is LIFE CHANGING!!!,fake,3
This phone is LIFE CHANGING!!!,fake,3
LIFE CHANGING!!! Everyone should buy this watch!!! LIFE CHANGING!!! Everyone should buy this watch!!!,fake,3
buy now before it's gone and win exciting prizes!!! buy now before it's gone and win exciting prizes!!!,fake,3
THE HEADPHONES NOT WORTH IT.,genuine,3
I bought this camera recently and it works well.,genuine,3
WATCH IS UNBELIEVABLE!!! DON'T MISS OUT!!! WATCH IS UNBELIEVABLE!!! DON'T MISS OUT!!!,fake,3
I can't believe how amazing this phone is!!! LIFE CHANGING!!! I can't believe how amazing this phone is!!! LIFE CHANGING!!!!!!,fake,3
"This watch is okay, it good quality. This watch is okay, it good quality.",genuine,3
I bought this phone recently and it worth the price.!!!,genuine,3
visit this link to get this product now!!! visit this link to get this product now!!!,fake,3
I bought this phone recently and it works well.,genuine,3
I CAN'T BELIEVE HOW AMAZING THIS WATCH IS!!! MUST BUY!!!,fake,3
This camera is TOP QUALITY GUARANTEED!!!,fake,3
earn money fast for huge discounts!!!!!!,fake,3
LIFE CHANGING!!! Everyone should buy this headphones!!!,fake,3
This headphones is MUST BUY!!! This headphones is MUST BUY!!!!!!,fake,3
I bought this phone recently and it not worth it.!!!,genuine,3
CAMERA IS TOP QUALITY GUARANTEED!!! DON'T MISS OUT!!!,fake,3
I bought this camera recently and it does the job.,genuine,3
LIMITED OFFER!!! LIMITED TIME OFFER!!!,fake,3
WATCH IS TOP QUALITY GUARANTEED!!! DON'T MISS OUT!!! WATCH IS TOP QUALITY GUARANTEED!!! DON'T MISS OUT!!!!!!,fake,3
I can't believe how amazing this headphones is!!! MUST BUY!!!,fake,3
This phone is LIFE CHANGING!!!,fake,3
This headphones is LIFE CHANGING!!!!!!,fake,3
CLICK HERE NOW AND WIN EXCITING PRIZES!!! CLICK HERE NOW AND WIN EXCITING PRIZES!!!,fake,3
I BOUGHT THIS WATCH RECENTLY AND IT STOPPED WORKING.,genuine,3
I bought this camera recently and it satisfied with the purchase.!!!,genuine,3
This phone is TOP QUALITY GUARANTEED!!! This phone is TOP QUALITY GUARANTEED!!!,fake,3
This camera is LIFE CHANGING!!!,fake,3
"AFTER USING THIS PHONE, I FEEL IT POOR QUALITY.",genuine,3
earn money fast and win exciting prizes!!!,fake,3
This phone is BEST PRODUCT EVER!!!!!!,fake,3
The phone worth the price.,genuine,3
VISIT THIS LINK FOR HUGE DISCOUNTS!!!,fake,3
buy now before it's gone to get this product now!!! buy now before it's gone to get this product now!!!!!!,fake,3
LAPTOP IS LIFE CHANGING!!! DON'T MISS OUT!!!,fake,3
"AFTER USING THIS HEADPHONES, I FEEL IT SATISFIED WITH THE PURCHASE.",genuine,3
visit this link and win exciting prizes!!! visit this link and win exciting prizes!!!!!!,fake,3
This headphones is BEST PRODUCT EVER!!!,fake,3
"This laptop is okay, it not worth it.",genuine,3
I bought this headphones recently and it satisfied with the purchase.,genuine,3
I can't believe how amazing this camera is!!! TOP QUALITY GUARANTEED!!! I can't believe how amazing this camera is!!! TOP QUALITY GUARANTEED!!!,fake,3
"THIS LAPTOP IS OKAY, IT STOPPED WORKING.!!!",genuine,3
I bought this phone recently and it good quality.,genuine,3
CLICK HERE NOW!!! LIMITED TIME OFFER!!! CLICK HERE NOW!!! LIMITED TIME OFFER!!!,fake,3
"This laptop is okay, it not worth it.",genuine,3
"After using this watch, I feel it not worth it. After using this watch, I feel it not worth it.",genuine,3
This phone is BEST PRODUCT EVER!!!,fake,3
"THIS LAPTOP IS OKAY, IT DISAPPOINTED.!!!",genuine,3
This laptop is MUST BUY!!!!!!,fake,3
EARN MONEY FAST TO GET THIS PRODUCT NOW!!!!!!,fake,3
THE LAPTOP DISAPPOINTED.,genuine,3
HEADPHONES IS TOP QUALITY GUARANTEED!!! DON'T MISS OUT!!!,fake,3
"AFTER USING THIS PHONE, I FEEL IT POOR QUALITY.",genuine,3
I bought this laptop recently and it satisfied with the purchase.!!!,genuine,3
CAMERA IS MUST BUY!!! DON'T MISS OUT!!!,fake,3
PHONE IS MUST BUY!!! DON'T MISS OUT!!!!!!,fake,3
"THIS WATCH IS OKAY, IT STOPPED WORKING. THIS WATCH IS OKAY, IT STOPPED WORKING.!!!",genuine,3
"This laptop is okay, it worth the price.!!!",genuine,3
BEST PRODUCT EVER!!! Everyone should buy this phone!!!,fake,3
The phone disappointed.!!!,genuine,3
The headphones good quality. The headphones good quality.!!!,genuine,3
TOP QUALITY GUARANTEED!!! Everyone should buy this headphones!!!!!!,fake,3
I bought this watch recently and it does the job.,genuine,3
BEST PRODUCT EVER!!! Everyone should buy this phone!!!!!!,fake,3
MUST BUY!!! EVERYONE SHOULD BUY THIS PHONE!!!,fake,3
VISIT THIS LINK!!! LIMITED TIME OFFER!!! VISIT THIS LINK!!! LIMITED TIME OFFER!!!,fake,3
BUY NOW BEFORE IT'S GONE!!! LIMITED TIME OFFER!!! BUY NOW BEFORE IT'S GONE!!! LIMITED TIME OFFER!!!,fake,3
PHONE IS BEST PRODUCT EVER!!! DON'T MISS OUT!!!,fake,3
The watch good quality.!!!,genuine,3
"After using this laptop, I feel it good quality.",genuine,3
VISIT THIS LINK FOR HUGE DISCOUNTS!!! VISIT THIS LINK FOR HUGE DISCOUNTS!!!,fake,3
buy now before it's gone to get this product now!!!,fake,3
"AFTER USING THIS LAPTOP, I FEEL IT NOT GREAT.!!!",genuine,3
MUST BUY!!! EVERYONE SHOULD BUY THIS HEADPHONES!!!!!!,fake,3
EARN MONEY FAST!!! LIMITED TIME OFFER!!!!!!,fake,3
This camera is MUST BUY!!!,fake,3
"THIS PHONE IS OKAY, IT NOT WORTH IT.!!!",genuine,3
I bought this laptop recently and it good quality.!!!,genuine,3
CLICK HERE NOW!!! LIMITED TIME OFFER!!!!!!,fake,3
TOP QUALITY GUARANTEED!!! Everyone should buy this phone!!!!!!,fake,3
"AFTER USING THIS CAMERA, I FEEL IT STOPPED WORKING.",genuine,3
LIMITED OFFER!!! LIMITED TIME OFFER!!! LIMITED OFFER!!! LIMITED TIME OFFER!!!!!!,fake,3
"After using this camera, I feel it satisfied with the purchase. After using this camera, I feel it satisfied with the purchase.!!!",genuine,3
click here now to get this product now!!!,fake,3
The headphones good quality.,genuine,3
"After using this watch, I feel it poor quality.",genuine,3
limited offer and win exciting prizes!!!,fake,3
"After using this headphones, I feel it works well.",genuine,3
UNBELIEVABLE!!! Everyone should buy this camera!!! UNBELIEVABLE!!! Everyone should buy this camera!!!!!!,fake,3
click here now to get this product now!!!,fake,3
The headphones poor quality. The headphones poor quality.,genuine,3
I can't believe how amazing this phone is!!! TOP QUALITY GUARANTEED!!! I can't believe how amazing this phone is!!! TOP QUALITY GUARANTEED!!!,fake,3
I can't believe how amazing this watch is!!! UNBELIEVABLE!!! I can't believe how amazing this watch is!!! UNBELIEVABLE!!!,fake,3
I can't believe how amazing this watch is!!! TOP QUALITY GUARANTEED!!!!!!,fake,3
UNBELIEVABLE!!! EVERYONE SHOULD BUY THIS HEADPHONES!!!,fake,3
The laptop good quality. The laptop good quality.,genuine,3
click here now to get this product now!!!,fake,4
CAMERA IS UNBELIEVABLE!!! DON'T MISS OUT!!! CAMERA IS UNBELIEVABLE!!! DON'T MISS OUT!!!,fake,4
This phone is TOP QUALITY GUARANTEED!!!,fake,4
"This laptop is okay, it good quality.!!!",genuine,4
buy now before it's gone and win exciting prizes!!!,fake,4
This camera is TOP QUALITY GUARANTEED!!!!!!,fake,4
MUST BUY!!! Everyone should buy this phone!!!,fake,4
This camera is UNBELIEVABLE!!!,fake,4
This watch is UNBELIEVABLE!!!,fake,4
"AFTER USING THIS LAPTOP, I FEEL IT GOOD QUALITY.!!!",genuine,4
"This watch is okay, it good quality.!!!",genuine,4
I can't believe how amazing this laptop is!!! MUST BUY!!!,fake,4
"This watch is okay, it not great.",genuine,4
THIS WATCH IS TOP QUALITY GUARANTEED!!!!!!,fake,4
I can't believe how amazing this laptop is!!! LIFE CHANGING!!!,fake,4
I bought this camera recently and it worth the price. I bought this camera recently and it worth the price.,genuine,4
This phone is MUST BUY!!! This phone is MUST BUY!!!!!!,fake,4
TOP QUALITY GUARANTEED!!! Everyone should buy this watch!!!,fake,4
BEST PRODUCT EVER!!! Everyone should buy this watch!!!!!!,fake,4
I can't believe how amazing this watch is!!! UNBELIEVABLE!!! I can't believe how amazing this watch is!!! UNBELIEVABLE!!!,fake,4
LIFE CHANGING!!! Everyone should buy this phone!!! LIFE CHANGING!!! Everyone should buy this phone!!!,fake,4
I bought this phone recently and it disappointed. I bought this phone recently and it disappointed.,genuine,4
The headphones poor quality. The headphones poor quality.,genuine,4
I can't believe how amazing this headphones is!!! TOP QUALITY GUARANTEED!!!,fake,4
WATCH IS TOP QUALITY GUARANTEED!!! DON'T MISS OUT!!!,fake,4
The phone disappointed.!!!,genuine,4
THE PHONE DOES THE JOB.,genuine,4
BUY NOW BEFORE IT'S GONE!!! LIMITED TIME OFFER!!!!!!,fake,4
LIFE CHANGING!!! EVERYONE SHOULD BUY THIS HEADPHONES!!!,fake,4
The watch satisfied with the purchase. The watch satisfied with the purchase.,genuine,4
earn money fast and win exciting prizes!!!,fake,4
I bought this phone recently and it disappointed. I bought this phone recently and it disappointed.!!!,genuine,4
"AFTER USING THIS WATCH, I FEEL IT DISAPPOINTED.",genuine,4
"After using this headphones, I feel it not worth it.!!!",genuine,4
CAMERA IS BEST PRODUCT EVER!!! DON'T MISS OUT!!!,fake,4
LIFE CHANGING!!! Everyone should buy this headphones!!! LIFE CHANGING!!! Everyone should buy this headphones!!!,fake,4
THE WATCH DISAPPOINTED.!!!,genuine,4
LIFE CHANGING!!! Everyone should buy this camera!!!!!!,fake,4
earn money fast and win exciting prizes!!!,fake,4
LIFE CHANGING!!! EVERYONE SHOULD BUY THIS WATCH!!! LIFE CHANGING!!! EVERYONE SHOULD BUY THIS WATCH!!!,fake,4
CAMERA IS LIFE CHANGING!!! DON'T MISS OUT!!! CAMERA IS LIFE CHANGING!!! DON'T MISS OUT!!!,fake,4
"After using this camera, I feel it worth the price.",genuine,4
I BOUGHT THIS HEADPHONES RECENTLY AND IT STOPPED WORKING.,genuine,4
LIFE CHANGING!!! Everyone should buy this headphones!!! LIFE CHANGING!!! Everyone should buy this headphones!!!!!!,fake,4
"After using this camera, I feel it not great. After using this camera, I feel it not great.",genuine,4
"After using this headphones, I feel it stopped working. After using this headphones, I feel it stopped working.!!!",genuine,4
I bought this headphones recently and it works well.,genuine,4
"This laptop is okay, it works well.",genuine,4
The camera not worth it.!!!,genuine,4
"After using this laptop, I feel it does the job.",genuine,4
HEADPHONES IS LIFE CHANGING!!! DON'T MISS OUT!!!,fake,4
The watch satisfied with the purchase.,genuine,4
buy now before it's gone and win exciting prizes!!! buy now before it's gone and win exciting prizes!!!!!!,fake,4
This camera is TOP QUALITY GUARANTEED!!!,fake,4
earn money fast for huge discounts!!!,fake,4
"AFTER USING THIS LAPTOP, I FEEL IT SATISFIED WITH THE PURCHASE.",genuine,4
HEADPHONES IS LIFE CHANGING!!! DON'T MISS OUT!!!,fake,4
earn money fast to get this product now!!! earn money fast to get this product now!!!,fake,4
I bought this headphones recently and it poor quality.,genuine,4
"After using this camera, I feel it not great. After using this camera, I feel it not great.",genuine,4
THIS CAMERA IS BEST PRODUCT EVER!!! THIS CAMERA IS BEST PRODUCT EVER!!!,fake,4
THIS PHONE IS TOP QUALITY GUARANTEED!!!,fake,4
"This laptop is okay, it disappointed. This laptop is okay, it disappointed.!!!",genuine,4
MUST BUY!!! Everyone should buy this camera!!!,fake,4
This laptop is BEST PRODUCT EVER!!!,fake,4
The laptop poor quality. The laptop poor quality.,genuine,4
I bought this camera recently and it worth the price. I bought this camera recently and it worth the price.,genuine,4
I can't believe how amazing this watch is!!! LIFE CHANGING!!!,fake,4
VISIT THIS LINK!!! LIMITED TIME OFFER!!! VISIT THIS LINK!!! LIMITED TIME OFFER!!!!!!,fake,4
LAPTOP IS BEST PRODUCT EVER!!! DON'T MISS OUT!!!,fake,4
CAMERA IS TOP QUALITY GUARANTEED!!! DON'T MISS OUT!!!!!!,fake,4
The phone worth the price.,genuine,4
This camera is MUST BUY!!!!!!,fake,4
I bought this watch recently and it not worth it.,genuine,4
I bought this camera recently and it works well. I bought this camera recently and it works well.!!!,genuine,4
BEST PRODUCT EVER!!! EVERYONE SHOULD BUY THIS CAMERA!!!!!!,fake,4
BEST PRODUCT EVER!!! EVERYONE SHOULD BUY THIS CAMERA!!!,fake,4
CLICK HERE NOW AND WIN EXCITING PRIZES!!!!!!,fake,4
visit this link and win exciting prizes!!! visit this link and win exciting prizes!!!,fake,4
earn money fast for huge discounts!!!!!!,fake,4
I bought this camera recently and it works well.,genuine,4
"After using this headphones, I feel it worth the price. After using this headphones, I feel it worth the price.",genuine,4
The watch works well.,genuine,4
"After using this phone, I feel it not worth it. After using this phone, I feel it not worth it.",genuine,4
buy now before it's gone to get this product now!!!,fake,4
THIS HEADPHONES IS UNBELIEVABLE!!! THIS HEADPHONES IS UNBELIEVABLE!!!!!!,fake,4
The laptop not worth it.!!!,genuine,4
CAMERA IS UNBELIEVABLE!!! DON'T MISS OUT!!!!!!,fake,4
"This watch is okay, it satisfied with the purchase.!!!",genuine,4
I bought this phone recently and it satisfied with the purchase.,genuine,4
CAMERA IS UNBELIEVABLE!!! DON'T MISS OUT!!!,fake,4
I bought this headphones recently and it worth the price. I bought this headphones recently and it worth the price.!!!,genuine,4
"After using this laptop, I feel it not worth it.",genuine,4
buy now before it's gone for huge discounts!!!!!!,fake,4
I can't believe how amazing this camera is!!! MUST BUY!!!,fake,4
This laptop is TOP QUALITY GUARANTEED!!!,fake,4
THE HEADPHONES NOT GREAT.,genuine,4
The camera good quality.,genuine,4
This headphones is TOP QUALITY GUARANTEED!!!,fake,4
I CAN'T BELIEVE HOW AMAZING THIS PHONE IS!!! UNBELIEVABLE!!!,fake,4
The camera not great. The camera not great.,genuine,4
LAPTOP IS MUST BUY!!! DON'T MISS OUT!!! LAPTOP IS MUST BUY!!! DON'T MISS OUT!!!,fake,4
I BOUGHT THIS HEADPHONES RECENTLY AND IT DISAPPOINTED.,genuine,4
visit this link to get this product now!!!!!!,fake,4
The watch does the job.!!!,genuine,4
UNBELIEVABLE!!! Everyone should buy this watch!!!,fake,4
UNBELIEVABLE!!! Everyone should buy this phone!!!!!!,fake,4
I bought this laptop recently and it not worth it.!!!,genuine,4
buy now before it's gone to get this product now!!!!!!,fake,4
earn money fast to get this product now!!! earn money fast to get this product now!!!,fake,4
This laptop is UNBELIEVABLE!!!,fake,4
"This watch is okay, it not worth it.",genuine,4
earn money fast for huge discounts!!! earn money fast for huge discounts!!!,fake,4
CLICK HERE NOW!!! LIMITED TIME OFFER!!! CLICK HERE NOW!!! LIMITED TIME OFFER!!!,fake,4
WATCH IS TOP QUALITY GUARANTEED!!! DON'T MISS OUT!!! WATCH IS TOP QUALITY GUARANTEED!!! DON'T MISS OUT!!!!!!,fake,4
BUY NOW BEFORE IT'S GONE!!! LIMITED TIME OFFER!!!,fake,4
The headphones satisfied with the purchase. The headphones satisfied with the purchase.,genuine,4
buy now before it's gone and win exciting prizes!!!!!!,fake,4
This camera is TOP QUALITY GUARANTEED!!! This camera is TOP QUALITY GUARANTEED!!!,fake,4
HEADPHONES IS UNBELIEVABLE!!! DON'T MISS OUT!!!!!!,fake,4
The watch stopped working. The watch stopped working.,genuine,4
I bought this camera recently and it satisfied with the purchase. I bought this camera recently and it satisfied with the purchase.,genuine,4
I can't believe how amazing this watch is!!! LIFE CHANGING!!! I can't believe how amazing this watch is!!! LIFE CHANGING!!!,fake,4
"This laptop is okay, it satisfied with the purchase. This laptop is okay, it satisfied with the purchase.",genuine,4
"This watch is okay, it works well. This watch is okay, it works well.",genuine,4
"After using this camera, I feel it stopped working. After using this camera, I feel it stopped working.",genuine,4
UNBELIEVABLE!!! Everyone should buy this laptop!!!,fake,4
visit this link to get this product now!!!,fake,4
This phone is TOP QUALITY GUARANTEED!!!,fake,4
I can't believe how amazing this watch is!!! TOP QUALITY GUARANTEED!!!,fake,4
This camera is MUST BUY!!!!!!,fake,4
LAPTOP IS TOP QUALITY GUARANTEED!!! DON'T MISS OUT!!!,fake,4
visit this link and win exciting prizes!!! visit this link and win exciting prizes!!!!!!,fake,4
TOP QUALITY GUARANTEED!!! Everyone should buy this phone!!! TOP QUALITY GUARANTEED!!! Everyone should buy this phone!!!!!!,fake,4
This watch is TOP QUALITY GUARANTEED!!!,fake,4
This laptop is TOP QUALITY GUARANTEED!!!!!!,fake,4
BEST PRODUCT EVER!!! Everyone should buy this laptop!!!,fake,4
"After using this camera, I feel it worth the price.!!!",genuine,4
I CAN'T BELIEVE HOW AMAZING THIS PHONE IS!!! MUST BUY!!!,fake,4
earn money fast for huge discounts!!! earn money fast for huge discounts!!!,fake,4
EARN MONEY FAST AND WIN EXCITING PRIZES!!!!!!,fake,4
I bought this watch recently and it does the job.!!!,genuine,4
WATCH IS MUST BUY!!! DON'T MISS OUT!!!,fake,4
buy now before it's gone and win exciting prizes!!!,fake,4
UNBELIEVABLE!!! EVERYONE SHOULD BUY THIS LAPTOP!!!,fake,4
I can't believe how amazing this camera is!!! LIFE CHANGING!!!,fake,4
UNBELIEVABLE!!! Everyone should buy this phone!!!!!!,fake,4
I CAN'T BELIEVE HOW AMAZING THIS PHONE IS!!! TOP QUALITY GUARANTEED!!!,fake,4
I bought this watch recently and it works well.!!!,genuine,4
I bought this headphones recently and it does the job. I bought this headphones recently and it does the job.,genuine,4
TOP QUALITY GUARANTEED!!! Everyone should buy this headphones!!! TOP QUALITY GUARANTEED!!! Everyone should buy this headphones!!!,fake,4
LAPTOP IS MUST BUY!!! DON'T MISS OUT!!!!!!,fake,4
limited offer to get this product now!!!!!!,fake,4
earn money fast and win exciting prizes!!!!!!,fake,4
I BOUGHT THIS PHONE RECENTLY AND IT WORKS WELL.,genuine,4
I CAN'T BELIEVE HOW AMAZING THIS CAMERA IS!!! BEST PRODUCT EVER!!!,fake,4
buy now before it's gone and win exciting prizes!!! buy now before it's gone and win exciting prizes!!!,fake,4
I can't believe how amazing this headphones is!!! TOP QUALITY GUARANTEED!!!,fake,4
MUST BUY!!! Everyone should buy this headphones!!!!!!,fake,4
WATCH IS LIFE CHANGING!!! DON'T MISS OUT!!! WATCH IS LIFE CHANGING!!! DON'T MISS OUT!!!,fake,4
UNBELIEVABLE!!! EVERYONE SHOULD BUY THIS PHONE!!!,fake,4
click here now to get this product now!!!!!!,fake,4
I can't believe how amazing this phone is!!! LIFE CHANGING!!!,fake,4
THE WATCH POOR QUALITY. THE WATCH POOR QUALITY.,genuine,4
I bought this watch recently and it worth the price.,genuine,4
"After using this camera, I feel it does the job. After using this camera, I feel it does the job.!!!",genuine,4
"After using this laptop, I feel it poor quality.!!!",genuine,4
I bought this phone recently and it poor quality. I bought this phone recently and it poor quality.,genuine,4
VISIT THIS LINK FOR HUGE DISCOUNTS!!!,fake,4
"After using this watch, I feel it worth the price. After using this watch, I feel it worth the price.!!!",genuine,4
PHONE IS MUST BUY!!! DON'T MISS OUT!!!!!!,fake,4
buy now before it's gone and win exciting prizes!!! buy now before it's gone and win exciting prizes!!!!!!,fake,4
I can't believe how amazing this phone is!!! TOP QUALITY GUARANTEED!!!,fake,4
LAPTOP IS LIFE CHANGING!!! DON'T MISS OUT!!!,fake,4
limited offer for huge discounts!!! limited offer for huge discounts!!!,fake,4
earn money fast for huge discounts!!!!!!,fake,4
HEADPHONES IS LIFE CHANGING!!! DON'T MISS OUT!!!,fake,4
buy now before it's gone and win exciting prizes!!!,fake,4
CLICK HERE NOW AND WIN EXCITING PRIZES!!!!!!,fake,4
LIMITED OFFER!!! LIMITED TIME OFFER!!!,fake,4
"THIS PHONE IS OKAY, IT POOR QUALITY. THIS PHONE IS OKAY, IT POOR QUALITY.",genuine,4
"This phone is okay, it works well.",genuine,4
click here now and win exciting prizes!!!,fake,4
I BOUGHT THIS HEADPHONES RECENTLY AND IT DOES THE JOB.!!!,genuine,4
"After using this camera, I feel it good quality.",genuine,4
"After using this laptop, I feel it not worth it.",genuine,4
The laptop not great.,genuine,4
visit this link to get this product now!!!,fake,4
TOP QUALITY GUARANTEED!!! Everyone should buy this camera!!!,fake,4
BEST PRODUCT EVER!!! Everyone should buy this phone!!!,fake,4
THIS PHONE IS BEST PRODUCT EVER!!! THIS PHONE IS BEST PRODUCT EVER!!!,fake,4
EARN MONEY FAST AND WIN EXCITING PRIZES!!! EARN MONEY FAST AND WIN EXCITING PRIZES!!!,fake,4
visit this link to get this product now!!!,fake,4
This laptop is LIFE CHANGING!!! This laptop is LIFE CHANGING!!!,fake,4
I BOUGHT THIS LAPTOP RECENTLY AND IT NOT WORTH IT.,genuine,4
BEST PRODUCT EVER!!! Everyone should buy this headphones!!! BEST PRODUCT EVER!!! Everyone should buy this headphones!!!,fake,4
I bought this phone recently and it good quality.,genuine,4
CAMERA IS TOP QUALITY GUARANTEED!!! DON'T MISS OUT!!! CAMERA IS TOP QUALITY GUARANTEED!!! DON'T MISS OUT!!!!!!,fake,4
THIS PHONE IS BEST PRODUCT EVER!!!!!!,fake,4
The camera disappointed.!!!,genuine,4
I bought this camera recently and it works well. I bought this camera recently and it works well.,genuine,4
BUY NOW BEFORE IT'S GONE!!! LIMITED TIME OFFER!!! BUY NOW BEFORE IT'S GONE!!! LIMITED TIME OFFER!!!,fake,4
PHONE IS BEST PRODUCT EVER!!! DON'T MISS OUT!!!,fake,4
I can't believe how amazing this camera is!!! TOP QUALITY GUARANTEED!!!,fake,4
"This watch is okay, it worth the price. This watch is okay, it worth the price.!!!",genuine,4
TOP QUALITY GUARANTEED!!! Everyone should buy this phone!!!,fake,4
WATCH IS MUST BUY!!! DON'T MISS OUT!!!!!!,fake,4
"After using this laptop, I feel it not worth it.",genuine,4
The phone not worth it. The phone not worth it.!!!,genuine,4
"After using this headphones, I feel it stopped working.",genuine,4
UNBELIEVABLE!!! Everyone should buy this phone!!!,fake,4
limited offer for huge discounts!!!!!!,fake,4
THIS LAPTOP IS MUST BUY!!! THIS LAPTOP IS MUST BUY!!!,fake,4
LAPTOP IS MUST BUY!!! DON'T MISS OUT!!!,fake,4
LIMITED OFFER!!! LIMITED TIME OFFER!!! LIMITED OFFER!!! LIMITED TIME OFFER!!!,fake,4
THE HEADPHONES NOT GREAT.!!!,genuine,4
CAMERA IS UNBELIEVABLE!!! DON'T MISS OUT!!!,fake,4
This laptop is LIFE CHANGING!!!,fake,4
I can't believe how amazing this laptop is!!! LIFE CHANGING!!! I can't believe how amazing this laptop is!!! LIFE CHANGING!!!,fake,4
I bought this laptop recently and it stopped working.!!!,genuine,4
UNBELIEVABLE!!! Everyone should buy this camera!!!!!!,fake,4
click here now to get this product now!!!,fake,4
I bought this camera recently and it good quality. I bought this camera recently and it good quality.,genuine,4
The laptop not worth it.,genuine,4
HEADPHONES IS UNBELIEVABLE!!! DON'T MISS OUT!!!,fake,4
The laptop satisfied with the purchase.,genuine,4
click here now for huge discounts!!!!!!,fake,4
This watch is LIFE CHANGING!!!!!!,fake,4
The phone works well.,genuine,4
I can't believe how amazing this phone is!!! MUST BUY!!! I can't believe how amazing this phone is!!! MUST BUY!!!!!!,fake,4
"This camera is okay, it not great. This camera is okay, it not great.",genuine,4
"After using this phone, I feel it satisfied with the purchase. After using this phone, I feel it satisfied with the purchase.",genuine,4
LIMITED OFFER!!! LIMITED TIME OFFER!!! LIMITED OFFER!!! LIMITED TIME OFFER!!!,fake,4
"After using this camera, I feel it works well. After using this camera, I feel it works well.",genuine,4
"After using this camera, I feel it satisfied with the purchase.",genuine,4
This headphones is TOP QUALITY GUARANTEED!!! This headphones is TOP QUALITY GUARANTEED!!!!!!,fake,4
I can't believe how amazing this laptop is!!! MUST BUY!!!,fake,4
This camera is LIFE CHANGING!!!,fake,4
EARN MONEY FAST!!! LIMITED TIME OFFER!!!,fake,4
"This laptop is okay, it worth the price. This laptop is okay, it worth the price.",genuine,4
I bought this headphones recently and it works well.!!!,genuine,4
LIMITED OFFER!!! LIMITED TIME OFFER!!! LIMITED OFFER!!! LIMITED TIME OFFER!!!,fake,4
"After using this laptop, I feel it worth the price.",genuine,4
BUY NOW BEFORE IT'S GONE FOR HUGE DISCOUNTS!!!,fake,4
"THIS CAMERA IS OKAY, IT NOT GREAT. THIS CAMERA IS OKAY, IT NOT GREAT.!!!",genuine,4
buy now before it's gone and win exciting prizes!!!,fake,4
The camera good quality.,genuine,4
"AFTER USING THIS WATCH, I FEEL IT GOOD QUALITY.!!!",genuine,4
CAMERA IS TOP QUALITY GUARANTEED!!! DON'T MISS OUT!!!,fake,4
The camera poor quality.,genuine,4
The watch not worth it.,genuine,4
earn money fast and win exciting prizes!!!,fake,4
"After using this laptop, I feel it poor quality.",genuine,4
limited offer for huge discounts!!! limited offer for huge discounts!!!,fake,4
"After using this phone, I feel it works well.",genuine,4
BUY NOW BEFORE IT'S GONE AND WIN EXCITING PRIZES!!!,fake,4
I BOUGHT THIS HEADPHONES RECENTLY AND IT POOR QUALITY.!!!,genuine,4
The laptop does the job. The laptop does the job.,genuine,4
click here now for huge discounts!!! click here now for huge discounts!!!!!!,fake,4
"This laptop is okay, it does the job.",genuine,4
"AFTER USING THIS HEADPHONES, I FEEL IT WORTH THE PRICE.",genuine,4
"This watch is okay, it poor quality. This watch is okay, it poor quality.",genuine,4
I can't believe how amazing this phone is!!! UNBELIEVABLE!!! I can't believe how amazing this phone is!!! UNBELIEVABLE!!!,fake,4
I can't believe how amazing this camera is!!! MUST BUY!!!,fake,4
I can't believe how amazing this phone is!!! MUST BUY!!!,fake,4
I CAN'T BELIEVE HOW AMAZING THIS PHONE IS!!! LIFE CHANGING!!!!!!,fake,4
This laptop is UNBELIEVABLE!!!!!!,fake,4
BUY NOW BEFORE IT'S GONE FOR HUGE DISCOUNTS!!! BUY NOW BEFORE IT'S GONE FOR HUGE DISCOUNTS!!!,fake,4
I can't believe how amazing this headphones is!!! TOP QUALITY GUARANTEED!!!!!!,fake,4
LIFE CHANGING!!! Everyone should buy this laptop!!!,fake,4
I can't believe how amazing this phone is!!! TOP QUALITY GUARANTEED!!! I can't believe how amazing this phone is!!! TOP QUALITY GUARANTEED!!!,fake,4
The laptop works well.,genuine,4
I can't believe how amazing this camera is!!! BEST PRODUCT EVER!!!,fake,4
limited offer for huge discounts!!!,fake,4
visit this link for huge discounts!!! visit this link for huge discounts!!!,fake,4
"AFTER USING THIS HEADPHONES, I FEEL IT WORTH THE PRICE. AFTER USING THIS HEADPHONES, I FEEL IT WORTH THE PRICE.",genuine,4
This laptop is UNBELIEVABLE!!! This laptop is UNBELIEVABLE!!!,fake,4
earn money fast and win exciting prizes!!!,fake,4
"This laptop is okay, it does the job.",genuine,4
The phone stopped working. The phone stopped working.!!!,genuine,4
LAPTOP IS UNBELIEVABLE!!! DON'T MISS OUT!!!,fake,4
This phone is UNBELIEVABLE!!!,fake,4
THE WATCH STOPPED WORKING.!!!,genuine,4
visit this link to get this product now!!!!!!,fake,4
This headphones is BEST PRODUCT EVER!!! This headphones is BEST PRODUCT EVER!!!,fake,4
The phone works well. The phone works well.!!!,genuine,4
THIS HEADPHONES IS MUST BUY!!!,fake,4
"THIS LAPTOP IS OKAY, IT POOR QUALITY. THIS LAPTOP IS OKAY, IT POOR QUALITY.",genuine,4
I bought this camera recently and it worth the price.,genuine,4
I can't believe how amazing this headphones is!!! BEST PRODUCT EVER!!!,fake,4
This phone is UNBELIEVABLE!!!,fake,4
The phone poor quality.!!!,genuine,4
The camera stopped working.,genuine,4
HEADPHONES IS MUST BUY!!! DON'T MISS OUT!!!!!!,fake,4
I can't believe how amazing this laptop is!!! MUST BUY!!! I can't believe how amazing this laptop is!!! MUST BUY!!!,fake,4
This phone is LIFE CHANGING!!! This phone is LIFE CHANGING!!!,fake,4
The headphones not worth it.,genuine,4
I BOUGHT THIS CAMERA RECENTLY AND IT SATISFIED WITH THE PURCHASE.,genuine,4
MUST BUY!!! Everyone should buy this camera!!!!!!,fake,4
BEST PRODUCT EVER!!! Everyone should buy this headphones!!! BEST PRODUCT EVER!!! Everyone should buy this headphones!!!!!!,fake,4
This watch is MUST BUY!!!,fake,4
This phone is BEST PRODUCT EVER!!!,fake,4
TOP QUALITY GUARANTEED!!! EVERYONE SHOULD BUY THIS CAMERA!!!,fake,4
THIS CAMERA IS LIFE CHANGING!!!!!!,fake,4
UNBELIEVABLE!!! Everyone should buy this phone!!!,fake,4
I can't believe how amazing this headphones is!!! LIFE CHANGING!!!,fake,4
"After using this phone, I feel it stopped working. After using this phone, I feel it stopped working.",genuine,4
click here now for huge discounts!!! click here now for huge discounts!!!,fake,4
PHONE IS MUST BUY!!! DON'T MISS OUT!!!!!!,fake,4
limited offer and win exciting prizes!!!!!!,fake,4
The watch not great.,genuine,4
I bought this laptop recently and it stopped working.,genuine,4
This camera is BEST PRODUCT EVER!!! This camera is BEST PRODUCT EVER!!!,fake,4
click here now to get this product now!!!,fake,4
I bought this headphones recently and it worth the price.,genuine,4
I BOUGHT THIS PHONE RECENTLY AND IT NOT WORTH IT.,genuine,4
The laptop stopped working.!!!,genuine,4
CAMERA IS TOP QUALITY GUARANTEED!!! DON'T MISS OUT!!!,fake,4
I BOUGHT THIS PHONE RECENTLY AND IT DISAPPOINTED.!!!,genuine,4
click here now and win exciting prizes!!!,fake,4
This headphones is TOP QUALITY GUARANTEED!!! This headphones is TOP QUALITY GUARANTEED!!!,fake,4
WATCH IS UNBELIEVABLE!!! DON'T MISS OUT!!!!!!,fake,4
"After using this phone, I feel it worth the price.",genuine,4
PHONE IS TOP QUALITY GUARANTEED!!! DON'T MISS OUT!!! PHONE IS TOP QUALITY GUARANTEED!!! DON'T MISS OUT!!!,fake,4
"This watch is okay, it poor quality. This watch is okay, it poor quality.",genuine,4
"This laptop is okay, it works well.",genuine,4
LAPTOP IS TOP QUALITY GUARANTEED!!! DON'T MISS OUT!!!,fake,4
PHONE IS LIFE CHANGING!!! DON'T MISS OUT!!!,fake,4
This watch is TOP QUALITY GUARANTEED!!!,fake,4
BEST PRODUCT EVER!!! Everyone should buy this watch!!!,fake,4
PHONE IS TOP QUALITY GUARANTEED!!! DON'T MISS OUT!!! PHONE IS TOP QUALITY GUARANTEED!!! DON'T MISS OUT!!!,fake,4
This headphones is TOP QUALITY GUARANTEED!!!,fake,4
"This headphones is okay, it stopped working.",genuine,4
"After using this phone, I feel it not worth it.",genuine,4
"After using this phone, I feel it poor quality.!!!",genuine,4
BUY NOW BEFORE IT'S GONE!!! LIMITED TIME OFFER!!! BUY NOW BEFORE IT'S GONE!!! LIMITED TIME OFFER!!!,fake,4
"AFTER USING THIS WATCH, I FEEL IT STOPPED WORKING.",genuine,4
TOP QUALITY GUARANTEED!!! Everyone should buy this camera!!!!!!,fake,4
BEST PRODUCT EVER!!! Everyone should buy this headphones!!!,fake,4
"After using this laptop, I feel it not great.",genuine,4
The camera disappointed.,genuine,4
I bought this camera recently and it stopped working.!!!,genuine,4
The headphones stopped working.,genuine,4
LIFE CHANGING!!! Everyone should buy this phone!!!,fake,4
"This laptop is okay, it stopped working. This laptop is okay, it stopped working.!!!",genuine,4
click here now for huge discounts!!!,fake,4
"AFTER USING THIS LAPTOP, I FEEL IT POOR QUALITY. AFTER USING THIS LAPTOP, I FEEL IT POOR QUALITY.!!!",genuine,4
The camera good quality.,genuine,4
CAMERA IS BEST PRODUCT EVER!!! DON'T MISS OUT!!!,fake,4
THE CAMERA WORKS WELL.,genuine,4
I bought this laptop recently and it does the job.,genuine,4
I BOUGHT THIS WATCH RECENTLY AND IT NOT WORTH IT.,genuine,4
"After using this phone, I feel it works well.",genuine,4
HEADPHONES IS MUST BUY!!! DON'T MISS OUT!!!!!!,fake,4
"This phone is okay, it stopped working.!!!",genuine,4
BUY NOW BEFORE IT'S GONE!!! LIMITED TIME OFFER!!! BUY NOW BEFORE IT'S GONE!!! LIMITED TIME OFFER!!!!!!,fake,4
"This watch is okay, it not worth it.",genuine,4
I bought this watch recently and it works well. I bought this watch recently and it works well.,genuine,4
I can't believe how amazing this watch is!!! MUST BUY!!! I can't believe how amazing this watch is!!! MUST BUY!!!!!!,fake,4
This watch is UNBELIEVABLE!!! This watch is UNBELIEVABLE!!!,fake,4
This headphones is MUST BUY!!!!!!,fake,4
"This watch is okay, it stopped working.",genuine,4
UNBELIEVABLE!!! EVERYONE SHOULD BUY THIS LAPTOP!!! UNBELIEVABLE!!! EVERYONE SHOULD BUY THIS LAPTOP!!!,fake,4
The watch does the job. The watch does the job.,genuine,4
BEST PRODUCT EVER!!! Everyone should buy this phone!!! BEST PRODUCT EVER!!! Everyone should buy this phone!!!!!!,fake,4
CAMERA IS BEST PRODUCT EVER!!! DON'T MISS OUT!!!,fake,4
limited offer to get this product now!!!,fake,4
The watch works well.,genuine,4
I can't believe how amazing this laptop is!!! TOP QUALITY GUARANTEED!!!!!!,fake,4
THE WATCH NOT GREAT.,genuine,4
BEST PRODUCT EVER!!! Everyone should buy this laptop!!!!!!,fake,4
I bought this camera recently and it not great.,genuine,4
I can't believe how amazing this laptop is!!! MUST BUY!!!,fake,4
click here now and win exciting prizes!!! click here now and win exciting prizes!!!,fake,4
"This watch is okay, it worth the price.",genuine,4
I bought this laptop recently and it disappointed.,genuine,4
click here now to get this product now!!!!!!,fake,4
LIFE CHANGING!!! Everyone should buy this laptop!!!!!!,fake,4
The watch poor quality.,genuine,4
The headphones disappointed.,genuine,4
"This camera is okay, it worth the price. This camera is okay, it worth the price.!!!",genuine,4
"This camera is okay, it disappointed. This camera is okay, it disappointed.",genuine,4
TOP QUALITY GUARANTEED!!! EVERYONE SHOULD BUY THIS WATCH!!!!!!,fake,4
limited offer for huge discounts!!!,fake,4
I bought this laptop recently and it stopped working. I bought this laptop recently and it stopped working.,genuine,4
MUST BUY!!! Everyone should buy this laptop!!! MUST BUY!!! Everyone should buy this laptop!!!!!!,fake,4
LAPTOP IS MUST BUY!!! DON'T MISS OUT!!!!!!,fake,4
I CAN'T BELIEVE HOW AMAZING THIS LAPTOP IS!!! LIFE CHANGING!!!!!!,fake,4
I can't believe how amazing this laptop is!!! TOP QUALITY GUARANTEED!!!!!!,fake,4
I bought this camera recently and it does the job.,genuine,4
I can't believe how amazing this headphones is!!! BEST PRODUCT EVER!!!,fake,4
CLICK HERE NOW!!! LIMITED TIME OFFER!!!,fake,4
This laptop is UNBELIEVABLE!!!!!!,fake,4
I can't believe how amazing this watch is!!! TOP QUALITY GUARANTEED!!! I can't believe how amazing this watch is!!! TOP QUALITY GUARANTEED!!!,fake,4
I CAN'T BELIEVE HOW AMAZING THIS CAMERA IS!!! MUST BUY!!!,fake,4
BEST PRODUCT EVER!!! Everyone should buy this phone!!!,fake,4
CAMERA IS TOP QUALITY GUARANTEED!!! DON'T MISS OUT!!!!!!,fake,4
BEST PRODUCT EVER!!! Everyone should buy this laptop!!!,fake,4
"This headphones is okay, it does the job.!!!",genuine,4
MUST BUY!!! Everyone should buy this watch!!!,fake,4
This phone is LIFE CHANGING!!!,fake,4
The laptop satisfied with the purchase.,genuine,4
The headphones stopped working.,genuine,4
VISIT THIS LINK!!! LIMITED TIME OFFER!!! VISIT THIS LINK!!! LIMITED TIME OFFER!!!!!!,fake,4
"After using this camera, I feel it poor quality.",genuine,4
BUY NOW BEFORE IT'S GONE AND WIN EXCITING PRIZES!!!!!!,fake,4
LIFE CHANGING!!! Everyone should buy this phone!!!,fake,4
This laptop is TOP QUALITY GUARANTEED!!!,fake,4
CAMERA IS UNBELIEVABLE!!! DON'T MISS OUT!!!,fake,4
I BOUGHT THIS PHONE RECENTLY AND IT DOES THE JOB.!!!,genuine,4
HEADPHONES IS BEST PRODUCT EVER!!! DON'T MISS OUT!!!,fake,4
I can't believe how amazing this phone is!!! LIFE CHANGING!!!,fake,4
CAMERA IS UNBELIEVABLE!!! DON'T MISS OUT!!!,fake,4
"AFTER USING THIS CAMERA, I FEEL IT NOT WORTH IT.",genuine,4
HEADPHONES IS UNBELIEVABLE!!! DON'T MISS OUT!!! HEADPHONES IS UNBELIEVABLE!!! DON'T MISS OUT!!!!!!,fake,4
visit this link for huge discounts!!! visit this link for huge discounts!!!,fake,4
I bought this phone recently and it satisfied with the purchase. I bought this phone recently and it satisfied with the purchase.,genuine,4
VISIT THIS LINK!!! LIMITED TIME OFFER!!!,fake,4
I bought this watch recently and it stopped working.!!!,genuine,4
TOP QUALITY GUARANTEED!!! Everyone should buy this laptop!!! TOP QUALITY GUARANTEED!!! Everyone should buy this laptop!!!,fake,4
buy now before it's gone to get this product now!!!,fake,4
WATCH IS MUST BUY!!! DON'T MISS OUT!!!,fake,4
The camera not worth it.,genuine,4
UNBELIEVABLE!!! Everyone should buy this phone!!!,fake,4
MUST BUY!!! EVERYONE SHOULD BUY THIS WATCH!!!!!!,fake,4
visit this link and win exciting prizes!!! visit this link and win exciting prizes!!!,fake,4
I bought this camera recently and it does the job.,genuine,4
visit this link and win exciting prizes!!!,fake,4
I bought this camera recently and it good quality.,genuine,4
"This laptop is okay, it works well. This laptop is okay, it works well.",genuine,4
BUY NOW BEFORE IT'S GONE AND WIN EXCITING PRIZES!!!!!!,fake,4
This headphones is LIFE CHANGING!!!,fake,4
CLICK HERE NOW!!! LIMITED TIME OFFER!!!,fake,4
This watch is UNBELIEVABLE!!!,fake,4
"After using this watch, I feel it satisfied with the purchase.",genuine,4
click here now for huge discounts!!!,fake,4
PHONE IS LIFE CHANGING!!! DON'T MISS OUT!!!,fake,4
WATCH IS MUST BUY!!! DON'T MISS OUT!!!,fake,4
THIS PHONE IS LIFE CHANGING!!!!!!,fake,4
UNBELIEVABLE!!! Everyone should buy this camera!!! UNBELIEVABLE!!! Everyone should buy this camera!!!,fake,4
I can't believe how amazing this camera is!!! UNBELIEVABLE!!! I can't believe how amazing this camera is!!! UNBELIEVABLE!!!!!!,fake,4
LIMITED OFFER!!! LIMITED TIME OFFER!!!,fake,4
WATCH IS LIFE CHANGING!!! DON'T MISS OUT!!! WATCH IS LIFE CHANGING!!! DON'T MISS OUT!!!,fake,4
"This watch is okay, it good quality.",genuine,4
click here now and win exciting prizes!!!,fake,4
I bought this headphones recently and it satisfied with the purchase. I bought this headphones recently and it satisfied with the purchase.,genuine,4
"After using this laptop, I feel it works well.",genuine,4
BUY NOW BEFORE IT'S GONE FOR HUGE DISCOUNTS!!!,fake,4
I bought this phone recently and it not worth it. I bought this phone recently and it not worth it.,genuine,4
The headphones poor quality.,genuine,4
click here now and win exciting prizes!!!,fake,4
BEST PRODUCT EVER!!! Everyone should buy this camera!!! BEST PRODUCT EVER!!! Everyone should buy this camera!!!,fake,4
limited offer for huge discounts!!!!!!,fake,4
PHONE IS TOP QUALITY GUARANTEED!!! DON'T MISS OUT!!! PHONE IS TOP QUALITY GUARANTEED!!! DON'T MISS OUT!!!,fake,4
I can't believe how amazing this watch is!!! MUST BUY!!!!!!,fake,4
The laptop not great.,genuine,4
"This headphones is okay, it good quality.",genuine,4
WATCH IS LIFE CHANGING!!! DON'T MISS OUT!!!,fake,4
LAPTOP IS TOP QUALITY GUARANTEED!!! DON'T MISS OUT!!! LAPTOP IS TOP QUALITY GUARANTEED!!! DON'T MISS OUT!!!,fake,4
"After using this laptop, I feel it disappointed.",genuine,4
CLICK HERE NOW FOR HUGE DISCOUNTS!!! CLICK HERE NOW FOR HUGE DISCOUNTS!!!!!!,fake,4
The watch satisfied with the purchase. The watch satisfied with the purchase.!!!,genuine,4
I can't believe how amazing this camera is!!! UNBELIEVABLE!!! I can't believe how amazing this camera is!!! UNBELIEVABLE!!!!!!,fake,4
The camera works well.!!!,genuine,4
BEST PRODUCT EVER!!! Everyone should buy this camera!!!,fake,4
THE PHONE NOT GREAT. THE PHONE NOT GREAT.!!!,genuine,4
"This phone is okay, it works well. This phone is okay, it works well.!!!",genuine,4
I bought this laptop recently and it disappointed. I bought this laptop recently and it disappointed.,genuine,4
WATCH IS MUST BUY!!! DON'T MISS OUT!!!,fake,4
The laptop poor quality.,genuine,4
BUY NOW BEFORE IT'S GONE!!! LIMITED TIME OFFER!!! BUY NOW BEFORE IT'S GONE!!! LIMITED TIME OFFER!!!!!!,fake,4
LIFE CHANGING!!! Everyone should buy this phone!!!,fake,4
I can't believe how amazing this camera is!!! BEST PRODUCT EVER!!! I can't believe how amazing this camera is!!! BEST PRODUCT EVER!!!,fake,4
"After using this headphones, I feel it not worth it.!!!",genuine,4
limited offer for huge discounts!!!!!!,fake,4
click here now for huge discounts!!! click here now for huge discounts!!!,fake,4
"After using this phone, I feel it does the job.!!!",genuine,4
limited offer for huge discounts!!!,fake,4
THE PHONE GOOD QUALITY.,genuine,4
I can't believe how amazing this phone is!!! UNBELIEVABLE!!!!!!,fake,4
UNBELIEVABLE!!! Everyone should buy this laptop!!! UNBELIEVABLE!!! Everyone should buy this laptop!!!,fake,4
"After using this watch, I feel it good quality.",genuine,4
The watch does the job.!!!,genuine,4
"This headphones is okay, it satisfied with the purchase. This headphones is okay, it satisfied with the purchase.",genuine,4
"This headphones is okay, it not great. This headphones is okay, it not great.",genuine,4
LIMITED OFFER FOR HUGE DISCOUNTS!!!,fake,4
buy now before it's gone to get this product now!!! buy now before it's gone to get this product now!!!,fake,4
CLICK HERE NOW!!! LIMITED TIME OFFER!!!,fake,4
click here now to get this product now!!! click here now to get this product now!!!!!!,fake,4
I can't believe how amazing this laptop is!!! UNBELIEVABLE!!!,fake,4
The camera poor quality.,genuine,4
LIMITED OFFER!!! LIMITED TIME OFFER!!!,fake,4
VISIT THIS LINK!!! LIMITED TIME OFFER!!!,fake,4
visit this link to get this product now!!! visit this link to get this product now!!!!!!,fake,4
This laptop is UNBELIEVABLE!!!,fake,4
"This phone is okay, it does the job.",genuine,4
THIS LAPTOP IS BEST PRODUCT EVER!!!!!!,fake,4
I can't believe how amazing this watch is!!! TOP QUALITY GUARANTEED!!!,fake,4
"THIS PHONE IS OKAY, IT WORKS WELL. THIS PHONE IS OKAY, IT WORKS WELL.",genuine,4
TOP QUALITY GUARANTEED!!! Everyone should buy this watch!!!,fake,4
I can't believe how amazing this headphones is!!! MUST BUY!!!,fake,4
I can't believe how amazing this headphones is!!! MUST BUY!!!,fake,4
"THIS LAPTOP IS OKAY, IT POOR QUALITY.!!!",genuine,4
MUST BUY!!! Everyone should buy this camera!!!,fake,4
limited offer for huge discounts!!!,fake,4
I bought this camera recently and it good quality.,genuine,4
"After using this watch, I feel it does the job.",genuine,4
This laptop is BEST PRODUCT EVER!!! This laptop is BEST PRODUCT EVER!!!!!!,fake,4
earn money fast and win exciting prizes!!! earn money fast and win exciting prizes!!!!!!,fake,4
earn money fast for huge discounts!!! earn money fast for huge discounts!!!,fake,4
VISIT THIS LINK AND WIN EXCITING PRIZES!!!,fake,4
HEADPHONES IS BEST PRODUCT EVER!!! DON'T MISS OUT!!! HEADPHONES IS BEST PRODUCT EVER!!! DON'T MISS OUT!!!!!!,fake,4
THE HEADPHONES WORKS WELL.!!!,genuine,4
I bought this phone recently and it poor quality.,genuine,4
I bought this phone recently and it works well.!!!,genuine,4
earn money fast to get this product now!!!,fake,4
I can't believe how amazing this camera is!!! MUST BUY!!!,fake,4
buy now before it's gone to get this product now!!!,fake,4
HEADPHONES IS BEST PRODUCT EVER!!! DON'T MISS OUT!!!!!!,fake,4
"This phone is okay, it satisfied with the purchase. This phone is okay, it satisfied with the purchase.",genuine,4
THE WATCH SATISFIED WITH THE PURCHASE.,genuine,4
"This laptop is okay, it good quality.",genuine,4
MUST BUY!!! Everyone should buy this laptop!!! MUST BUY!!! Everyone should buy this laptop!!!,fake,4
I can't believe how amazing this laptop is!!! LIFE CHANGING!!! I can't believe how amazing this laptop is!!! LIFE CHANGING!!!,fake,4
PHONE IS BEST PRODUCT EVER!!! DON'T MISS OUT!!!!!!,fake,4
earn money fast for huge discounts!!!,fake,4
WATCH IS UNBELIEVABLE!!! DON'T MISS OUT!!!,fake,4
This watch is TOP QUALITY GUARANTEED!!!,fake,4
click here now to get this product now!!!!!!,fake,4
This camera is LIFE CHANGING!!!!!!,fake,4
"After using this watch, I feel it good quality.",genuine,4
I BOUGHT THIS WATCH RECENTLY AND IT GOOD QUALITY.,genuine,4
This camera is TOP QUALITY GUARANTEED!!!,fake,4
I CAN'T BELIEVE HOW AMAZING THIS PHONE IS!!! BEST PRODUCT EVER!!!!!!,fake,4
LIFE CHANGING!!! Everyone should buy this headphones!!!,fake,4
CLICK HERE NOW!!! LIMITED TIME OFFER!!! CLICK HERE NOW!!! LIMITED TIME OFFER!!!,fake,4
The headphones works well.,genuine,4
"After using this watch, I feel it not great. After using this watch, I feel it not great.",genuine,4
This watch is LIFE CHANGING!!!,fake,4
PHONE IS UNBELIEVABLE!!! DON'T MISS OUT!!!!!!,fake,4
"THIS WATCH IS OKAY, IT POOR QUALITY.",genuine,4
PHONE IS BEST PRODUCT EVER!!! DON'T MISS OUT!!! PHONE IS BEST PRODUCT EVER!!! DON'T MISS OUT!!!,fake,4
EARN MONEY FAST TO GET THIS PRODUCT NOW!!! EARN MONEY FAST TO GET THIS PRODUCT NOW!!!,fake,4
THIS LAPTOP IS BEST PRODUCT EVER!!!,fake,4
This watch is TOP QUALITY GUARANTEED!!!,fake,4
HEADPHONES IS TOP QUALITY GUARANTEED!!! DON'T MISS OUT!!!,fake,4
UNBELIEVABLE!!! Everyone should buy this watch!!!,fake,4
The camera good quality. The camera good quality.,genuine,4
CAMERA IS MUST BUY!!! DON'T MISS OUT!!!!!!,fake,4
The camera does the job.,genuine,4
HEADPHONES IS LIFE CHANGING!!! DON'T MISS OUT!!!,fake,4
"This phone is okay, it worth the price.",genuine,4
This phone is LIFE CHANGING!!!!!!,fake,4
"After using this phone, I feel it stopped working.",genuine,4
buy now before it's gone for huge discounts!!! buy now before it's gone for huge discounts!!!!!!,fake,4
UNBELIEVABLE!!! EVERYONE SHOULD BUY THIS PHONE!!!,fake,4
CLICK HERE NOW!!! LIMITED TIME OFFER!!!,fake,4
"This camera is okay, it not great.!!!",genuine,4
This phone is UNBELIEVABLE!!! This phone is UNBELIEVABLE!!!,fake,4
I can't believe how amazing this laptop is!!! LIFE CHANGING!!! I can't believe how amazing this laptop is!!! LIFE CHANGING!!!,fake,4
buy now before it's gone and win exciting prizes!!! buy now before it's gone and win exciting prizes!!!,fake,4
PHONE IS LIFE CHANGING!!! DON'T MISS OUT!!! PHONE IS LIFE CHANGING!!! DON'T MISS OUT!!!,fake,4
THE HEADPHONES NOT GREAT.,genuine,4
limited offer for huge discounts!!!,fake,4
"This headphones is okay, it poor quality.",genuine,4
I bought this laptop recently and it worth the price.,genuine,4
BEST PRODUCT EVER!!! Everyone should buy this phone!!!,fake,4
PHONE IS UNBELIEVABLE!!! DON'T MISS OUT!!!,fake,4
CAMERA IS UNBELIEVABLE!!! DON'T MISS OUT!!! CAMERA IS UNBELIEVABLE!!! DON'T MISS OUT!!!,fake,4
CAMERA IS TOP QUALITY GUARANTEED!!! DON'T MISS OUT!!!,fake,4
earn money fast and win exciting prizes!!!!!!,fake,4
"After using this headphones, I feel it good quality.!!!",genuine,4
The watch stopped working.,genuine,4
earn money fast for huge discounts!!!,fake,4
"AFTER USING THIS HEADPHONES, I FEEL IT SATISFIED WITH THE PURCHASE.",genuine,4
click here now for huge discounts!!!,fake,4
The phone disappointed.,genuine,4
I bought this watch recently and it not great.,genuine,4
I can't believe how amazing this headphones is!!! LIFE CHANGING!!!,fake,4
"After using this watch, I feel it worth the price.",genuine,4
TOP QUALITY GUARANTEED!!! Everyone should buy this laptop!!!,fake,4
"After using this laptop, I feel it does the job.",genuine,4
"This phone is okay, it worth the price. This phone is okay, it worth the price.",genuine,4
"This headphones is okay, it not worth it. This headphones is okay, it not worth it.!!!",genuine,4
I CAN'T BELIEVE HOW AMAZING THIS LAPTOP IS!!! TOP QUALITY GUARANTEED!!! I CAN'T BELIEVE HOW AMAZING THIS LAPTOP IS!!! TOP QUALITY GUARANTEED!!!,fake,4
I CAN'T BELIEVE HOW AMAZING THIS PHONE IS!!! BEST PRODUCT EVER!!!,fake,4
I bought this watch recently and it disappointed. I bought this watch recently and it disappointed.,genuine,4
The headphones not great.,genuine,4
buy now before it's gone and win exciting prizes!!! buy now before it's gone and win exciting prizes!!!,fake,4
"This laptop is okay, it good quality.",genuine,4
"After using this phone, I feel it does the job.!!!",genuine,4
This watch is LIFE CHANGING!!!,fake,4
"This laptop is okay, it poor quality. This laptop is okay, it poor quality.",genuine,4
"THIS HEADPHONES IS OKAY, IT DISAPPOINTED.",genuine,4
THE WATCH DISAPPOINTED.,genuine,4
This laptop is BEST PRODUCT EVER!!!,fake,4
PHONE IS UNBELIEVABLE!!! DON'T MISS OUT!!! PHONE IS UNBELIEVABLE!!! DON'T MISS OUT!!!,fake,4
"After using this phone, I feel it poor quality.",genuine,4
BUY NOW BEFORE IT'S GONE AND WIN EXCITING PRIZES!!!,fake,4
HEADPHONES IS MUST BUY!!! DON'T MISS OUT!!!,fake,4
I bought this laptop recently and it worth the price.,genuine,4
VISIT THIS LINK AND WIN EXCITING PRIZES!!!,fake,4
I can't believe how amazing this phone is!!! UNBELIEVABLE!!!,fake,4
"After using this laptop, I feel it good quality.",genuine,4
"This phone is okay, it good quality.",genuine,4
This camera is LIFE CHANGING!!! This camera is LIFE CHANGING!!!!!!,fake,4
I BOUGHT THIS HEADPHONES RECENTLY AND IT DISAPPOINTED.,genuine,4
buy now before it's gone and win exciting prizes!!! buy now before it's gone and win exciting prizes!!!,fake,4
I bought this phone recently and it stopped working.!!!,genuine,4
"This camera is okay, it stopped working.",genuine,4
limited offer and win exciting prizes!!! limited offer and win exciting prizes!!!,fake,4
UNBELIEVABLE!!! Everyone should buy this watch!!!!!!,fake,4
click here now to get this product now!!!!!!,fake,4
The watch good quality.!!!,genuine,4
UNBELIEVABLE!!! Everyone should buy this laptop!!!,fake,4
I bought this watch recently and it satisfied with the purchase.,genuine,4
I can't believe how amazing this phone is!!! MUST BUY!!!,fake,4
I can't believe how amazing this camera is!!! TOP QUALITY GUARANTEED!!! I can't believe how amazing this camera is!!! TOP QUALITY GUARANTEED!!!,fake,4
This headphones is TOP QUALITY GUARANTEED!!! This headphones is TOP QUALITY GUARANTEED!!!,fake,4
This phone is TOP QUALITY GUARANTEED!!!,fake,4
I bought this watch recently and it disappointed.,genuine,4
LIFE CHANGING!!! Everyone should buy this headphones!!!,fake,4
I bought this laptop recently and it does the job. I bought this laptop recently and it does the job.,genuine,4
I bought this camera recently and it worth the price.,genuine,4
visit this link and win exciting prizes!!!,fake,4
THE HEADPHONES GOOD QUALITY.,genuine,4
I bought this headphones recently and it works well.,genuine,4
I can't believe how amazing this headphones is!!! MUST BUY!!!,fake,4
"This watch is okay, it worth the price. This watch is okay, it worth the price.!!!",genuine,4
CLICK HERE NOW!!! LIMITED TIME OFFER!!! CLICK HERE NOW!!! LIMITED TIME OFFER!!!!!!,fake,4
THE HEADPHONES NOT GREAT. THE HEADPHONES NOT GREAT.,genuine,4
MUST BUY!!! Everyone should buy this phone!!! MUST BUY!!! Everyone should buy this phone!!!,fake,4
HEADPHONES IS BEST PRODUCT EVER!!! DON'T MISS OUT!!! HEADPHONES IS BEST PRODUCT EVER!!! DON'T MISS OUT!!!!!!,fake,4
"THIS PHONE IS OKAY, IT WORTH THE PRICE.",genuine,4
I bought this phone recently and it worth the price.!!!,genuine,4
earn money fast to get this product now!!! earn money fast to get this product now!!!,fake,4
TOP QUALITY GUARANTEED!!! Everyone should buy this watch!!!,fake,4
limited offer and win exciting prizes!!!,fake,4
HEADPHONES IS MUST BUY!!! DON'T MISS OUT!!!,fake,4
limited offer to get this product now!!!,fake,4
The headphones satisfied with the purchase. The headphones satisfied with the purchase.!!!,genuine,4
earn money fast to get this product now!!!,fake,4
visit this link and win exciting prizes!!! visit this link and win exciting prizes!!!,fake,4
"This headphones is okay, it works well. This headphones is okay, it works well.!!!",genuine,4
TOP QUALITY GUARANTEED!!! Everyone should buy this watch!!!,fake,4
UNBELIEVABLE!!! Everyone should buy this watch!!!!!!,fake,4
LIFE CHANGING!!! Everyone should buy this laptop!!!!!!,fake,4
I can't believe how amazing this camera is!!! LIFE CHANGING!!!,fake,4
"After using this headphones, I feel it stopped working. After using this headphones, I feel it stopped working.",genuine,4
"After using this camera, I feel it works well.!!!",genuine,4
"THIS LAPTOP IS OKAY, IT DISAPPOINTED.",genuine,4
This watch is MUST BUY!!! This watch is MUST BUY!!!!!!,fake,4
"THIS WATCH IS OKAY, IT NOT GREAT.",genuine,4
LAPTOP IS TOP QUALITY GUARANTEED!!! DON'T MISS OUT!!!,fake,4
The laptop worth the price.,genuine,4
click here now for huge discounts!!!!!!,fake,4
"After using this watch, I feel it good quality. After using this watch, I feel it good quality.",genuine,4
"THIS CAMERA IS OKAY, IT POOR QUALITY.",genuine,4
PHONE IS BEST PRODUCT EVER!!! DON'T MISS OUT!!!,fake,4
THE PHONE STOPPED WORKING.,genuine,4
"After using this headphones, I feel it poor quality.",genuine,4
I BOUGHT THIS CAMERA RECENTLY AND IT STOPPED WORKING.,genuine,4
"This phone is okay, it does the job.",genuine,4
I bought this phone recently and it satisfied with the purchase.!!!,genuine,4
The camera not great.,genuine,4
"This laptop is okay, it not great. This laptop is okay, it not great.",genuine,4
buy now before it's gone and win exciting prizes!!!,fake,4
earn money fast for huge discounts!!!!!!,fake,4
BEST PRODUCT EVER!!! Everyone should buy this laptop!!!!!!,fake,4
PHONE IS TOP QUALITY GUARANTEED!!! DON'T MISS OUT!!!,fake,4
The headphones not great.!!!,genuine,4
THIS PHONE IS BEST PRODUCT EVER!!!,fake,4
UNBELIEVABLE!!! Everyone should buy this laptop!!!!!!,fake,4
I bought this headphones recently and it good quality.,genuine,4
HEADPHONES IS LIFE CHANGING!!! DON'T MISS OUT!!!,fake,4
I bought this camera recently and it not worth it.,genuine,4
earn money fast for huge discounts!!!,fake,4
The camera disappointed.,genuine,4
I can't believe how amazing this headphones is!!! BEST PRODUCT EVER!!! I can't believe how amazing this headphones is!!! BEST PRODUCT EVER!!!,fake,4
"This watch is okay, it stopped working. This watch is okay, it stopped working.!!!",genuine,4
The phone worth the price. The phone worth the price.,genuine,4
MUST BUY!!! Everyone should buy this watch!!! MUST BUY!!! Everyone should buy this watch!!!,fake,4
"This watch is okay, it worth the price.",genuine,4
PHONE IS LIFE CHANGING!!! DON'T MISS OUT!!! PHONE IS LIFE CHANGING!!! DON'T MISS OUT!!!,fake,4
I bought this watch recently and it disappointed. I bought this watch recently and it disappointed.,genuine,4
visit this link and win exciting prizes!!!!!!,fake,4
"After using this laptop, I feel it stopped working.!!!",genuine,4
I can't believe how amazing this laptop is!!! UNBELIEVABLE!!!!!!,fake,4
earn money fast to get this product now!!!,fake,4
visit this link to get this product now!!!,fake,4
"After using this camera, I feel it satisfied with the purchase.",genuine,4
I can't believe how amazing this laptop is!!! UNBELIEVABLE!!!!!!,fake,4
MUST BUY!!! Everyone should buy this camera!!! MUST BUY!!! Everyone should buy this camera!!!!!!,fake,4
UNBELIEVABLE!!! Everyone should buy this phone!!!!!!,fake,4
LAPTOP IS BEST PRODUCT EVER!!! DON'T MISS OUT!!!,fake,4
"This phone is okay, it stopped working. This phone is okay, it stopped working.",genuine,4
This laptop is TOP QUALITY GUARANTEED!!!!!!,fake,4
"This phone is okay, it good quality. This phone is okay, it good quality.",genuine,4
VISIT THIS LINK!!! LIMITED TIME OFFER!!!!!!,fake,4
I can't believe how amazing this watch is!!! LIFE CHANGING!!!,fake,4
The headphones stopped working. The headphones stopped working.,genuine,4
This laptop is MUST BUY!!! This laptop is MUST BUY!!!!!!,fake,4
I can't believe how amazing this phone is!!! BEST PRODUCT EVER!!!!!!,fake,4
EARN MONEY FAST!!! LIMITED TIME OFFER!!!!!!,fake,4
The watch stopped working.!!!,genuine,4
The watch does the job.!!!,genuine,4
CLICK HERE NOW FOR HUGE DISCOUNTS!!! CLICK HERE NOW FOR HUGE DISCOUNTS!!!,fake,4
THE WATCH WORTH THE PRICE.,genuine,4
MUST BUY!!! Everyone should buy this watch!!! MUST BUY!!! Everyone should buy this watch!!!,fake,4
TOP QUALITY GUARANTEED!!! Everyone should buy this camera!!!,fake,4
"This phone is okay, it not worth it.",genuine,4
limited offer for huge discounts!!! limited offer for huge discounts!!!!!!,fake,4
I bought this phone recently and it satisfied with the purchase.,genuine,4
The camera not great.,genuine,4
MUST BUY!!! Everyone should buy this laptop!!!!!!,fake,4
I can't believe how amazing this phone is!!! MUST BUY!!!!!!,fake,4
LAPTOP IS BEST PRODUCT EVER!!! DON'T MISS OUT!!! LAPTOP IS BEST PRODUCT EVER!!! DON'T MISS OUT!!!,fake,4
earn money fast for huge discounts!!! earn money fast for huge discounts!!!,fake,4
I bought this headphones recently and it poor quality. I bought this headphones recently and it poor quality.!!!,genuine,4
buy now before it's gone to get this product now!!! buy now before it's gone to get this product now!!!,fake,4
I can't believe how amazing this phone is!!! LIFE CHANGING!!!!!!,fake,4
The camera disappointed.,genuine,4
THIS WATCH IS LIFE CHANGING!!!!!!,fake,4
PHONE IS BEST PRODUCT EVER!!! DON'T MISS OUT!!! PHONE IS BEST PRODUCT EVER!!! DON'T MISS OUT!!!,fake,4
"This laptop is okay, it not great.!!!",genuine,4
This watch is LIFE CHANGING!!!,fake,4
earn money fast to get this product now!!!,fake,4
BUY NOW BEFORE IT'S GONE!!! LIMITED TIME OFFER!!! BUY NOW BEFORE IT'S GONE!!! LIMITED TIME OFFER!!!!!!,fake,4
THE PHONE NOT GREAT. THE PHONE NOT GREAT.,genuine,4
click here now for huge discounts!!!,fake,4
buy now before it's gone and win exciting prizes!!!,fake,4
"This watch is okay, it does the job.!!!",genuine,4
The watch satisfied with the purchase. The watch satisfied with the purchase.,genuine,4
"THIS WATCH IS OKAY, IT WORTH THE PRICE. THIS WATCH IS OKAY, IT WORTH THE PRICE.",genuine,4
This phone is LIFE CHANGING!!! This phone is LIFE CHANGING!!!,fake,4
EARN MONEY FAST!!! LIMITED TIME OFFER!!!!!!,fake,4
The laptop works well.,genuine,4
earn money fast to get this product now!!!,fake,4
EARN MONEY FAST!!! LIMITED TIME OFFER!!!!!!,fake,4
CLICK HERE NOW!!! LIMITED TIME OFFER!!!!!!,fake,4
I can't believe how amazing this headphones is!!! LIFE CHANGING!!!!!!,fake,4
The camera stopped working.,genuine,4
I bought this laptop recently and it worth the price.,genuine,4
UNBELIEVABLE!!! Everyone should buy this watch!!!,fake,4
THE HEADPHONES DOES THE JOB.,genuine,4
WATCH IS TOP QUALITY GUARANTEED!!! DON'T MISS OUT!!!,fake,4
I bought this camera recently and it works well. I bought this camera recently and it works well.!!!,genuine,4
I bought this watch recently and it worth the price.,genuine,4
WATCH IS TOP QUALITY GUARANTEED!!! DON'T MISS OUT!!! WATCH IS TOP QUALITY GUARANTEED!!! DON'T MISS OUT!!!,fake,4
LIMITED OFFER!!! LIMITED TIME OFFER!!! LIMITED OFFER!!! LIMITED TIME OFFER!!!,fake,4
LIFE CHANGING!!! Everyone should buy this phone!!!,fake,4
HEADPHONES IS MUST BUY!!! DON'T MISS OUT!!!!!!,fake,4
PHONE IS LIFE CHANGING!!! DON'T MISS OUT!!! PHONE IS LIFE CHANGING!!! DON'T MISS OUT!!!,fake,4
LIFE CHANGING!!! EVERYONE SHOULD BUY THIS CAMERA!!! LIFE CHANGING!!! EVERYONE SHOULD BUY THIS CAMERA!!!,fake,4
I BOUGHT THIS HEADPHONES RECENTLY AND IT POOR QUALITY.,genuine,4
earn money fast for huge discounts!!! earn money fast for huge discounts!!!,fake,3
BEST PRODUCT EVER!!! Everyone should buy this watch!!! BEST PRODUCT EVER!!! Everyone should buy this watch!!!,fake,3
"This laptop is okay, it worth the price.!!!",genuine,3
earn money fast to get this product now!!!,fake,3
"THIS HEADPHONES IS OKAY, IT NOT GREAT.!!!",genuine,3
PHONE IS MUST BUY!!! DON'T MISS OUT!!!!!!,fake,3
This headphones is BEST PRODUCT EVER!!! This headphones is BEST PRODUCT EVER!!!!!!,fake,3
"This headphones is okay, it does the job.",genuine,3
This phone is TOP QUALITY GUARANTEED!!!,fake,3
"After using this watch, I feel it does the job.",genuine,3
I can't believe how amazing this headphones is!!! BEST PRODUCT EVER!!!,fake,3
PHONE IS UNBELIEVABLE!!! DON'T MISS OUT!!!,fake,3
LAPTOP IS MUST BUY!!! DON'T MISS OUT!!! LAPTOP IS MUST BUY!!! DON'T MISS OUT!!!!!!,fake,3
THE PHONE NOT GREAT.!!!,genuine,3
I can't believe how amazing this watch is!!! UNBELIEVABLE!!!!!!,fake,3
This camera is TOP QUALITY GUARANTEED!!!,fake,3
I can't believe how amazing this phone is!!! LIFE CHANGING!!!,fake,3
The laptop works well.,genuine,3
BUY NOW BEFORE IT'S GONE!!! LIMITED TIME OFFER!!!,fake,3
I can't believe how amazing this camera is!!! UNBELIEVABLE!!! I can't believe how amazing this camera is!!! UNBELIEVABLE!!!,fake,3
BEST PRODUCT EVER!!! Everyone should buy this laptop!!!,fake,3
click here now for huge discounts!!! click here now for huge discounts!!!!!!,fake,3
I BOUGHT THIS PHONE RECENTLY AND IT NOT GREAT. I BOUGHT THIS PHONE RECENTLY AND IT NOT GREAT.!!!,genuine,3
VISIT THIS LINK AND WIN EXCITING PRIZES!!!!!!,fake,3
buy now before it's gone and win exciting prizes!!!,fake,3
"After using this phone, I feel it works well. After using this phone, I feel it works well.",genuine,3
I BOUGHT THIS PHONE RECENTLY AND IT WORKS WELL.,genuine,3
"After using this watch, I feel it satisfied with the purchase.",genuine,3
"THIS PHONE IS OKAY, IT WORTH THE PRICE. THIS PHONE IS OKAY, IT WORTH THE PRICE.",genuine,3
"This laptop is okay, it does the job.",genuine,3
I bought this phone recently and it satisfied with the purchase.,genuine,3
"After using this camera, I feel it does the job. After using this camera, I feel it does the job.",genuine,3
"This camera is okay, it satisfied with the purchase.!!!",genuine,3
THIS CAMERA IS TOP QUALITY GUARANTEED!!! THIS CAMERA IS TOP QUALITY GUARANTEED!!!!!!,fake,3
The watch stopped working.,genuine,3
"This phone is okay, it good quality.!!!",genuine,3
I bought this watch recently and it not great.!!!,genuine,3
THE LAPTOP DISAPPOINTED.,genuine,3
"After using this watch, I feel it satisfied with the purchase. After using this watch, I feel it satisfied with the purchase.",genuine,3
I BOUGHT THIS WATCH RECENTLY AND IT NOT GREAT. I BOUGHT THIS WATCH RECENTLY AND IT NOT GREAT.,genuine,3
LIMITED OFFER!!! LIMITED TIME OFFER!!!,fake,3
PHONE IS MUST BUY!!! DON'T MISS OUT!!!,fake,3
LIMITED OFFER FOR HUGE DISCOUNTS!!!,fake,3
MUST BUY!!! EVERYONE SHOULD BUY THIS HEADPHONES!!! MUST BUY!!! EVERYONE SHOULD BUY THIS HEADPHONES!!!,fake,3
BUY NOW BEFORE IT'S GONE!!! LIMITED TIME OFFER!!!!!!,fake,3
This headphones is BEST PRODUCT EVER!!!,fake,3
visit this link to get this product now!!!!!!,fake,3
limited offer for huge discounts!!!!!!,fake,3
VISIT THIS LINK!!! LIMITED TIME OFFER!!!,fake,3
I CAN'T BELIEVE HOW AMAZING THIS CAMERA IS!!! BEST PRODUCT EVER!!!!!!,fake,3
This phone is LIFE CHANGING!!!,fake,3
This laptop is BEST PRODUCT EVER!!!,fake,3
I can't believe how amazing this camera is!!! UNBELIEVABLE!!!,fake,3
LAPTOP IS MUST BUY!!! DON'T MISS OUT!!!!!!,fake,3
I bought this camera recently and it does the job. I bought this camera recently and it does the job.!!!,genuine,3
The phone not great. The phone not great.!!!,genuine,3
WATCH IS TOP QUALITY GUARANTEED!!! DON'T MISS OUT!!! WATCH IS TOP QUALITY GUARANTEED!!! DON'T MISS OUT!!!!!!,fake,3
"After using this phone, I feel it not great.!!!",genuine,3
"THIS HEADPHONES IS OKAY, IT WORTH THE PRICE. THIS HEADPHONES IS OKAY, IT WORTH THE PRICE.",genuine,3
This phone is MUST BUY!!!,fake,3
The camera good quality.,genuine,3
buy now before it's gone and win exciting prizes!!!,fake,3
I can't believe how amazing this camera is!!! BEST PRODUCT EVER!!! I can't believe how amazing this camera is!!! BEST PRODUCT EVER!!!,fake,3
The laptop does the job.,genuine,4
"After using this watch, I feel it worth the price. After using this watch, I feel it worth the price.",genuine,4
The laptop stopped working.,genuine,4
I BOUGHT THIS PHONE RECENTLY AND IT NOT GREAT.,genuine,4
CAMERA IS TOP QUALITY GUARANTEED!!! DON'T MISS OUT!!!!!!,fake,4
"After using this laptop, I feel it satisfied with the purchase.!!!",genuine,4
PHONE IS MUST BUY!!! DON'T MISS OUT!!!,fake,4
I bought this headphones recently and it good quality. I bought this headphones recently and it good quality.!!!,genuine,4
"This laptop is okay, it does the job.",genuine,4
"THIS WATCH IS OKAY, IT WORTH THE PRICE. THIS WATCH IS OKAY, IT WORTH THE PRICE.",genuine,4
click here now and win exciting prizes!!!,fake,4
I can't believe how amazing this camera is!!! LIFE CHANGING!!!,fake,4
LIFE CHANGING!!! EVERYONE SHOULD BUY THIS PHONE!!! LIFE CHANGING!!! EVERYONE SHOULD BUY THIS PHONE!!!,fake,4
"After using this headphones, I feel it poor quality. After using this headphones, I feel it poor quality.",genuine,4
I bought this watch recently and it disappointed.,genuine,4
BUY NOW BEFORE IT'S GONE!!! LIMITED TIME OFFER!!! BUY NOW BEFORE IT'S GONE!!! LIMITED TIME OFFER!!!!!!,fake,4
The camera worth the price.,genuine,4
I bought this headphones recently and it poor quality.,genuine,4
The watch worth the price.,genuine,4
BUY NOW BEFORE IT'S GONE!!! LIMITED TIME OFFER!!!,fake,4
I can't believe how amazing this camera is!!! LIFE CHANGING!!!,fake,4
I can't believe how amazing this watch is!!! LIFE CHANGING!!! I can't believe how amazing this watch is!!! LIFE CHANGING!!!,fake,4
LIFE CHANGING!!! Everyone should buy this camera!!!,fake,4
"After using this phone, I feel it not worth it.",genuine,4
buy now before it's gone for huge discounts!!!,fake,4
The watch stopped working.,genuine,4
This watch is TOP QUALITY GUARANTEED!!!,fake,4
"After using this laptop, I feel it not great. After using this laptop, I feel it not great.!!!",genuine,4
I CAN'T BELIEVE HOW AMAZING THIS PHONE IS!!! LIFE CHANGING!!!,fake,4
"After using this camera, I feel it works well. After using this camera, I feel it works well.",genuine,4
CLICK HERE NOW TO GET THIS PRODUCT NOW!!!!!!,fake,4
"THIS PHONE IS OKAY, IT GOOD QUALITY.!!!",genuine,4
"After using this laptop, I feel it disappointed. After using this laptop, I feel it disappointed.!!!",genuine,4
This laptop is LIFE CHANGING!!!,fake,4
This phone is LIFE CHANGING!!!!!!,fake,4
HEADPHONES IS BEST PRODUCT EVER!!! DON'T MISS OUT!!! HEADPHONES IS BEST PRODUCT EVER!!! DON'T MISS OUT!!!!!!,fake,4
I bought this headphones recently and it worth the price.,genuine,4
The phone poor quality.,genuine,4
TOP QUALITY GUARANTEED!!! Everyone should buy this headphones!!!,fake,4
MUST BUY!!! Everyone should buy this laptop!!! MUST BUY!!! Everyone should buy this laptop!!!,fake,4
visit this link to get this product now!!! visit this link to get this product now!!!!!!,fake,4
visit this link for huge discounts!!!!!!,fake,4
LAPTOP IS UNBELIEVABLE!!! DON'T MISS OUT!!!!!!,fake,4
"After using this phone, I feel it worth the price.",genuine,4
THIS HEADPHONES IS MUST BUY!!!!!!,fake,4
I bought this laptop recently and it satisfied with the purchase. I bought this laptop recently and it satisfied with the purchase.,genuine,4
visit this link and win exciting prizes!!!!!!,fake,4
earn money fast to get this product now!!! earn money fast to get this product now!!!,fake,4
LIMITED OFFER!!! LIMITED TIME OFFER!!!,fake,4
buy now before it's gone to get this product now!!!!!!,fake,4
visit this link to get this product now!!!!!!,fake,4
TOP QUALITY GUARANTEED!!! Everyone should buy this phone!!! TOP QUALITY GUARANTEED!!! Everyone should buy this phone!!!!!!,fake,4
I bought this camera recently and it good quality.,genuine,4
The laptop works well.,genuine,4
I bought this camera recently and it good quality.,genuine,4
I can't believe how amazing this headphones is!!! UNBELIEVABLE!!!,fake,4
"This headphones is okay, it not worth it.!!!",genuine,4
I bought this camera recently and it not great.,genuine,4
This headphones is TOP QUALITY GUARANTEED!!!!!!,fake,4
MUST BUY!!! Everyone should buy this laptop!!! MUST BUY!!! Everyone should buy this laptop!!!,fake,4
LAPTOP IS BEST PRODUCT EVER!!! DON'T MISS OUT!!!,fake,4
"After using this phone, I feel it worth the price.",genuine,4
I bought this laptop recently and it stopped working. I bought this laptop recently and it stopped working.!!!,genuine,4
"After using this phone, I feel it disappointed.!!!",genuine,4
"After using this watch, I feel it worth the price.!!!",genuine,4
THIS PHONE IS UNBELIEVABLE!!!,fake,4
buy now before it's gone to get this product now!!!!!!,fake,4
THE PHONE STOPPED WORKING.,genuine,4
The laptop poor quality.!!!,genuine,4
LAPTOP IS MUST BUY!!! DON'T MISS OUT!!! LAPTOP IS MUST BUY!!! DON'T MISS OUT!!!!!!,fake,4
I can't believe how amazing this phone is!!! BEST PRODUCT EVER!!!!!!,fake,4
I bought this phone recently and it does the job. I bought this phone recently and it does the job.!!!,genuine,4
I can't believe how amazing this watch is!!! BEST PRODUCT EVER!!!,fake,4
I CAN'T BELIEVE HOW AMAZING THIS WATCH IS!!! BEST PRODUCT EVER!!!,fake,4
I BOUGHT THIS CAMERA RECENTLY AND IT NOT WORTH IT. I BOUGHT THIS CAMERA RECENTLY AND IT NOT WORTH IT.,genuine,4
earn money fast to get this product now!!! earn money fast to get this product now!!!!!!,fake,4
"After using this phone, I feel it disappointed.",genuine,4
This headphones is BEST PRODUCT EVER!!!,fake,4
VISIT THIS LINK FOR HUGE DISCOUNTS!!!,fake,4
I can't believe how amazing this headphones is!!! TOP QUALITY GUARANTEED!!!,fake,4
"This laptop is okay, it worth the price.!!!",genuine,4
"This camera is okay, it disappointed.!!!",genuine,4
"After using this laptop, I feel it disappointed.",genuine,4
This camera is BEST PRODUCT EVER!!!,fake,4
TOP QUALITY GUARANTEED!!! Everyone should buy this camera!!!!!!,fake,4
The camera not great.!!!,genuine,4
CLICK HERE NOW!!! LIMITED TIME OFFER!!!!!!,fake,4
I CAN'T BELIEVE HOW AMAZING THIS HEADPHONES IS!!! TOP QUALITY GUARANTEED!!!,fake,4
"After using this laptop, I feel it worth the price. After using this laptop, I feel it worth the price.",genuine,4
I can't believe how amazing this watch is!!! BEST PRODUCT EVER!!!,fake,4
I can't believe how amazing this camera is!!! BEST PRODUCT EVER!!!,fake,4
I can't believe how amazing this camera is!!! LIFE CHANGING!!!,fake,4
BUY NOW BEFORE IT'S GONE AND WIN EXCITING PRIZES!!!!!!,fake,4
I bought this phone recently and it worth the price.,genuine,4
I can't believe how amazing this watch is!!! TOP QUALITY GUARANTEED!!!,fake,4
I CAN'T BELIEVE HOW AMAZING THIS HEADPHONES IS!!! TOP QUALITY GUARANTEED!!!,fake,4
PHONE IS BEST PRODUCT EVER!!! DON'T MISS OUT!!! PHONE IS BEST PRODUCT EVER!!! DON'T MISS OUT!!!,fake,4
This watch is TOP QUALITY GUARANTEED!!!,fake,4
This phone is MUST BUY!!!,fake,4
"This phone is okay, it stopped working.",genuine,4
buy now before it's gone for huge discounts!!! buy now before it's gone for huge discounts!!!,fake,4
This camera is UNBELIEVABLE!!!,fake,4
"AFTER USING THIS CAMERA, I FEEL IT WORTH THE PRICE. AFTER USING THIS CAMERA, I FEEL IT WORTH THE PRICE.",genuine,4
CAMERA IS TOP QUALITY GUARANTEED!!! DON'T MISS OUT!!!,fake,4
"This laptop is okay, it stopped working.!!!",genuine,4
I BOUGHT THIS LAPTOP RECENTLY AND IT DISAPPOINTED.,genuine,4
BEST PRODUCT EVER!!! Everyone should buy this camera!!!,fake,4
The phone good quality.!!!,genuine,4
I bought this laptop recently and it stopped working.,genuine,4
BEST PRODUCT EVER!!! EVERYONE SHOULD BUY THIS PHONE!!!,fake,4
I bought this laptop recently and it not worth it.,genuine,4
limited offer to get this product now!!!,fake,4
EARN MONEY FAST!!! LIMITED TIME OFFER!!! EARN MONEY FAST!!! LIMITED TIME OFFER!!!!!!,fake,4
click here now to get this product now!!!!!!,fake,4
I can't believe how amazing this watch is!!! BEST PRODUCT EVER!!! I can't believe how amazing this watch is!!! BEST PRODUCT EVER!!!,fake,4
CLICK HERE NOW!!! LIMITED TIME OFFER!!!,fake,4
The watch disappointed.,genuine,4
visit this link for huge discounts!!!,fake,4
PHONE IS UNBELIEVABLE!!! DON'T MISS OUT!!!!!!,fake,4
BEST PRODUCT EVER!!! EVERYONE SHOULD BUY THIS PHONE!!! BEST PRODUCT EVER!!! EVERYONE SHOULD BUY THIS PHONE!!!,fake,4
UNBELIEVABLE!!! Everyone should buy this watch!!!,fake,4
I can't believe how amazing this camera is!!! LIFE CHANGING!!!,fake,4
"AFTER USING THIS WATCH, I FEEL IT DOES THE JOB.!!!",genuine,4
TOP QUALITY GUARANTEED!!! Everyone should buy this phone!!!,fake,4
This phone is TOP QUALITY GUARANTEED!!!,fake,4
CAMERA IS TOP QUALITY GUARANTEED!!! DON'T MISS OUT!!!,fake,4
"This camera is okay, it worth the price.",genuine,4
I BOUGHT THIS PHONE RECENTLY AND IT SATISFIED WITH THE PURCHASE.!!!,genuine,4
BEST PRODUCT EVER!!! Everyone should buy this headphones!!!,fake,4
"After using this camera, I feel it disappointed.",genuine,4
The headphones does the job.,genuine,4
I bought this camera recently and it not great. I bought this camera recently and it not great.,genuine,4
The headphones satisfied with the purchase.,genuine,4
CLICK HERE NOW TO GET THIS PRODUCT NOW!!! CLICK HERE NOW TO GET THIS PRODUCT NOW!!!!!!,fake,4
"After using this headphones, I feel it works well. After using this headphones, I feel it works well.",genuine,4
HEADPHONES IS UNBELIEVABLE!!! DON'T MISS OUT!!!,fake,4
"After using this watch, I feel it not great.",genuine,4
PHONE IS TOP QUALITY GUARANTEED!!! DON'T MISS OUT!!!!!!,fake,4
HEADPHONES IS MUST BUY!!! DON'T MISS OUT!!!,fake,4
"This laptop is okay, it not worth it.",genuine,4
The headphones not great.!!!,genuine,4
earn money fast for huge discounts!!!!!!,fake,4
"THIS PHONE IS OKAY, IT WORKS WELL.",genuine,4
UNBELIEVABLE!!! Everyone should buy this laptop!!!!!!,fake,4
THE PHONE DISAPPOINTED.!!!,genuine,4
click here now for huge discounts!!!,fake,4
LAPTOP IS TOP QUALITY GUARANTEED!!! DON'T MISS OUT!!!,fake,4
visit this link to get this product now!!!,fake,4
CAMERA IS UNBELIEVABLE!!! DON'T MISS OUT!!! CAMERA IS UNBELIEVABLE!!! DON'T MISS OUT!!!,fake,4
The headphones not great.!!!,genuine,4
"THIS HEADPHONES IS OKAY, IT NOT WORTH IT.",genuine,4
This phone is MUST BUY!!!,fake,4
I BOUGHT THIS HEADPHONES RECENTLY AND IT DISAPPOINTED.!!!,genuine,4
"After using this headphones, I feel it poor quality.",genuine,4
"After using this watch, I feel it worth the price.!!!",genuine,4
This phone is MUST BUY!!!,fake,4
visit this link for huge discounts!!!!!!,fake,4
I CAN'T BELIEVE HOW AMAZING THIS CAMERA IS!!! TOP QUALITY GUARANTEED!!! I CAN'T BELIEVE HOW AMAZING THIS CAMERA IS!!! TOP QUALITY GUARANTEED!!!,fake,4
BUY NOW BEFORE IT'S GONE!!! LIMITED TIME OFFER!!! BUY NOW BEFORE IT'S GONE!!! LIMITED TIME OFFER!!!,fake,4
"After using this camera, I feel it poor quality. After using this camera, I feel it poor quality.",genuine,4
earn money fast and win exciting prizes!!!,fake,4
I bought this camera recently and it good quality. I bought this camera recently and it good quality.,genuine,4
This camera is LIFE CHANGING!!!,fake,4
"After using this headphones, I feel it satisfied with the purchase.",genuine,4
This camera is BEST PRODUCT EVER!!!,fake,4
MUST BUY!!! Everyone should buy this laptop!!! MUST BUY!!! Everyone should buy this laptop!!!,fake,4
UNBELIEVABLE!!! Everyone should buy this headphones!!! UNBELIEVABLE!!! Everyone should buy this headphones!!!!!!,fake,4
This phone is UNBELIEVABLE!!!!!!,fake,4
I can't believe how amazing this phone is!!! MUST BUY!!!,fake,4
This watch is BEST PRODUCT EVER!!! This watch is BEST PRODUCT EVER!!!,fake,4
This laptop is UNBELIEVABLE!!!!!!,fake,4
I can't believe how amazing this headphones is!!! LIFE CHANGING!!!!!!,fake,4
I can't believe how amazing this phone is!!! UNBELIEVABLE!!!,fake,4
I can't believe how amazing this headphones is!!! BEST PRODUCT EVER!!! I can't believe how amazing this headphones is!!! BEST PRODUCT EVER!!!,fake,4
CAMERA IS UNBELIEVABLE!!! DON'T MISS OUT!!!!!!,fake,4
"After using this camera, I feel it disappointed. After using this camera, I feel it disappointed.",genuine,4
This headphones is TOP QUALITY GUARANTEED!!! This headphones is TOP QUALITY GUARANTEED!!!!!!,fake,4
I bought this phone recently and it works well.!!!,genuine,4
I can't believe how amazing this watch is!!! TOP QUALITY GUARANTEED!!! I can't believe how amazing this watch is!!! TOP QUALITY GUARANTEED!!!,fake,4
MUST BUY!!! Everyone should buy this camera!!! MUST BUY!!! Everyone should buy this camera!!!,fake,4
earn money fast for huge discounts!!!!!!,fake,4
PHONE IS MUST BUY!!! DON'T MISS OUT!!!,fake,4
visit this link for huge discounts!!! visit this link for huge discounts!!!!!!,fake,4
This headphones is LIFE CHANGING!!!,fake,4
The headphones poor quality.!!!,genuine,4
TOP QUALITY GUARANTEED!!! Everyone should buy this camera!!!!!!,fake,4
PHONE IS UNBELIEVABLE!!! DON'T MISS OUT!!!,fake,4
LAPTOP IS UNBELIEVABLE!!! DON'T MISS OUT!!!,fake,4
HEADPHONES IS BEST PRODUCT EVER!!! DON'T MISS OUT!!!!!!,fake,4
I CAN'T BELIEVE HOW AMAZING THIS LAPTOP IS!!! BEST PRODUCT EVER!!! I CAN'T BELIEVE HOW AMAZING THIS LAPTOP IS!!! BEST PRODUCT EVER!!!,fake,4
CAMERA IS TOP QUALITY GUARANTEED!!! DON'T MISS OUT!!! CAMERA IS TOP QUALITY GUARANTEED!!! DON'T MISS OUT!!!,fake,4
WATCH IS MUST BUY!!! DON'T MISS OUT!!! WATCH IS MUST BUY!!! DON'T MISS OUT!!!,fake,4
This headphones is BEST PRODUCT EVER!!!!!!,fake,4
This headphones is TOP QUALITY GUARANTEED!!!,fake,4
CLICK HERE NOW!!! LIMITED TIME OFFER!!!!!!,fake,4
BUY NOW BEFORE IT'S GONE!!! LIMITED TIME OFFER!!! BUY NOW BEFORE IT'S GONE!!! LIMITED TIME OFFER!!!,fake,4
The camera stopped working. The camera stopped working.,genuine,4
This watch is UNBELIEVABLE!!!,fake,4
THIS PHONE IS MUST BUY!!!,fake,4
"THIS LAPTOP IS OKAY, IT NOT WORTH IT.",genuine,4
This laptop is TOP QUALITY GUARANTEED!!!,fake,4
LAPTOP IS TOP QUALITY GUARANTEED!!! DON'T MISS OUT!!! LAPTOP IS TOP QUALITY GUARANTEED!!! DON'T MISS OUT!!!,fake,4
click here now for huge discounts!!!!!!,fake,4
LIFE CHANGING!!! Everyone should buy this phone!!!!!!,fake,4
LAPTOP IS MUST BUY!!! DON'T MISS OUT!!!!!!,fake,4
I bought this headphones recently and it satisfied with the purchase.,genuine,4
earn money fast to get this product now!!!,fake,4
"This watch is okay, it not worth it.",genuine,4
THIS LAPTOP IS BEST PRODUCT EVER!!! THIS LAPTOP IS BEST PRODUCT EVER!!!,fake,4
TOP QUALITY GUARANTEED!!! EVERYONE SHOULD BUY THIS WATCH!!!,fake,4
"This phone is okay, it works well.",genuine,4
LIFE CHANGING!!! Everyone should buy this phone!!!,fake,4
THIS PHONE IS UNBELIEVABLE!!!,fake,4
LIFE CHANGING!!! EVERYONE SHOULD BUY THIS WATCH!!!,fake,4
This camera is MUST BUY!!!,fake,4
The phone worth the price.!!!,genuine,4
I bought this headphones recently and it good quality. I bought this headphones recently and it good quality.,genuine,4
This laptop is MUST BUY!!!,fake,4
I can't believe how amazing this laptop is!!! BEST PRODUCT EVER!!! I can't believe how amazing this laptop is!!! BEST PRODUCT EVER!!!,fake,4
"This camera is okay, it disappointed.",genuine,4
THIS CAMERA IS MUST BUY!!! THIS CAMERA IS MUST BUY!!!!!!,fake,4
visit this link for huge discounts!!! visit this link for huge discounts!!!!!!,fake,4
BEST PRODUCT EVER!!! Everyone should buy this headphones!!!,fake,4
VISIT THIS LINK AND WIN EXCITING PRIZES!!!,fake,4
limited offer and win exciting prizes!!!,fake,4
earn money fast for huge discounts!!!!!!,fake,4
This laptop is LIFE CHANGING!!!,fake,4
The headphones stopped working. The headphones stopped working.,genuine,4
This headphones is BEST PRODUCT EVER!!!!!!,fake,4
"This watch is okay, it works well. This watch is okay, it works well.",genuine,4
I bought this headphones recently and it good quality.,genuine,4
The laptop does the job.!!!,genuine,4
"After using this headphones, I feel it satisfied with the purchase.!!!",genuine,4
"This laptop is okay, it works well. This laptop is okay, it works well.",genuine,4
CLICK HERE NOW!!! LIMITED TIME OFFER!!!,fake,4
I CAN'T BELIEVE HOW AMAZING THIS PHONE IS!!! LIFE CHANGING!!! I CAN'T BELIEVE HOW AMAZING THIS PHONE IS!!! LIFE CHANGING!!!!!!,fake,4
The phone good quality.,genuine,4
"AFTER USING THIS PHONE, I FEEL IT NOT GREAT. AFTER USING THIS PHONE, I FEEL IT NOT GREAT.!!!",genuine,4
BEST PRODUCT EVER!!! Everyone should buy this watch!!!,fake,4
"After using this phone, I feel it poor quality.!!!",genuine,4
I CAN'T BELIEVE HOW AMAZING THIS CAMERA IS!!! LIFE CHANGING!!! I CAN'T BELIEVE HOW AMAZING THIS CAMERA IS!!! LIFE CHANGING!!!,fake,4
I can't believe how amazing this phone is!!! UNBELIEVABLE!!!,fake,4
earn money fast and win exciting prizes!!!,fake,4
The headphones good quality.!!!,genuine,4
"THIS CAMERA IS OKAY, IT WORTH THE PRICE.",genuine,4
This headphones is MUST BUY!!! This headphones is MUST BUY!!!,fake,4
PHONE IS BEST PRODUCT EVER!!! DON'T MISS OUT!!!!!!,fake,4
earn money fast for huge discounts!!!,fake,4
"AFTER USING THIS HEADPHONES, I FEEL IT GOOD QUALITY. AFTER USING THIS HEADPHONES, I FEEL IT GOOD QUALITY.",genuine,4
The headphones stopped working.,genuine,4
BUY NOW BEFORE IT'S GONE AND WIN EXCITING PRIZES!!! BUY NOW BEFORE IT'S GONE AND WIN EXCITING PRIZES!!!,fake,4
I can't believe how amazing this laptop is!!! MUST BUY!!!,fake,4
HEADPHONES IS BEST PRODUCT EVER!!! DON'T MISS OUT!!!,fake,4
"This phone is okay, it stopped working.",genuine,4
LIFE CHANGING!!! Everyone should buy this camera!!! LIFE CHANGING!!! Everyone should buy this camera!!!,fake,4
"After using this camera, I feel it disappointed. After using this camera, I feel it disappointed.!!!",genuine,4
The laptop not worth it.,genuine,4
buy now before it's gone to get this product now!!!,fake,4
The camera disappointed. The camera disappointed.,genuine,4
BEST PRODUCT EVER!!! EVERYONE SHOULD BUY THIS WATCH!!!!!!,fake,4
HEADPHONES IS UNBELIEVABLE!!! DON'T MISS OUT!!!!!!,fake,4
"THIS LAPTOP IS OKAY, IT GOOD QUALITY. THIS LAPTOP IS OKAY, IT GOOD QUALITY.",genuine,4
LIFE CHANGING!!! Everyone should buy this headphones!!! LIFE CHANGING!!! Everyone should buy this headphones!!!,fake,4
LIFE CHANGING!!! Everyone should buy this headphones!!! LIFE CHANGING!!! Everyone should buy this headphones!!!,fake,4
PHONE IS TOP QUALITY GUARANTEED!!! DON'T MISS OUT!!! PHONE IS TOP QUALITY GUARANTEED!!! DON'T MISS OUT!!!,fake,4
UNBELIEVABLE!!! Everyone should buy this laptop!!!,fake,4
"This camera is okay, it satisfied with the purchase. This camera is okay, it satisfied with the purchase.!!!",genuine,4
The headphones worth the price.,genuine,4
"This camera is okay, it not worth it. This camera is okay, it not worth it.!!!",genuine,4
BUY NOW BEFORE IT'S GONE!!! LIMITED TIME OFFER!!!,fake,4
"This phone is okay, it good quality.",genuine,4
BEST PRODUCT EVER!!! Everyone should buy this camera!!!!!!,fake,4
"THIS PHONE IS OKAY, IT WORKS WELL. THIS PHONE IS OKAY, IT WORKS WELL.",genuine,4
PHONE IS BEST PRODUCT EVER!!! DON'T MISS OUT!!! PHONE IS BEST PRODUCT EVER!!! DON'T MISS OUT!!!,fake,4
I can't believe how amazing this headphones is!!! BEST PRODUCT EVER!!!,fake,4
BEST PRODUCT EVER!!! Everyone should buy this watch!!!,fake,4
This phone is MUST BUY!!!!!!,fake,4
"This camera is okay, it not worth it.",genuine,4
I bought this laptop recently and it works well.,genuine,4
"After using this camera, I feel it poor quality.",genuine,4
visit this link to get this product now!!! visit this link to get this product now!!!,fake,4
click here now for huge discounts!!!,fake,4
This headphones is UNBELIEVABLE!!!,fake,4
buy now before it's gone and win exciting prizes!!!,fake,4
The watch disappointed. The watch disappointed.,genuine,4
WATCH IS LIFE CHANGING!!! DON'T MISS OUT!!! WATCH IS LIFE CHANGING!!! DON'T MISS OUT!!!,fake,4
I CAN'T BELIEVE HOW AMAZING THIS PHONE IS!!! MUST BUY!!!!!!,fake,4
CLICK HERE NOW!!! LIMITED TIME OFFER!!!,fake,4
"After using this phone, I feel it not great.",genuine,4
LIFE CHANGING!!! Everyone should buy this laptop!!!,fake,4
"After using this headphones, I feel it satisfied with the purchase.",genuine,4
earn money fast for huge discounts!!!,fake,4
UNBELIEVABLE!!! Everyone should buy this camera!!!!!!,fake,4
The headphones not worth it.!!!,genuine,4
This phone is UNBELIEVABLE!!!,fake,4
HEADPHONES IS BEST PRODUCT EVER!!! DON'T MISS OUT!!! HEADPHONES IS BEST PRODUCT EVER!!! DON'T MISS OUT!!!!!!,fake,4
BUY NOW BEFORE IT'S GONE AND WIN EXCITING PRIZES!!! BUY NOW BEFORE IT'S GONE AND WIN EXCITING PRIZES!!!!!!,fake,4
LIMITED OFFER!!! LIMITED TIME OFFER!!!,fake,4
buy now before it's gone to get this product now!!!!!!,fake,4
"This watch is okay, it good quality.",genuine,4
I can't believe how amazing this camera is!!! BEST PRODUCT EVER!!!,fake,4
click here now to get this product now!!!,fake,4
I bought this camera recently and it stopped working.,genuine,4
UNBELIEVABLE!!! Everyone should buy this laptop!!! UNBELIEVABLE!!! Everyone should buy this laptop!!!!!!,fake,4
limited offer for huge discounts!!!!!!,fake,4
HEADPHONES IS BEST PRODUCT EVER!!! DON'T MISS OUT!!!,fake,4
"THIS HEADPHONES IS OKAY, IT POOR QUALITY.!!!",genuine,4
I can't believe how amazing this phone is!!! BEST PRODUCT EVER!!!,fake,4
I BOUGHT THIS HEADPHONES RECENTLY AND IT DOES THE JOB. I BOUGHT THIS HEADPHONES RECENTLY AND IT DOES THE JOB.,genuine,4
buy now before it's gone to get this product now!!! buy now before it's gone to get this product now!!!,fake,4
"After using this laptop, I feel it stopped working.",genuine,4
"After using this phone, I feel it disappointed. After using this phone, I feel it disappointed.",genuine,4
click here now to get this product now!!!,fake,4
I bought this camera recently and it poor quality.!!!,genuine,4
PHONE IS MUST BUY!!! DON'T MISS OUT!!!!!!,fake,4
I can't believe how amazing this headphones is!!! TOP QUALITY GUARANTEED!!!!!!,fake,4
LIFE CHANGING!!! EVERYONE SHOULD BUY THIS WATCH!!!,fake,4
I can't believe how amazing this headphones is!!! LIFE CHANGING!!!,fake,4
"THIS CAMERA IS OKAY, IT GOOD QUALITY.",genuine,4
CLICK HERE NOW TO GET THIS PRODUCT NOW!!!,fake,4
click here now and win exciting prizes!!! click here now and win exciting prizes!!!,fake,4
visit this link for huge discounts!!! visit this link for huge discounts!!!,fake,4
This laptop is BEST PRODUCT EVER!!!,fake,4
"THIS HEADPHONES IS OKAY, IT STOPPED WORKING.",genuine,4
limited offer to get this product now!!! limited offer to get this product now!!!,fake,4
VISIT THIS LINK FOR HUGE DISCOUNTS!!!,fake,4
I can't believe how amazing this watch is!!! UNBELIEVABLE!!!,fake,4
I BOUGHT THIS PHONE RECENTLY AND IT NOT GREAT. I BOUGHT THIS PHONE RECENTLY AND IT NOT GREAT.,genuine,4
BUY NOW BEFORE IT'S GONE FOR HUGE DISCOUNTS!!!,fake,4
"This phone is okay, it disappointed.",genuine,4
BUY NOW BEFORE IT'S GONE!!! LIMITED TIME OFFER!!!,fake,4
earn money fast and win exciting prizes!!! earn money fast and win exciting prizes!!!!!!,fake,4
THIS HEADPHONES IS BEST PRODUCT EVER!!!!!!,fake,4
EARN MONEY FAST!!! LIMITED TIME OFFER!!!,fake,4
The headphones worth the price.!!!,genuine,4
"After using this camera, I feel it good quality.",genuine,4
The headphones poor quality.!!!,genuine,4
"This watch is okay, it works well.",genuine,4
earn money fast and win exciting prizes!!!,fake,4
"After using this camera, I feel it poor quality.",genuine,4
The headphones not worth it.,genuine,4
I can't believe how amazing this watch is!!! MUST BUY!!!!!!,fake,4
"THIS HEADPHONES IS OKAY, IT DISAPPOINTED.",genuine,4
I CAN'T BELIEVE HOW AMAZING THIS CAMERA IS!!! UNBELIEVABLE!!! I CAN'T BELIEVE HOW AMAZING THIS CAMERA IS!!! UNBELIEVABLE!!!,fake,4
WATCH IS UNBELIEVABLE!!! DON'T MISS OUT!!! WATCH IS UNBELIEVABLE!!! DON'T MISS OUT!!!,fake,4
CAMERA IS UNBELIEVABLE!!! DON'T MISS OUT!!! CAMERA IS UNBELIEVABLE!!! DON'T MISS OUT!!!,fake,4
"AFTER USING THIS PHONE, I FEEL IT DISAPPOINTED. AFTER USING THIS PHONE, I FEEL IT DISAPPOINTED.!!!",genuine,4
UNBELIEVABLE!!! EVERYONE SHOULD BUY THIS HEADPHONES!!! UNBELIEVABLE!!! EVERYONE SHOULD BUY THIS HEADPHONES!!!,fake,4
The phone poor quality.,genuine,4
"After using this laptop, I feel it stopped working.",genuine,4
click here now and win exciting prizes!!! click here now and win exciting prizes!!!,fake,4
EARN MONEY FAST!!! LIMITED TIME OFFER!!!,fake,4
I CAN'T BELIEVE HOW AMAZING THIS CAMERA IS!!! LIFE CHANGING!!!,fake,4
UNBELIEVABLE!!! Everyone should buy this phone!!!,fake,4
TOP QUALITY GUARANTEED!!! Everyone should buy this camera!!!,fake,4
The watch not great.!!!,genuine,4
"THIS LAPTOP IS OKAY, IT STOPPED WORKING. THIS LAPTOP IS OKAY, IT STOPPED WORKING.",genuine,4
limited offer and win exciting prizes!!!!!!,fake,4
"AFTER USING THIS PHONE, I FEEL IT WORTH THE PRICE.!!!",genuine,4
I bought this camera recently and it satisfied with the purchase. I bought this camera recently and it satisfied with the purchase.!!!,genuine,4
"This headphones is okay, it worth the price.!!!",genuine,4
HEADPHONES IS BEST PRODUCT EVER!!! DON'T MISS OUT!!! HEADPHONES IS BEST PRODUCT EVER!!! DON'T MISS OUT!!!,fake,4
"After using this headphones, I feel it does the job.!!!",genuine,4
BUY NOW BEFORE IT'S GONE!!! LIMITED TIME OFFER!!!!!!,fake,4
I can't believe how amazing this camera is!!! TOP QUALITY GUARANTEED!!!,fake,4
LIMITED OFFER TO GET THIS PRODUCT NOW!!! LIMITED OFFER TO GET THIS PRODUCT NOW!!!,fake,4
"This phone is okay, it not great.",genuine,4
THIS CAMERA IS BEST PRODUCT EVER!!!!!!,fake,4
buy now before it's gone for huge discounts!!!,fake,4
The camera works well. The camera works well.,genuine,4
click here now and win exciting prizes!!!!!!,fake,4
I can't believe how amazing this camera is!!! BEST PRODUCT EVER!!!,fake,4
"This headphones is okay, it worth the price.!!!",genuine,4
PHONE IS UNBELIEVABLE!!! DON'T MISS OUT!!! PHONE IS UNBELIEVABLE!!! DON'T MISS OUT!!!!!!,fake,4
"This phone is okay, it worth the price.!!!",genuine,4
I bought this laptop recently and it works well.!!!,genuine,4
WATCH IS MUST BUY!!! DON'T MISS OUT!!!!!!,fake,4
VISIT THIS LINK!!! LIMITED TIME OFFER!!! VISIT THIS LINK!!! LIMITED TIME OFFER!!!,fake,4
PHONE IS BEST PRODUCT EVER!!! DON'T MISS OUT!!!,fake,4
buy now before it's gone for huge discounts!!!,fake,4
I bought this laptop recently and it worth the price.,genuine,4
click here now for huge discounts!!!,fake,4
LIMITED OFFER!!! LIMITED TIME OFFER!!! LIMITED OFFER!!! LIMITED TIME OFFER!!!,fake,4
This camera is MUST BUY!!!,fake,4
The headphones good quality.!!!,genuine,4
HEADPHONES IS LIFE CHANGING!!! DON'T MISS OUT!!!!!!,fake,4
This laptop is LIFE CHANGING!!!!!!,fake,4
The phone worth the price. The phone worth the price.,genuine,4
UNBELIEVABLE!!! Everyone should buy this headphones!!!,fake,4
"This camera is okay, it satisfied with the purchase.",genuine,4
"THIS LAPTOP IS OKAY, IT DISAPPOINTED.",genuine,4
This phone is TOP QUALITY GUARANTEED!!!,fake,4
CLICK HERE NOW!!! LIMITED TIME OFFER!!!!!!,fake,4
UNBELIEVABLE!!! Everyone should buy this phone!!! UNBELIEVABLE!!! Everyone should buy this phone!!!,fake,4
I can't believe how amazing this headphones is!!! LIFE CHANGING!!!,fake,4
EARN MONEY FAST!!! LIMITED TIME OFFER!!! EARN MONEY FAST!!! LIMITED TIME OFFER!!!!!!,fake,4
CLICK HERE NOW!!! LIMITED TIME OFFER!!!!!!,fake,4
"AFTER USING THIS CAMERA, I FEEL IT NOT GREAT.",genuine,4
CAMERA IS MUST BUY!!! DON'T MISS OUT!!!!!!,fake,4
I BOUGHT THIS HEADPHONES RECENTLY AND IT NOT WORTH IT.!!!,genuine,4
limited offer and win exciting prizes!!!,fake,4
I bought this headphones recently and it good quality.,genuine,4
I CAN'T BELIEVE HOW AMAZING THIS HEADPHONES IS!!! TOP QUALITY GUARANTEED!!!,fake,4
The watch poor quality.!!!,genuine,4
I can't believe how amazing this camera is!!! LIFE CHANGING!!!!!!,fake,4
"This camera is okay, it does the job.!!!",genuine,4
earn money fast for huge discounts!!! earn money fast for huge discounts!!!!!!,fake,4
"After using this camera, I feel it works well.",genuine,4
"After using this laptop, I feel it not great. After using this laptop, I feel it not great.",genuine,4
I can't believe how amazing this camera is!!! UNBELIEVABLE!!!,fake,4
LAPTOP IS LIFE CHANGING!!! DON'T MISS OUT!!!,fake,4
The headphones works well. The headphones works well.,genuine,4
WATCH IS MUST BUY!!! DON'T MISS OUT!!! WATCH IS MUST BUY!!! DON'T MISS OUT!!!,fake,4
This phone is TOP QUALITY GUARANTEED!!! This phone is TOP QUALITY GUARANTEED!!!!!!,fake,4
BEST PRODUCT EVER!!! EVERYONE SHOULD BUY THIS HEADPHONES!!!!!!,fake,4
limited offer to get this product now!!!!!!,fake,4
TOP QUALITY GUARANTEED!!! Everyone should buy this watch!!!!!!,fake,4
The camera not worth it.,genuine,4
I can't believe how amazing this watch is!!! TOP QUALITY GUARANTEED!!!!!!,fake,4
The phone not worth it.,genuine,4
The headphones good quality. The headphones good quality.,genuine,4
The camera does the job.!!!,genuine,4
"After using this watch, I feel it satisfied with the purchase.",genuine,4
I bought this headphones recently and it works well.,genuine,4
I bought this laptop recently and it disappointed. I bought this laptop recently and it disappointed.,genuine,4
I CAN'T BELIEVE HOW AMAZING THIS CAMERA IS!!! LIFE CHANGING!!!,fake,4
earn money fast for huge discounts!!!,fake,4
MUST BUY!!! Everyone should buy this headphones!!!!!!,fake,4
I CAN'T BELIEVE HOW AMAZING THIS LAPTOP IS!!! BEST PRODUCT EVER!!!,fake,4
This camera is TOP QUALITY GUARANTEED!!!!!!,fake,4
"After using this laptop, I feel it not worth it.",genuine,4
This camera is UNBELIEVABLE!!!,fake,4
visit this link to get this product now!!! visit this link to get this product now!!!,fake,4
earn money fast for huge discounts!!! earn money fast for huge discounts!!!,fake,4
I can't believe how amazing this laptop is!!! UNBELIEVABLE!!! I can't believe how amazing this laptop is!!! UNBELIEVABLE!!!,fake,4
visit this link and win exciting prizes!!!,fake,4
The watch stopped working. The watch stopped working.,genuine,4
I bought this headphones recently and it stopped working.!!!,genuine,4
"After using this headphones, I feel it works well. After using this headphones, I feel it works well.",genuine,4
THIS PHONE IS BEST PRODUCT EVER!!! THIS PHONE IS BEST PRODUCT EVER!!!,fake,4
I can't believe how amazing this headphones is!!! UNBELIEVABLE!!! I can't believe how amazing this headphones is!!! UNBELIEVABLE!!!,fake,4
The phone does the job.,genuine,4
VISIT THIS LINK!!! LIMITED TIME OFFER!!!,fake,4
I bought this headphones recently and it works well.,genuine,4
buy now before it's gone for huge discounts!!! buy now before it's gone for huge discounts!!!,fake,4
earn money fast to get this product now!!!,fake,4
I bought this headphones recently and it does the job.!!!,genuine,4
BEST PRODUCT EVER!!! Everyone should buy this watch!!!!!!,fake,4
LAPTOP IS TOP QUALITY GUARANTEED!!! DON'T MISS OUT!!!!!!,fake,4
I can't believe how amazing this phone is!!! MUST BUY!!!,fake,4
I can't believe how amazing this camera is!!! TOP QUALITY GUARANTEED!!!,fake,4
click here now and win exciting prizes!!! click here now and win exciting prizes!!!,fake,4
The phone worth the price.,genuine,4
click here now to get this product now!!!,fake,4
This laptop is TOP QUALITY GUARANTEED!!!,fake,4
CAMERA IS LIFE CHANGING!!! DON'T MISS OUT!!!,fake,4
"After using this phone, I feel it not worth it.!!!",genuine,4
The headphones disappointed.,genuine,4
The phone not worth it.,genuine,4
WATCH IS LIFE CHANGING!!! DON'T MISS OUT!!!,fake,4
BUY NOW BEFORE IT'S GONE TO GET THIS PRODUCT NOW!!!,fake,4
PHONE IS MUST BUY!!! DON'T MISS OUT!!! PHONE IS MUST BUY!!! DON'T MISS OUT!!!!!!,fake,4
LIFE CHANGING!!! Everyone should buy this camera!!! LIFE CHANGING!!! Everyone should buy this camera!!!,fake,4
buy now before it's gone for huge discounts!!!,fake,4
MUST BUY!!! Everyone should buy this phone!!!,fake,4
I can't believe how amazing this phone is!!! TOP QUALITY GUARANTEED!!!!!!,fake,4
limited offer and win exciting prizes!!!,fake,4
EARN MONEY FAST AND WIN EXCITING PRIZES!!!!!!,fake,4
LIFE CHANGING!!! Everyone should buy this camera!!!,fake,4
MUST BUY!!! EVERYONE SHOULD BUY THIS PHONE!!!,fake,4
LIFE CHANGING!!! EVERYONE SHOULD BUY THIS WATCH!!!,fake,4
LIMITED OFFER!!! LIMITED TIME OFFER!!!,fake,4
I can't believe how amazing this camera is!!! UNBELIEVABLE!!!,fake,4
I can't believe how amazing this laptop is!!! LIFE CHANGING!!!,fake,4
limited offer and win exciting prizes!!!,fake,4
"After using this camera, I feel it worth the price.!!!",genuine,4
"AFTER USING THIS WATCH, I FEEL IT GOOD QUALITY.",genuine,4
UNBELIEVABLE!!! Everyone should buy this camera!!!,fake,4
"After using this headphones, I feel it good quality. After using this headphones, I feel it good quality.!!!",genuine,4
HEADPHONES IS BEST PRODUCT EVER!!! DON'T MISS OUT!!! HEADPHONES IS BEST PRODUCT EVER!!! DON'T MISS OUT!!!,fake,4
This laptop is UNBELIEVABLE!!! This laptop is UNBELIEVABLE!!!,fake,4
VISIT THIS LINK TO GET THIS PRODUCT NOW!!! VISIT THIS LINK TO GET THIS PRODUCT NOW!!!!!!,fake,4
The phone satisfied with the purchase.!!!,genuine,4
The headphones not great. The headphones not great.,genuine,4
CAMERA IS LIFE CHANGING!!! DON'T MISS OUT!!!!!!,fake,4
I can't believe how amazing this watch is!!! MUST BUY!!!,fake,4
"This headphones is okay, it satisfied with the purchase. This headphones is okay, it satisfied with the purchase.!!!",genuine,4
BUY NOW BEFORE IT'S GONE!!! LIMITED TIME OFFER!!!,fake,4
"After using this camera, I feel it good quality.",genuine,4
This headphones is UNBELIEVABLE!!! This headphones is UNBELIEVABLE!!!,fake,4
click here now and win exciting prizes!!! click here now and win exciting prizes!!!!!!,fake,4
I can't believe how amazing this phone is!!! BEST PRODUCT EVER!!! I can't believe how amazing this phone is!!! BEST PRODUCT EVER!!!,fake,4
The camera satisfied with the purchase. The camera satisfied with the purchase.,genuine,4
PHONE IS BEST PRODUCT EVER!!! DON'T MISS OUT!!! PHONE IS BEST PRODUCT EVER!!! DON'T MISS OUT!!!,fake,4
"This watch is okay, it poor quality.",genuine,4
This phone is UNBELIEVABLE!!!!!!,fake,4
I bought this headphones recently and it good quality. I bought this headphones recently and it good quality.,genuine,4
"This headphones is okay, it disappointed.!!!",genuine,4
"After using this laptop, I feel it satisfied with the purchase.",genuine,4
MUST BUY!!! Everyone should buy this camera!!!,fake,4
BUY NOW BEFORE IT'S GONE FOR HUGE DISCOUNTS!!!!!!,fake,4
CAMERA IS TOP QUALITY GUARANTEED!!! DON'T MISS OUT!!! CAMERA IS TOP QUALITY GUARANTEED!!! DON'T MISS OUT!!!,fake,4
"This headphones is okay, it worth the price.",genuine,4
I bought this headphones recently and it does the job.,genuine,4
LIFE CHANGING!!! Everyone should buy this phone!!! LIFE CHANGING!!! Everyone should buy this phone!!!!!!,fake,4
BEST PRODUCT EVER!!! Everyone should buy this camera!!! BEST PRODUCT EVER!!! Everyone should buy this camera!!!!!!,fake,4
"After using this phone, I feel it disappointed. After using this phone, I feel it disappointed.",genuine,4
"This watch is okay, it satisfied with the purchase. This watch is okay, it satisfied with the purchase.",genuine,4
"This watch is okay, it good quality.",genuine,4
"After using this headphones, I feel it stopped working.!!!",genuine,4
THIS HEADPHONES IS BEST PRODUCT EVER!!!!!!,fake,4
"After using this laptop, I feel it disappointed.!!!",genuine,4
click here now and win exciting prizes!!! click here now and win exciting prizes!!!!!!,fake,4
The phone does the job.,genuine,4
I can't believe how amazing this watch is!!! MUST BUY!!! I can't believe how amazing this watch is!!! MUST BUY!!!,fake,4
MUST BUY!!! Everyone should buy this headphones!!! MUST BUY!!! Everyone should buy this headphones!!!,fake,4
The camera disappointed.,genuine,4
"After using this phone, I feel it disappointed.",genuine,4
"After using this phone, I feel it poor quality.!!!",genuine,4
"This headphones is okay, it not worth it. This headphones is okay, it not worth it.",genuine,4
I bought this camera recently and it worth the price.!!!,genuine,4
"This laptop is okay, it worth the price.",genuine,4
I can't believe how amazing this phone is!!! LIFE CHANGING!!! I can't believe how amazing this phone is!!! LIFE CHANGING!!!,fake,4
The headphones satisfied with the purchase.,genuine,4
I BOUGHT THIS HEADPHONES RECENTLY AND IT SATISFIED WITH THE PURCHASE. I BOUGHT THIS HEADPHONES RECENTLY AND IT SATISFIED WITH THE PURCHASE.,genuine,4
limited offer and win exciting prizes!!! limited offer and win exciting prizes!!!!!!,fake,4
This phone is BEST PRODUCT EVER!!!,fake,4
This laptop is BEST PRODUCT EVER!!! This laptop is BEST PRODUCT EVER!!!,fake,4
This watch is UNBELIEVABLE!!!,fake,4
I bought this phone recently and it good quality.,genuine,4
The phone worth the price.,genuine,4
MUST BUY!!! Everyone should buy this camera!!!,fake,4
buy now before it's gone and win exciting prizes!!!,fake,4
limited offer to get this product now!!! limited offer to get this product now!!!,fake,4
The camera satisfied with the purchase. The camera satisfied with the purchase.,genuine,4
I bought this laptop recently and it works well.!!!,genuine,4
BUY NOW BEFORE IT'S GONE!!! LIMITED TIME OFFER!!! BUY NOW BEFORE IT'S GONE!!! LIMITED TIME OFFER!!!,fake,4
HEADPHONES IS UNBELIEVABLE!!! DON'T MISS OUT!!!!!!,fake,4
I bought this watch recently and it good quality. I bought this watch recently and it good quality.!!!,genuine,4
buy now before it's gone for huge discounts!!! buy now before it's gone for huge discounts!!!,fake,4
earn money fast to get this product now!!!,fake,4
TOP QUALITY GUARANTEED!!! Everyone should buy this camera!!!!!!,fake,4
This camera is MUST BUY!!!,fake,4
CLICK HERE NOW!!! LIMITED TIME OFFER!!!!!!,fake,4
I bought this watch recently and it worth the price. I bought this watch recently and it worth the price.!!!,genuine,4
"After using this watch, I feel it poor quality.",genuine,4
UNBELIEVABLE!!! Everyone should buy this laptop!!!,fake,4
LAPTOP IS MUST BUY!!! DON'T MISS OUT!!! LAPTOP IS MUST BUY!!! DON'T MISS OUT!!!!!!,fake,4
limited offer and win exciting prizes!!!,fake,4
I bought this watch recently and it not great.,genuine,4
"After using this laptop, I feel it not worth it.!!!",genuine,4
"THIS HEADPHONES IS OKAY, IT GOOD QUALITY.",genuine,4
"After using this laptop, I feel it disappointed.",genuine,4
"AFTER USING THIS PHONE, I FEEL IT NOT WORTH IT. AFTER USING THIS PHONE, I FEEL IT NOT WORTH IT.",genuine,4
The watch not worth it.,genuine,4
visit this link for huge discounts!!!,fake,4
THIS LAPTOP IS TOP QUALITY GUARANTEED!!!!!!,fake,4
The laptop not great.!!!,genuine,4
VISIT THIS LINK TO GET THIS PRODUCT NOW!!!,fake,4
The watch stopped working.,genuine,4
click here now for huge discounts!!! click here now for huge discounts!!!,fake,4
I CAN'T BELIEVE HOW AMAZING THIS LAPTOP IS!!! BEST PRODUCT EVER!!!,fake,4
LAPTOP IS MUST BUY!!! DON'T MISS OUT!!! LAPTOP IS MUST BUY!!! DON'T MISS OUT!!!,fake,4
I can't believe how amazing this headphones is!!! LIFE CHANGING!!! I can't believe how amazing this headphones is!!! LIFE CHANGING!!!,fake,4
"THIS HEADPHONES IS OKAY, IT SATISFIED WITH THE PURCHASE.",genuine,4
TOP QUALITY GUARANTEED!!! Everyone should buy this phone!!!!!!,fake,4
The phone poor quality.!!!,genuine,4
I bought this laptop recently and it not great. I bought this laptop recently and it not great.,genuine,4
I bought this headphones recently and it disappointed.!!!,genuine,4
"After using this camera, I feel it works well. After using this camera, I feel it works well.",genuine,4
"This camera is okay, it stopped working. This camera is okay, it stopped working.!!!",genuine,4
I can't believe how amazing this laptop is!!! UNBELIEVABLE!!!,fake,4
This camera is UNBELIEVABLE!!!,fake,4
buy now before it's gone and win exciting prizes!!! buy now before it's gone and win exciting prizes!!!!!!,fake,4
"THIS HEADPHONES IS OKAY, IT DISAPPOINTED.!!!",genuine,4
"This phone is okay, it works well.!!!",genuine,4
CAMERA IS LIFE CHANGING!!! DON'T MISS OUT!!!!!!,fake,4
I CAN'T BELIEVE HOW AMAZING THIS WATCH IS!!! LIFE CHANGING!!! I CAN'T BELIEVE HOW AMAZING THIS WATCH IS!!! LIFE CHANGING!!!,fake,4
"AFTER USING THIS HEADPHONES, I FEEL IT SATISFIED WITH THE PURCHASE. AFTER USING THIS HEADPHONES, I FEEL IT SATISFIED WITH THE PURCHASE.",genuine,4
I can't believe how amazing this watch is!!! MUST BUY!!!,fake,4
I BOUGHT THIS PHONE RECENTLY AND IT STOPPED WORKING. I BOUGHT THIS PHONE RECENTLY AND IT STOPPED WORKING.,genuine,4
"After using this headphones, I feel it not great.",genuine,4
BUY NOW BEFORE IT'S GONE AND WIN EXCITING PRIZES!!!,fake,4
"AFTER USING THIS PHONE, I FEEL IT POOR QUALITY.",genuine,4
"This camera is okay, it worth the price.!!!",genuine,4
"THIS HEADPHONES IS OKAY, IT DISAPPOINTED.",genuine,4
I bought this camera recently and it poor quality.,genuine,4
I BOUGHT THIS LAPTOP RECENTLY AND IT WORKS WELL. I BOUGHT THIS LAPTOP RECENTLY AND IT WORKS WELL.!!!,genuine,4
CLICK HERE NOW!!! LIMITED TIME OFFER!!!!!!,fake,4
"This headphones is okay, it worth the price. This headphones is okay, it worth the price.!!!",genuine,4
CAMERA IS LIFE CHANGING!!! DON'T MISS OUT!!!,fake,4
"This phone is okay, it disappointed.",genuine,4
THE CAMERA SATISFIED WITH THE PURCHASE.,genuine,4
I bought this laptop recently and it does the job.,genuine,4
VISIT THIS LINK AND WIN EXCITING PRIZES!!!!!!,fake,4
THE PHONE DOES THE JOB. THE PHONE DOES THE JOB.,genuine,4
I bought this watch recently and it not great.,genuine,4
LAPTOP IS TOP QUALITY GUARANTEED!!! DON'T MISS OUT!!!,fake,4
"THIS PHONE IS OKAY, IT NOT GREAT.",genuine,4
"After using this headphones, I feel it satisfied with the purchase.",genuine,4
"After using this watch, I feel it does the job. After using this watch, I feel it does the job.",genuine,4
limited offer and win exciting prizes!!!!!!,fake,4
PHONE IS LIFE CHANGING!!! DON'T MISS OUT!!! PHONE IS LIFE CHANGING!!! DON'T MISS OUT!!!,fake,4
"After using this camera, I feel it stopped working.!!!",genuine,4
I can't believe how amazing this headphones is!!! MUST BUY!!!,fake,4
I can't believe how amazing this watch is!!! LIFE CHANGING!!! I can't believe how amazing this watch is!!! LIFE CHANGING!!!,fake,4
"After using this phone, I feel it does the job. After using this phone, I feel it does the job.!!!",genuine,4
I bought this watch recently and it does the job.!!!,genuine,4
I bought this watch recently and it good quality.!!!,genuine,4
EARN MONEY FAST TO GET THIS PRODUCT NOW!!!,fake,4
"This phone is okay, it good quality.",genuine,4
BEST PRODUCT EVER!!! Everyone should buy this phone!!!!!!,fake,4
click here now to get this product now!!! click here now to get this product now!!!,fake,4
"After using this laptop, I feel it poor quality.",genuine,4
I CAN'T BELIEVE HOW AMAZING THIS WATCH IS!!! BEST PRODUCT EVER!!!!!!,fake,4
"After using this headphones, I feel it good quality.!!!",genuine,4
LIFE CHANGING!!! Everyone should buy this watch!!! LIFE CHANGING!!! Everyone should buy this watch!!!,fake,4
buy now before it's gone and win exciting prizes!!! buy now before it's gone and win exciting prizes!!!,fake,4
I can't believe how amazing this camera is!!! TOP QUALITY GUARANTEED!!!,fake,4
"After using this phone, I feel it disappointed.",genuine,4
I can't believe how amazing this headphones is!!! TOP QUALITY GUARANTEED!!!,fake,4
I bought this laptop recently and it does the job.,genuine,4
buy now before it's gone for huge discounts!!!,fake,4
LIFE CHANGING!!! Everyone should buy this camera!!!,fake,2
PHONE IS MUST BUY!!! DON'T MISS OUT!!! PHONE IS MUST BUY!!! DON'T MISS OUT!!!,fake,2
THE HEADPHONES GOOD QUALITY.,genuine,2
This headphones is MUST BUY!!! This headphones is MUST BUY!!!!!!,fake,2
LIFE CHANGING!!! EVERYONE SHOULD BUY THIS PHONE!!!,fake,2
This laptop is MUST BUY!!!,fake,2
LIFE CHANGING!!! Everyone should buy this camera!!!,fake,2
I bought this laptop recently and it satisfied with the purchase.!!!,genuine,2
click here now and win exciting prizes!!!,fake,2
"After using this laptop, I feel it not worth it.",genuine,2
The headphones does the job.!!!,genuine,2
UNBELIEVABLE!!! Everyone should buy this camera!!!,fake,2
I CAN'T BELIEVE HOW AMAZING THIS CAMERA IS!!! MUST BUY!!! I CAN'T BELIEVE HOW AMAZING THIS CAMERA IS!!! MUST BUY!!!,fake,2
The camera good quality.,genuine,2
EARN MONEY FAST AND WIN EXCITING PRIZES!!! EARN MONEY FAST AND WIN EXCITING PRIZES!!!,fake,2
"After using this phone, I feel it poor quality.",genuine,2
MUST BUY!!! Everyone should buy this watch!!!!!!,fake,2
VISIT THIS LINK!!! LIMITED TIME OFFER!!!,fake,2
LIMITED OFFER AND WIN EXCITING PRIZES!!!,fake,2
"This laptop is okay, it poor quality.",genuine,2
visit this link to get this product now!!!!!!,fake,2
This camera is TOP QUALITY GUARANTEED!!!,fake,2
"This phone is okay, it works well.",genuine,2
BEST PRODUCT EVER!!! Everyone should buy this watch!!! BEST PRODUCT EVER!!! Everyone should buy this watch!!!!!!,fake,2
"After using this headphones, I feel it does the job.",genuine,2
WATCH IS TOP QUALITY GUARANTEED!!! DON'T MISS OUT!!!,fake,2
limited offer and win exciting prizes!!! limited offer and win exciting prizes!!!,fake,2
This phone is LIFE CHANGING!!!,fake,2
"After using this laptop, I feel it not worth it.",genuine,2
The headphones works well.,genuine,2
The headphones disappointed.,genuine,2
I BOUGHT THIS CAMERA RECENTLY AND IT WORTH THE PRICE. I BOUGHT THIS CAMERA RECENTLY AND IT WORTH THE PRICE.,genuine,2
earn money fast to get this product now!!!,fake,2
"This headphones is okay, it stopped working.!!!",genuine,2
TOP QUALITY GUARANTEED!!! EVERYONE SHOULD BUY THIS CAMERA!!! TOP QUALITY GUARANTEED!!! EVERYONE SHOULD BUY THIS CAMERA!!!,fake,2
I can't believe how amazing this headphones is!!! TOP QUALITY GUARANTEED!!!,fake,2
I bought this laptop recently and it poor quality.,genuine,2
I can't believe how amazing this headphones is!!! MUST BUY!!!!!!,fake,2
"After using this headphones, I feel it not worth it.",genuine,2
WATCH IS MUST BUY!!! DON'T MISS OUT!!!!!!,fake,2
WATCH IS UNBELIEVABLE!!! DON'T MISS OUT!!!,fake,2
"After using this phone, I feel it poor quality.",genuine,2
"This laptop is okay, it disappointed. This laptop is okay, it disappointed.",genuine,2
The watch poor quality. The watch poor quality.,genuine,2
This camera is TOP QUALITY GUARANTEED!!!,fake,2
I bought this phone recently and it not great.,genuine,2
"This phone is okay, it good quality. This phone is okay, it good quality.",genuine,2
The headphones stopped working. The headphones stopped working.,genuine,2
buy now before it's gone and win exciting prizes!!!,fake,2
THE LAPTOP NOT GREAT.,genuine,2
BEST PRODUCT EVER!!! EVERYONE SHOULD BUY THIS HEADPHONES!!!,fake,2
BUY NOW BEFORE IT'S GONE!!! LIMITED TIME OFFER!!!,fake,2
The headphones not worth it.!!!,genuine,2
CLICK HERE NOW!!! LIMITED TIME OFFER!!!!!!,fake,2
This headphones is UNBELIEVABLE!!!,fake,2
BUY NOW BEFORE IT'S GONE!!! LIMITED TIME OFFER!!! BUY NOW BEFORE IT'S GONE!!! LIMITED TIME OFFER!!!,fake,2
VISIT THIS LINK AND WIN EXCITING PRIZES!!!,fake,2
"This watch is okay, it poor quality.!!!",genuine,2
I bought this laptop recently and it good quality.!!!,genuine,2
limited offer to get this product now!!! limited offer to get this product now!!!,fake,2
The laptop not worth it.,genuine,2
PHONE IS LIFE CHANGING!!! DON'T MISS OUT!!!,fake,2
I can't believe how amazing this camera is!!! BEST PRODUCT EVER!!! I can't believe how amazing this camera is!!! BEST PRODUCT EVER!!!,fake,2
BUY NOW BEFORE IT'S GONE AND WIN EXCITING PRIZES!!!,fake,2
"This watch is okay, it satisfied with the purchase.!!!",genuine,2
I bought this phone recently and it satisfied with the purchase.,genuine,2
WATCH IS LIFE CHANGING!!! DON'T MISS OUT!!!,fake,2
WATCH IS TOP QUALITY GUARANTEED!!! DON'T MISS OUT!!!,fake,2
"This phone is okay, it not great.!!!",genuine,2
"This watch is okay, it does the job. This watch is okay, it does the job.",genuine,2
UNBELIEVABLE!!! Everyone should buy this phone!!! UNBELIEVABLE!!! Everyone should buy this phone!!!,fake,2
"This laptop is okay, it worth the price.",genuine,2
BEST PRODUCT EVER!!! Everyone should buy this watch!!!!!!,fake,2
buy now before it's gone and win exciting prizes!!!,fake,2
I can't believe how amazing this watch is!!! LIFE CHANGING!!!,fake,2
"After using this laptop, I feel it stopped working.!!!",genuine,2
LIFE CHANGING!!! Everyone should buy this phone!!! LIFE CHANGING!!! Everyone should buy this phone!!!!!!,fake,2
BEST PRODUCT EVER!!! Everyone should buy this camera!!!,fake,2
"This camera is okay, it poor quality. This camera is okay, it poor quality.",genuine,2
I can't believe how amazing this laptop is!!! MUST BUY!!!,fake,2
LAPTOP IS BEST PRODUCT EVER!!! DON'T MISS OUT!!!!!!,fake,2
MUST BUY!!! EVERYONE SHOULD BUY THIS CAMERA!!!,fake,2
earn money fast to get this product now!!!,fake,2
UNBELIEVABLE!!! EVERYONE SHOULD BUY THIS PHONE!!! UNBELIEVABLE!!! EVERYONE SHOULD BUY THIS PHONE!!!!!!,fake,2
MUST BUY!!! Everyone should buy this phone!!!,fake,2
This watch is BEST PRODUCT EVER!!! This watch is BEST PRODUCT EVER!!!!!!,fake,2
earn money fast and win exciting prizes!!! earn money fast and win exciting prizes!!!,fake,2
EARN MONEY FAST!!! LIMITED TIME OFFER!!! EARN MONEY FAST!!! LIMITED TIME OFFER!!!,fake,2
THIS LAPTOP IS UNBELIEVABLE!!! THIS LAPTOP IS UNBELIEVABLE!!!,fake,2
"After using this phone, I feel it not worth it. After using this phone, I feel it not worth it.",genuine,2
THIS LAPTOP IS LIFE CHANGING!!!,fake,2
I BOUGHT THIS CAMERA RECENTLY AND IT DISAPPOINTED.,genuine,2
The laptop not great. The laptop not great.!!!,genuine,2
EARN MONEY FAST TO GET THIS PRODUCT NOW!!!,fake,2
"After using this watch, I feel it works well.",genuine,2
HEADPHONES IS BEST PRODUCT EVER!!! DON'T MISS OUT!!!,fake,2
I bought this headphones recently and it poor quality.,genuine,2
"This laptop is okay, it does the job. This laptop is okay, it does the job.",genuine,2
EARN MONEY FAST TO GET THIS PRODUCT NOW!!!,fake,2
"After using this phone, I feel it satisfied with the purchase.",genuine,2
"This phone is okay, it not great.!!!",genuine,2
The headphones good quality.,genuine,2
"THIS CAMERA IS OKAY, IT NOT GREAT.",genuine,2
"This phone is okay, it not worth it. This phone is okay, it not worth it.!!!",genuine,2
"AFTER USING THIS HEADPHONES, I FEEL IT DOES THE JOB. AFTER USING THIS HEADPHONES, I FEEL IT DOES THE JOB.",genuine,2
BUY NOW BEFORE IT'S GONE TO GET THIS PRODUCT NOW!!! BUY NOW BEFORE IT'S GONE TO GET THIS PRODUCT NOW!!!,fake,2
buy now before it's gone and win exciting prizes!!! buy now before it's gone and win exciting prizes!!!,fake,2
The headphones not great. The headphones not great.!!!,genuine,2
This camera is MUST BUY!!! This camera is MUST BUY!!!,fake,2
"AFTER USING THIS LAPTOP, I FEEL IT DISAPPOINTED. AFTER USING THIS LAPTOP, I FEEL IT DISAPPOINTED.!!!",genuine,2
The watch poor quality.,genuine,2
limited offer and win exciting prizes!!! limited offer and win exciting prizes!!!,fake,2
This headphones is UNBELIEVABLE!!!,fake,2
This watch is TOP QUALITY GUARANTEED!!! This watch is TOP QUALITY GUARANTEED!!!,fake,2
buy now before it's gone to get this product now!!!,fake,2
CAMERA IS UNBELIEVABLE!!! DON'T MISS OUT!!! CAMERA IS UNBELIEVABLE!!! DON'T MISS OUT!!!!!!,fake,2
"THIS LAPTOP IS OKAY, IT DISAPPOINTED.",genuine,2
I bought this watch recently and it does the job.,genuine,2
The watch does the job. The watch does the job.!!!,genuine,2
I bought this laptop recently and it works well.,genuine,2
I BOUGHT THIS LAPTOP RECENTLY AND IT DISAPPOINTED. I BOUGHT THIS LAPTOP RECENTLY AND IT DISAPPOINTED.,genuine,2
THIS CAMERA IS UNBELIEVABLE!!!,fake,2
I can't believe how amazing this laptop is!!! MUST BUY!!!!!!,fake,2
click here now and win exciting prizes!!!!!!,fake,2
The camera worth the price.,genuine,2
limited offer to get this product now!!!!!!,fake,2
UNBELIEVABLE!!! Everyone should buy this laptop!!!,fake,2
BEST PRODUCT EVER!!! EVERYONE SHOULD BUY THIS WATCH!!!,fake,2
BUY NOW BEFORE IT'S GONE!!! LIMITED TIME OFFER!!! BUY NOW BEFORE IT'S GONE!!! LIMITED TIME OFFER!!!,fake,2
visit this link for huge discounts!!!!!!,fake,2
I BOUGHT THIS PHONE RECENTLY AND IT SATISFIED WITH THE PURCHASE.,genuine,2
I can't believe how amazing this headphones is!!! BEST PRODUCT EVER!!!,fake,2
I bought this laptop recently and it does the job.,genuine,2
THIS WATCH IS BEST PRODUCT EVER!!!,fake,2
This camera is BEST PRODUCT EVER!!! This camera is BEST PRODUCT EVER!!!,fake,2
earn money fast to get this product now!!! earn money fast to get this product now!!!,fake,2
"THIS LAPTOP IS OKAY, IT DISAPPOINTED.",genuine,2
CLICK HERE NOW FOR HUGE DISCOUNTS!!!,fake,2
TOP QUALITY GUARANTEED!!! Everyone should buy this laptop!!!,fake,2
LAPTOP IS MUST BUY!!! DON'T MISS OUT!!!,fake,2
limited offer for huge discounts!!!!!!,fake,2
I can't believe how amazing this camera is!!! LIFE CHANGING!!!,fake,2
THIS WATCH IS MUST BUY!!! THIS WATCH IS MUST BUY!!!,fake,2
"This camera is okay, it poor quality. This camera is okay, it poor quality.",genuine,2
This phone is MUST BUY!!!,fake,2
PHONE IS UNBELIEVABLE!!! DON'T MISS OUT!!!!!!,fake,2
The headphones not worth it.,genuine,2
PHONE IS MUST BUY!!! DON'T MISS OUT!!! PHONE IS MUST BUY!!! DON'T MISS OUT!!!!!!,fake,2
"After using this camera, I feel it poor quality.!!!",genuine,2
click here now for huge discounts!!! click here now for huge discounts!!!!!!,fake,2
LAPTOP IS BEST PRODUCT EVER!!! DON'T MISS OUT!!!!!!,fake,2
I bought this phone recently and it does the job.,genuine,2
I can't believe how amazing this headphones is!!! TOP QUALITY GUARANTEED!!!,fake,2
I can't believe how amazing this headphones is!!! BEST PRODUCT EVER!!! I can't believe how amazing this headphones is!!! BEST PRODUCT EVER!!!,fake,2
click here now to get this product now!!! click here now to get this product now!!!,fake,2
"After using this phone, I feel it not great.",genuine,2
HEADPHONES IS TOP QUALITY GUARANTEED!!! DON'T MISS OUT!!!,fake,2
This watch is MUST BUY!!!!!!,fake,2
PHONE IS UNBELIEVABLE!!! DON'T MISS OUT!!!,fake,2
HEADPHONES IS LIFE CHANGING!!! DON'T MISS OUT!!!!!!,fake,2
visit this link to get this product now!!!,fake,2
BEST PRODUCT EVER!!! Everyone should buy this headphones!!!,fake,2
earn money fast to get this product now!!!,fake,2
MUST BUY!!! Everyone should buy this camera!!! MUST BUY!!! Everyone should buy this camera!!!,fake,2
MUST BUY!!! Everyone should buy this laptop!!!!!!,fake,2
"THIS CAMERA IS OKAY, IT SATISFIED WITH THE PURCHASE.",genuine,2
"This headphones is okay, it poor quality. This headphones is okay, it poor quality.!!!",genuine,2
EARN MONEY FAST FOR HUGE DISCOUNTS!!! EARN MONEY FAST FOR HUGE DISCOUNTS!!!,fake,2
"This phone is okay, it poor quality.",genuine,2
I can't believe how amazing this headphones is!!! BEST PRODUCT EVER!!!!!!,fake,2
CAMERA IS BEST PRODUCT EVER!!! DON'T MISS OUT!!! CAMERA IS BEST PRODUCT EVER!!! DON'T MISS OUT!!!,fake,2
"THIS PHONE IS OKAY, IT WORKS WELL.",genuine,2
limited offer for huge discounts!!!!!!,fake,2
TOP QUALITY GUARANTEED!!! Everyone should buy this watch!!!!!!,fake,2
LIMITED OFFER!!! LIMITED TIME OFFER!!!,fake,2
MUST BUY!!! Everyone should buy this camera!!!!!!,fake,2
The watch disappointed.,genuine,2
This laptop is UNBELIEVABLE!!!,fake,2
VISIT THIS LINK!!! LIMITED TIME OFFER!!!,fake,2
The watch satisfied with the purchase.,genuine,2
I can't believe how amazing this headphones is!!! UNBELIEVABLE!!!,fake,2
THE PHONE GOOD QUALITY.,genuine,2
THIS LAPTOP IS UNBELIEVABLE!!!,fake,2
This watch is BEST PRODUCT EVER!!!!!!,fake,2
THE LAPTOP WORTH THE PRICE.!!!,genuine,2
THIS HEADPHONES IS UNBELIEVABLE!!!!!!,fake,2
CAMERA IS LIFE CHANGING!!! DON'T MISS OUT!!! CAMERA IS LIFE CHANGING!!! DON'T MISS OUT!!!!!!,fake,2
"After using this watch, I feel it satisfied with the purchase.",genuine,2
This camera is LIFE CHANGING!!!,fake,2
HEADPHONES IS MUST BUY!!! DON'T MISS OUT!!!!!!,fake,2
I bought this watch recently and it disappointed.,genuine,2
I can't believe how amazing this laptop is!!! UNBELIEVABLE!!! I can't believe how amazing this laptop is!!! UNBELIEVABLE!!!!!!,fake,2
VISIT THIS LINK!!! LIMITED TIME OFFER!!!,fake,2
click here now for huge discounts!!!,fake,2
buy now before it's gone and win exciting prizes!!!,fake,2
I can't believe how amazing this camera is!!! TOP QUALITY GUARANTEED!!!,fake,2
I can't believe how amazing this laptop is!!! LIFE CHANGING!!!!!!,fake,2
I bought this laptop recently and it stopped working. I bought this laptop recently and it stopped working.!!!,genuine,2
"After using this laptop, I feel it satisfied with the purchase.",genuine,2
LIMITED OFFER!!! LIMITED TIME OFFER!!!,fake,2
"After using this laptop, I feel it satisfied with the purchase.",genuine,2
I can't believe how amazing this laptop is!!! MUST BUY!!!,fake,2
This phone is UNBELIEVABLE!!!,fake,2
I bought this laptop recently and it poor quality.,genuine,2
visit this link and win exciting prizes!!! visit this link and win exciting prizes!!!,fake,2
MUST BUY!!! Everyone should buy this phone!!! MUST BUY!!! Everyone should buy this phone!!!!!!,fake,2
This laptop is LIFE CHANGING!!! This laptop is LIFE CHANGING!!!,fake,2
The laptop worth the price. The laptop worth the price.,genuine,2
"After using this watch, I feel it stopped working. After using this watch, I feel it stopped working.",genuine,2
WATCH IS LIFE CHANGING!!! DON'T MISS OUT!!!,fake,2
visit this link for huge discounts!!! visit this link for huge discounts!!!,fake,2
HEADPHONES IS UNBELIEVABLE!!! DON'T MISS OUT!!! HEADPHONES IS UNBELIEVABLE!!! DON'T MISS OUT!!!,fake,2
This phone is TOP QUALITY GUARANTEED!!!,fake,2
I can't believe how amazing this headphones is!!! BEST PRODUCT EVER!!!,fake,2
LAPTOP IS MUST BUY!!! DON'T MISS OUT!!! LAPTOP IS MUST BUY!!! DON'T MISS OUT!!!,fake,2
UNBELIEVABLE!!! Everyone should buy this camera!!!,fake,2
The headphones good quality.,genuine,2
click here now for huge discounts!!!,fake,2
I can't believe how amazing this phone is!!! BEST PRODUCT EVER!!! I can't believe how amazing this phone is!!! BEST PRODUCT EVER!!!!!!,fake,2
"After using this watch, I feel it poor quality. After using this watch, I feel it poor quality.!!!",genuine,2
This headphones is MUST BUY!!!,fake,2
This laptop is MUST BUY!!!!!!,fake,2
"After using this laptop, I feel it worth the price.!!!",genuine,2
"This camera is okay, it not great.!!!",genuine,2
HEADPHONES IS BEST PRODUCT EVER!!! DON'T MISS OUT!!! HEADPHONES IS BEST PRODUCT EVER!!! DON'T MISS OUT!!!,fake,2
BUY NOW BEFORE IT'S GONE!!! LIMITED TIME OFFER!!! BUY NOW BEFORE IT'S GONE!!! LIMITED TIME OFFER!!!,fake,2
WATCH IS BEST PRODUCT EVER!!! DON'T MISS OUT!!!,fake,2
I bought this camera recently and it does the job.,genuine,2
VISIT THIS LINK!!! LIMITED TIME OFFER!!!,fake,2
buy now before it's gone for huge discounts!!! buy now before it's gone for huge discounts!!!,fake,2
This watch is UNBELIEVABLE!!!,fake,2
THE HEADPHONES STOPPED WORKING. THE HEADPHONES STOPPED WORKING.,genuine,2
buy now before it's gone and win exciting prizes!!! buy now before it's gone and win exciting prizes!!!,fake,2
I CAN'T BELIEVE HOW AMAZING THIS PHONE IS!!! BEST PRODUCT EVER!!!!!!,fake,2
CLICK HERE NOW TO GET THIS PRODUCT NOW!!!,fake,2
I bought this watch recently and it worth the price.,genuine,2
"After using this camera, I feel it stopped working.",genuine,2
The watch worth the price. The watch worth the price.,genuine,2
I CAN'T BELIEVE HOW AMAZING THIS WATCH IS!!! MUST BUY!!!,fake,2
WATCH IS UNBELIEVABLE!!! DON'T MISS OUT!!!!!!,fake,2
PHONE IS MUST BUY!!! DON'T MISS OUT!!! PHONE IS MUST BUY!!! DON'T MISS OUT!!!,fake,2
"AFTER USING THIS CAMERA, I FEEL IT DOES THE JOB.",genuine,2
This phone is LIFE CHANGING!!!!!!,fake,2
I CAN'T BELIEVE HOW AMAZING THIS WATCH IS!!! TOP QUALITY GUARANTEED!!!,fake,2
limited offer to get this product now!!!,fake,2
I can't believe how amazing this laptop is!!! BEST PRODUCT EVER!!!,fake,2
THE CAMERA DISAPPOINTED.,genuine,2
This phone is UNBELIEVABLE!!!!!!,fake,2
buy now before it's gone to get this product now!!!,fake,2
"THIS WATCH IS OKAY, IT POOR QUALITY.",genuine,2
LIFE CHANGING!!! Everyone should buy this camera!!!,fake,2
The headphones poor quality.,genuine,2
limited offer for huge discounts!!!,fake,2
The phone poor quality.!!!,genuine,2
CAMERA IS UNBELIEVABLE!!! DON'T MISS OUT!!!,fake,2
BUY NOW BEFORE IT'S GONE!!! LIMITED TIME OFFER!!!!!!,fake,2
The camera disappointed.,genuine,2
I bought this headphones recently and it works well.,genuine,2
CAMERA IS BEST PRODUCT EVER!!! DON'T MISS OUT!!!,fake,2
The laptop poor quality.,genuine,2
click here now to get this product now!!!,fake,2
"This laptop is okay, it not worth it.!!!",genuine,2
"After using this phone, I feel it disappointed. After using this phone, I feel it disappointed.!!!",genuine,2
I bought this camera recently and it not great. I bought this camera recently and it not great.!!!,genuine,2
"THIS HEADPHONES IS OKAY, IT DISAPPOINTED.",genuine,2
LAPTOP IS TOP QUALITY GUARANTEED!!! DON'T MISS OUT!!!!!!,fake,2
I bought this watch recently and it not worth it.!!!,genuine,2
BEST PRODUCT EVER!!! Everyone should buy this watch!!!,fake,2
This camera is UNBELIEVABLE!!!,fake,2
LIFE CHANGING!!! Everyone should buy this headphones!!!,fake,2
The phone satisfied with the purchase.,genuine,2
CLICK HERE NOW TO GET THIS PRODUCT NOW!!!,fake,2
earn money fast to get this product now!!!,fake,2
I bought this laptop recently and it not great.,genuine,2
UNBELIEVABLE!!! Everyone should buy this headphones!!!,fake,2
I CAN'T BELIEVE HOW AMAZING THIS LAPTOP IS!!! TOP QUALITY GUARANTEED!!!,fake,2
MUST BUY!!! Everyone should buy this camera!!! MUST BUY!!! Everyone should buy this camera!!!!!!,fake,2
THE LAPTOP NOT GREAT. THE LAPTOP NOT GREAT.,genuine,2
HEADPHONES IS LIFE CHANGING!!! DON'T MISS OUT!!!!!!,fake,2
UNBELIEVABLE!!! Everyone should buy this headphones!!!!!!,fake,2
"After using this camera, I feel it does the job.",genuine,2
WATCH IS BEST PRODUCT EVER!!! DON'T MISS OUT!!!!!!,fake,2
BUY NOW BEFORE IT'S GONE!!! LIMITED TIME OFFER!!!,fake,2
WATCH IS TOP QUALITY GUARANTEED!!! DON'T MISS OUT!!!,fake,2
LAPTOP IS UNBELIEVABLE!!! DON'T MISS OUT!!! LAPTOP IS UNBELIEVABLE!!! DON'T MISS OUT!!!,fake,2
I can't believe how amazing this phone is!!! TOP QUALITY GUARANTEED!!! I can't believe how amazing this phone is!!! TOP QUALITY GUARANTEED!!!,fake,2
The watch good quality.,genuine,2
TOP QUALITY GUARANTEED!!! Everyone should buy this camera!!!!!!,fake,2
"After using this watch, I feel it good quality. After using this watch, I feel it good quality.",genuine,2
I can't believe how amazing this camera is!!! LIFE CHANGING!!!,fake,2
I can't believe how amazing this watch is!!! TOP QUALITY GUARANTEED!!!!!!,fake,2
visit this link to get this product now!!! visit this link to get this product now!!!!!!,fake,2
I CAN'T BELIEVE HOW AMAZING THIS WATCH IS!!! TOP QUALITY GUARANTEED!!! I CAN'T BELIEVE HOW AMAZING THIS WATCH IS!!! TOP QUALITY GUARANTEED!!!,fake,2
This headphones is LIFE CHANGING!!!,fake,2
LIFE CHANGING!!! EVERYONE SHOULD BUY THIS PHONE!!! LIFE CHANGING!!! EVERYONE SHOULD BUY THIS PHONE!!!,fake,2
BEST PRODUCT EVER!!! Everyone should buy this watch!!!,fake,2
"After using this phone, I feel it not great.",genuine,2
UNBELIEVABLE!!! EVERYONE SHOULD BUY THIS LAPTOP!!!,fake,2
BEST PRODUCT EVER!!! EVERYONE SHOULD BUY THIS PHONE!!! BEST PRODUCT EVER!!! EVERYONE SHOULD BUY THIS PHONE!!!,fake,2
I can't believe how amazing this camera is!!! TOP QUALITY GUARANTEED!!!,fake,2
I CAN'T BELIEVE HOW AMAZING THIS LAPTOP IS!!! LIFE CHANGING!!! I CAN'T BELIEVE HOW AMAZING THIS LAPTOP IS!!! LIFE CHANGING!!!,fake,2
I BOUGHT THIS PHONE RECENTLY AND IT DOES THE JOB.,genuine,2
I can't believe how amazing this phone is!!! TOP QUALITY GUARANTEED!!! I can't believe how amazing this phone is!!! TOP QUALITY GUARANTEED!!!!!!,fake,2
I bought this camera recently and it disappointed.,genuine,2
EARN MONEY FAST AND WIN EXCITING PRIZES!!! EARN MONEY FAST AND WIN EXCITING PRIZES!!!,fake,2
The laptop not great. The laptop not great.,genuine,2
buy now before it's gone to get this product now!!!,fake,2
TOP QUALITY GUARANTEED!!! Everyone should buy this phone!!!,fake,2
click here now to get this product now!!!,fake,2
"This camera is okay, it not great.",genuine,2
I can't believe how amazing this watch is!!! BEST PRODUCT EVER!!!,fake,2
"AFTER USING THIS PHONE, I FEEL IT STOPPED WORKING. AFTER USING THIS PHONE, I FEEL IT STOPPED WORKING.",genuine,2
LIMITED OFFER AND WIN EXCITING PRIZES!!! LIMITED OFFER AND WIN EXCITING PRIZES!!!!!!,fake,2
HEADPHONES IS LIFE CHANGING!!! DON'T MISS OUT!!!!!!,fake,2
click here now to get this product now!!! click here now to get this product now!!!,fake,2
I can't believe how amazing this phone is!!! LIFE CHANGING!!!,fake,2
MUST BUY!!! Everyone should buy this camera!!!,fake,2
I can't believe how amazing this laptop is!!! TOP QUALITY GUARANTEED!!! I can't believe how amazing this laptop is!!! TOP QUALITY GUARANTEED!!!!!!,fake,2
BEST PRODUCT EVER!!! Everyone should buy this camera!!!,fake,2
"This watch is okay, it disappointed. This watch is okay, it disappointed.",genuine,2
CAMERA IS MUST BUY!!! DON'T MISS OUT!!! CAMERA IS MUST BUY!!! DON'T MISS OUT!!!,fake,2
THIS HEADPHONES IS UNBELIEVABLE!!! THIS HEADPHONES IS UNBELIEVABLE!!!,fake,2
"THIS PHONE IS OKAY, IT WORTH THE PRICE.",genuine,2
I CAN'T BELIEVE HOW AMAZING THIS PHONE IS!!! TOP QUALITY GUARANTEED!!!,fake,2
HEADPHONES IS MUST BUY!!! DON'T MISS OUT!!!,fake,2
This headphones is UNBELIEVABLE!!! This headphones is UNBELIEVABLE!!!,fake,2
click here now to get this product now!!!,fake,2
The watch not worth it. The watch not worth it.,genuine,2
TOP QUALITY GUARANTEED!!! Everyone should buy this phone!!!,fake,2
limited offer to get this product now!!!!!!,fake,2
"After using this phone, I feel it not great. After using this phone, I feel it not great.",genuine,2
"After using this camera, I feel it disappointed.",genuine,2
"This phone is okay, it works well.",genuine,2
"This headphones is okay, it poor quality.",genuine,2
UNBELIEVABLE!!! Everyone should buy this camera!!! UNBELIEVABLE!!! Everyone should buy this camera!!!!!!,fake,2
I can't believe how amazing this camera is!!! TOP QUALITY GUARANTEED!!!,fake,2
earn money fast to get this product now!!!!!!,fake,2
This watch is LIFE CHANGING!!!,fake,2
PHONE IS LIFE CHANGING!!! DON'T MISS OUT!!!,fake,2
I can't believe how amazing this watch is!!! UNBELIEVABLE!!! I can't believe how amazing this watch is!!! UNBELIEVABLE!!!,fake,2
I bought this watch recently and it poor quality.,genuine,2
click here now for huge discounts!!!!!!,fake,2
LAPTOP IS BEST PRODUCT EVER!!! DON'T MISS OUT!!!!!!,fake,2
"AFTER USING THIS WATCH, I FEEL IT DOES THE JOB.!!!",genuine,2
The laptop works well.,genuine,2
THIS WATCH IS TOP QUALITY GUARANTEED!!!,fake,2
"THIS CAMERA IS OKAY, IT WORKS WELL.",genuine,2
"This camera is okay, it not great.",genuine,2
I bought this camera recently and it does the job.!!!,genuine,2
"This camera is okay, it works well. This camera is okay, it works well.",genuine,2
PHONE IS BEST PRODUCT EVER!!! DON'T MISS OUT!!!,fake,2
I bought this watch recently and it worth the price.,genuine,2
This headphones is MUST BUY!!!,fake,2
HEADPHONES IS LIFE CHANGING!!! DON'T MISS OUT!!! HEADPHONES IS LIFE CHANGING!!! DON'T MISS OUT!!!!!!,fake,2
I can't believe how amazing this phone is!!! MUST BUY!!! I can't believe how amazing this phone is!!! MUST BUY!!!,fake,2
I can't believe how amazing this watch is!!! MUST BUY!!! I can't believe how amazing this watch is!!! MUST BUY!!!,fake,2
I BOUGHT THIS WATCH RECENTLY AND IT POOR QUALITY.,genuine,2
buy now before it's gone to get this product now!!!!!!,fake,2
THE CAMERA WORTH THE PRICE.,genuine,2
This laptop is TOP QUALITY GUARANTEED!!!!!!,fake,2
"After using this phone, I feel it disappointed.",genuine,2
The watch satisfied with the purchase.,genuine,2
This laptop is BEST PRODUCT EVER!!!,fake,2
LIMITED OFFER!!! LIMITED TIME OFFER!!!,fake,2
TOP QUALITY GUARANTEED!!! Everyone should buy this laptop!!!,fake,2
This headphones is MUST BUY!!! This headphones is MUST BUY!!!,fake,2
I bought this laptop recently and it stopped working.,genuine,2
CAMERA IS UNBELIEVABLE!!! DON'T MISS OUT!!! CAMERA IS UNBELIEVABLE!!! DON'T MISS OUT!!!,fake,2
I CAN'T BELIEVE HOW AMAZING THIS PHONE IS!!! UNBELIEVABLE!!! I CAN'T BELIEVE HOW AMAZING THIS PHONE IS!!! UNBELIEVABLE!!!!!!,fake,2
"This phone is okay, it poor quality. This phone is okay, it poor quality.!!!",genuine,2
"This phone is okay, it poor quality.",genuine,2
I bought this camera recently and it not great.,genuine,2
TOP QUALITY GUARANTEED!!! Everyone should buy this phone!!!,fake,2
"After using this watch, I feel it stopped working.!!!",genuine,2
buy now before it's gone and win exciting prizes!!!!!!,fake,2
BUY NOW BEFORE IT'S GONE!!! LIMITED TIME OFFER!!! BUY NOW BEFORE IT'S GONE!!! LIMITED TIME OFFER!!!,fake,2
I can't believe how amazing this phone is!!! BEST PRODUCT EVER!!!,fake,2
PHONE IS LIFE CHANGING!!! DON'T MISS OUT!!! PHONE IS LIFE CHANGING!!! DON'T MISS OUT!!!,fake,2
earn money fast and win exciting prizes!!!!!!,fake,2
BUY NOW BEFORE IT'S GONE!!! LIMITED TIME OFFER!!! BUY NOW BEFORE IT'S GONE!!! LIMITED TIME OFFER!!!,fake,2
The headphones good quality. The headphones good quality.!!!,genuine,2
I bought this camera recently and it stopped working. I bought this camera recently and it stopped working.,genuine,2
I bought this phone recently and it satisfied with the purchase.,genuine,2
This laptop is BEST PRODUCT EVER!!!!!!,fake,2
"After using this headphones, I feel it worth the price.!!!",genuine,2
"This phone is okay, it not great.",genuine,2
I BOUGHT THIS WATCH RECENTLY AND IT GOOD QUALITY.!!!,genuine,2
"This laptop is okay, it poor quality.!!!",genuine,2
I can't believe how amazing this watch is!!! TOP QUALITY GUARANTEED!!!,fake,2
PHONE IS TOP QUALITY GUARANTEED!!! DON'T MISS OUT!!!,fake,2
PHONE IS MUST BUY!!! DON'T MISS OUT!!!,fake,2
I bought this headphones recently and it poor quality.,genuine,2
earn money fast and win exciting prizes!!!,fake,2
I can't believe how amazing this phone is!!! TOP QUALITY GUARANTEED!!! I can't believe how amazing this phone is!!! TOP QUALITY GUARANTEED!!!,fake,2
limited offer and win exciting prizes!!! limited offer and win exciting prizes!!!,fake,2
buy now before it's gone and win exciting prizes!!!,fake,2
The headphones does the job.,genuine,2
I bought this camera recently and it poor quality. I bought this camera recently and it poor quality.,genuine,2
I can't believe how amazing this laptop is!!! UNBELIEVABLE!!!,fake,2
This watch is UNBELIEVABLE!!!,fake,2
MUST BUY!!! Everyone should buy this watch!!!,fake,2
The laptop satisfied with the purchase. The laptop satisfied with the purchase.,genuine,2
"This watch is okay, it stopped working. This watch is okay, it stopped working.",genuine,2
THE PHONE STOPPED WORKING. THE PHONE STOPPED WORKING.,genuine,2
"AFTER USING THIS WATCH, I FEEL IT WORKS WELL.!!!",genuine,2
"THIS WATCH IS OKAY, IT DOES THE JOB.",genuine,2
This headphones is MUST BUY!!! This headphones is MUST BUY!!!,fake,2
I can't believe how amazing this laptop is!!! MUST BUY!!!!!!,fake,2
The phone poor quality.,genuine,2
"After using this headphones, I feel it works well.",genuine,2
LAPTOP IS BEST PRODUCT EVER!!! DON'T MISS OUT!!!,fake,2
CLICK HERE NOW!!! LIMITED TIME OFFER!!!,fake,2
I bought this phone recently and it not great.,genuine,2
The laptop stopped working.,genuine,2
LIMITED OFFER!!! LIMITED TIME OFFER!!!,fake,2
WATCH IS TOP QUALITY GUARANTEED!!! DON'T MISS OUT!!! WATCH IS TOP QUALITY GUARANTEED!!! DON'T MISS OUT!!!,fake,2
LIFE CHANGING!!! Everyone should buy this laptop!!! LIFE CHANGING!!! Everyone should buy this laptop!!!!!!,fake,2
I bought this watch recently and it worth the price.,genuine,2
LIMITED OFFER AND WIN EXCITING PRIZES!!!,fake,2
"After using this headphones, I feel it good quality.",genuine,2
LIFE CHANGING!!! EVERYONE SHOULD BUY THIS PHONE!!!,fake,2
This headphones is UNBELIEVABLE!!!,fake,2
This headphones is BEST PRODUCT EVER!!!!!!,fake,2
"After using this phone, I feel it satisfied with the purchase. After using this phone, I feel it satisfied with the purchase.",genuine,2
I CAN'T BELIEVE HOW AMAZING THIS LAPTOP IS!!! TOP QUALITY GUARANTEED!!!!!!,fake,2
The headphones satisfied with the purchase.,genuine,2
I can't believe how amazing this watch is!!! MUST BUY!!!!!!,fake,2
"After using this laptop, I feel it good quality.",genuine,2
The camera not worth it.!!!,genuine,2
EARN MONEY FAST!!! LIMITED TIME OFFER!!! EARN MONEY FAST!!! LIMITED TIME OFFER!!!,fake,2
THIS CAMERA IS LIFE CHANGING!!! THIS CAMERA IS LIFE CHANGING!!!!!!,fake,2
I bought this watch recently and it does the job.,genuine,2
limited offer to get this product now!!!,fake,2
THE PHONE WORKS WELL.,genuine,2
LIFE CHANGING!!! Everyone should buy this laptop!!!!!!,fake,2
"After using this phone, I feel it not worth it. After using this phone, I feel it not worth it.",genuine,2
"This phone is okay, it does the job. This phone is okay, it does the job.!!!",genuine,2
"After using this laptop, I feel it poor quality.!!!",genuine,2
CLICK HERE NOW!!! LIMITED TIME OFFER!!!,fake,2
LIFE CHANGING!!! Everyone should buy this camera!!! LIFE CHANGING!!! Everyone should buy this camera!!!,fake,2
"After using this headphones, I feel it worth the price.",genuine,2
The phone disappointed. The phone disappointed.,genuine,2
"After using this phone, I feel it does the job.!!!",genuine,2
THE PHONE GOOD QUALITY.,genuine,2
THIS PHONE IS MUST BUY!!!,fake,2
I can't believe how amazing this phone is!!! BEST PRODUCT EVER!!!,fake,2
WATCH IS LIFE CHANGING!!! DON'T MISS OUT!!! WATCH IS LIFE CHANGING!!! DON'T MISS OUT!!!,fake,2
This watch is UNBELIEVABLE!!!,fake,2
The laptop poor quality.,genuine,2
"This phone is okay, it not worth it.",genuine,2
"This camera is okay, it not great.!!!",genuine,2
I can't believe how amazing this laptop is!!! MUST BUY!!!!!!,fake,2
visit this link and win exciting prizes!!! visit this link and win exciting prizes!!!!!!,fake,2
"This watch is okay, it stopped working.!!!",genuine,2
I bought this camera recently and it stopped working.!!!,genuine,2
BUY NOW BEFORE IT'S GONE FOR HUGE DISCOUNTS!!!,fake,2
The camera good quality.!!!,genuine,2
CLICK HERE NOW!!! LIMITED TIME OFFER!!!,fake,2
visit this link to get this product now!!!,fake,2
WATCH IS LIFE CHANGING!!! DON'T MISS OUT!!!,fake,2
click here now for huge discounts!!! click here now for huge discounts!!!,fake,2
I bought this camera recently and it stopped working.!!!,genuine,2
"This camera is okay, it not great. This camera is okay, it not great.!!!",genuine,2
earn money fast to get this product now!!! earn money fast to get this product now!!!,fake,2
buy now before it's gone and win exciting prizes!!!,fake,2
"After using this laptop, I feel it not great.",genuine,2
visit this link for huge discounts!!!,fake,2
EARN MONEY FAST AND WIN EXCITING PRIZES!!! EARN MONEY FAST AND WIN EXCITING PRIZES!!!,fake,2
I can't believe how amazing this headphones is!!! UNBELIEVABLE!!! I can't believe how amazing this headphones is!!! UNBELIEVABLE!!!,fake,2
HEADPHONES IS LIFE CHANGING!!! DON'T MISS OUT!!!,fake,2
buy now before it's gone for huge discounts!!! buy now before it's gone for huge discounts!!!,fake,2
TOP QUALITY GUARANTEED!!! Everyone should buy this laptop!!!,fake,2
visit this link to get this product now!!!,fake,2
buy now before it's gone and win exciting prizes!!!!!!,fake,2
I bought this laptop recently and it satisfied with the purchase.!!!,genuine,2
THE HEADPHONES DOES THE JOB.,genuine,2
I bought this phone recently and it stopped working.,genuine,2
CAMERA IS TOP QUALITY GUARANTEED!!! DON'T MISS OUT!!!!!!,fake,2
I can't believe how amazing this camera is!!! UNBELIEVABLE!!!,fake,2
I can't believe how amazing this phone is!!! MUST BUY!!!,fake,2
buy now before it's gone to get this product now!!!,fake,2
click here now to get this product now!!! click here now to get this product now!!!!!!,fake,2
I bought this camera recently and it poor quality. I bought this camera recently and it poor quality.,genuine,2
limited offer and win exciting prizes!!!!!!,fake,2
"THIS CAMERA IS OKAY, IT WORKS WELL.",genuine,2
buy now before it's gone for huge discounts!!!,fake,2
This laptop is UNBELIEVABLE!!!,fake,2
I BOUGHT THIS WATCH RECENTLY AND IT NOT GREAT.,genuine,2
click here now and win exciting prizes!!! click here now and win exciting prizes!!!!!!,fake,2
I bought this headphones recently and it does the job.,genuine,2
I bought this camera recently and it worth the price.,genuine,2
The phone does the job.,genuine,2
I can't believe how amazing this headphones is!!! MUST BUY!!!,fake,2
I can't believe how amazing this camera is!!! MUST BUY!!! I can't believe how amazing this camera is!!! MUST BUY!!!,fake,2
I CAN'T BELIEVE HOW AMAZING THIS CAMERA IS!!! TOP QUALITY GUARANTEED!!!,fake,2
"After using this headphones, I feel it not great.",genuine,2
visit this link and win exciting prizes!!!,fake,2
buy now before it's gone and win exciting prizes!!!!!!,fake,2
"This camera is okay, it not worth it. This camera is okay, it not worth it.!!!",genuine,2
TOP QUALITY GUARANTEED!!! Everyone should buy this headphones!!!,fake,2
VISIT THIS LINK!!! LIMITED TIME OFFER!!!,fake,2
I can't believe how amazing this watch is!!! UNBELIEVABLE!!!!!!,fake,2
EARN MONEY FAST!!! LIMITED TIME OFFER!!! EARN MONEY FAST!!! LIMITED TIME OFFER!!!,fake,2
"After using this headphones, I feel it worth the price. After using this headphones, I feel it worth the price.",genuine,2
LIFE CHANGING!!! Everyone should buy this phone!!!,fake,2
"AFTER USING THIS CAMERA, I FEEL IT STOPPED WORKING.",genuine,2
limited offer and win exciting prizes!!!,fake,2
I can't believe how amazing this headphones is!!! BEST PRODUCT EVER!!!,fake,2
limited offer and win exciting prizes!!!,fake,2
"THIS HEADPHONES IS OKAY, IT WORTH THE PRICE. THIS HEADPHONES IS OKAY, IT WORTH THE PRICE.",genuine,2
I bought this phone recently and it not great.,genuine,2
"After using this headphones, I feel it stopped working. After using this headphones, I feel it stopped working.!!!",genuine,2
"After using this headphones, I feel it works well.",genuine,2
"This phone is okay, it works well. This phone is okay, it works well.!!!",genuine,2
EARN MONEY FAST FOR HUGE DISCOUNTS!!!,fake,2
I bought this headphones recently and it disappointed.!!!,genuine,2
THIS HEADPHONES IS LIFE CHANGING!!! THIS HEADPHONES IS LIFE CHANGING!!!,fake,2
THIS WATCH IS LIFE CHANGING!!!,fake,2
The phone satisfied with the purchase. The phone satisfied with the purchase.,genuine,2
This phone is UNBELIEVABLE!!! This phone is UNBELIEVABLE!!!!!!,fake,2
The phone poor quality.,genuine,2
VISIT THIS LINK AND WIN EXCITING PRIZES!!! VISIT THIS LINK AND WIN EXCITING PRIZES!!!!!!,fake,2
THE HEADPHONES NOT GREAT.!!!,genuine,3
This laptop is BEST PRODUCT EVER!!! This laptop is BEST PRODUCT EVER!!!,fake,3
WATCH IS UNBELIEVABLE!!! DON'T MISS OUT!!! WATCH IS UNBELIEVABLE!!! DON'T MISS OUT!!!!!!,fake,3
THIS LAPTOP IS MUST BUY!!!!!!,fake,3
THE LAPTOP SATISFIED WITH THE PURCHASE.!!!,genuine,3
The headphones disappointed.!!!,genuine,3
visit this link for huge discounts!!!,fake,3
MUST BUY!!! Everyone should buy this laptop!!! MUST BUY!!! Everyone should buy this laptop!!!!!!,fake,3
"After using this laptop, I feel it good quality.",genuine,3
click here now and win exciting prizes!!!!!!,fake,3
"After using this camera, I feel it worth the price.",genuine,3
This phone is LIFE CHANGING!!! This phone is LIFE CHANGING!!!,fake,3
This headphones is TOP QUALITY GUARANTEED!!!,fake,3
This headphones is LIFE CHANGING!!! This headphones is LIFE CHANGING!!!,fake,3
buy now before it's gone to get this product now!!!,fake,3
I can't believe how amazing this watch is!!! UNBELIEVABLE!!! I can't believe how amazing this watch is!!! UNBELIEVABLE!!!,fake,3
click here now and win exciting prizes!!! click here now and win exciting prizes!!!,fake,3
I can't believe how amazing this phone is!!! TOP QUALITY GUARANTEED!!!,fake,3
buy now before it's gone and win exciting prizes!!! buy now before it's gone and win exciting prizes!!!!!!,fake,3
I can't believe how amazing this headphones is!!! MUST BUY!!!!!!,fake,3
I BOUGHT THIS WATCH RECENTLY AND IT WORKS WELL.,genuine,3
I bought this headphones recently and it does the job.,genuine,3
I can't believe how amazing this watch is!!! MUST BUY!!! I can't believe how amazing this watch is!!! MUST BUY!!!,fake,3
visit this link to get this product now!!!,fake,3
"THIS PHONE IS OKAY, IT WORKS WELL. THIS PHONE IS OKAY, IT WORKS WELL.!!!",genuine,3
"This headphones is okay, it good quality.",genuine,3
PHONE IS LIFE CHANGING!!! DON'T MISS OUT!!!,fake,3
BEST PRODUCT EVER!!! Everyone should buy this camera!!! BEST PRODUCT EVER!!! Everyone should buy this camera!!!!!!,fake,3
THIS PHONE IS MUST BUY!!!,fake,3
This phone is BEST PRODUCT EVER!!!,fake,3
"After using this watch, I feel it stopped working. After using this watch, I feel it stopped working.",genuine,3
TOP QUALITY GUARANTEED!!! Everyone should buy this headphones!!! TOP QUALITY GUARANTEED!!! Everyone should buy this headphones!!!,fake,3
I can't believe how amazing this headphones is!!! BEST PRODUCT EVER!!!!!!,fake,3
"This camera is okay, it not great.!!!",genuine,3
visit this link for huge discounts!!! visit this link for huge discounts!!!,fake,3
I bought this camera recently and it good quality.,genuine,3
I can't believe how amazing this phone is!!! LIFE CHANGING!!! I can't believe how amazing this phone is!!! LIFE CHANGING!!!,fake,3
buy now before it's gone for huge discounts!!!,fake,3
BUY NOW BEFORE IT'S GONE!!! LIMITED TIME OFFER!!!,fake,3
I can't believe how amazing this headphones is!!! MUST BUY!!!,fake,3
"This watch is okay, it worth the price. This watch is okay, it worth the price.",genuine,3
"This camera is okay, it good quality. This camera is okay, it good quality.",genuine,3
earn money fast and win exciting prizes!!!!!!,fake,3
visit this link and win exciting prizes!!!,fake,3
I bought this laptop recently and it works well.,genuine,3
I can't believe how amazing this laptop is!!! MUST BUY!!!,fake,3
I can't believe how amazing this watch is!!! LIFE CHANGING!!!,fake,3
PHONE IS MUST BUY!!! DON'T MISS OUT!!!,fake,3
buy now before it's gone and win exciting prizes!!!,fake,3
"After using this camera, I feel it does the job.",genuine,3
earn money fast to get this product now!!!,fake,3
limited offer for huge discounts!!! limited offer for huge discounts!!!!!!,fake,3
"After using this laptop, I feel it good quality. After using this laptop, I feel it good quality.",genuine,3
I bought this phone recently and it worth the price. I bought this phone recently and it worth the price.,genuine,3
I bought this headphones recently and it not great.!!!,genuine,3
"This camera is okay, it does the job. This camera is okay, it does the job.",genuine,3
I BOUGHT THIS LAPTOP RECENTLY AND IT GOOD QUALITY. I BOUGHT THIS LAPTOP RECENTLY AND IT GOOD QUALITY.,genuine,3
THE CAMERA POOR QUALITY. THE CAMERA POOR QUALITY.!!!,genuine,3
BUY NOW BEFORE IT'S GONE AND WIN EXCITING PRIZES!!!,fake,3
I can't believe how amazing this camera is!!! UNBELIEVABLE!!!,fake,3
I bought this headphones recently and it satisfied with the purchase.!!!,genuine,3
I can't believe how amazing this laptop is!!! UNBELIEVABLE!!! I can't believe how amazing this laptop is!!! UNBELIEVABLE!!!,fake,3
I can't believe how amazing this laptop is!!! BEST PRODUCT EVER!!!!!!,fake,3
HEADPHONES IS LIFE CHANGING!!! DON'T MISS OUT!!!!!!,fake,3
The camera good quality.,genuine,3
This headphones is TOP QUALITY GUARANTEED!!!!!!,fake,3
LAPTOP IS TOP QUALITY GUARANTEED!!! DON'T MISS OUT!!!,fake,3
"This camera is okay, it worth the price. This camera is okay, it worth the price.",genuine,3
The laptop poor quality. The laptop poor quality.!!!,genuine,3
I CAN'T BELIEVE HOW AMAZING THIS PHONE IS!!! LIFE CHANGING!!!,fake,3
visit this link and win exciting prizes!!!,fake,3
I can't believe how amazing this headphones is!!! MUST BUY!!!,fake,3
visit this link to get this product now!!!,fake,3
LAPTOP IS MUST BUY!!! DON'T MISS OUT!!! LAPTOP IS MUST BUY!!! DON'T MISS OUT!!!,fake,3
HEADPHONES IS LIFE CHANGING!!! DON'T MISS OUT!!!,fake,3
The camera worth the price.,genuine,3
I can't believe how amazing this phone is!!! BEST PRODUCT EVER!!!,fake,3
The phone not great.,genuine,3
"This watch is okay, it disappointed.",genuine,3
buy now before it's gone to get this product now!!! buy now before it's gone to get this product now!!!!!!,fake,3
"After using this watch, I feel it satisfied with the purchase. After using this watch, I feel it satisfied with the purchase.",genuine,3
I bought this camera recently and it works well.,genuine,3
UNBELIEVABLE!!! Everyone should buy this headphones!!!,fake,3
LIFE CHANGING!!! Everyone should buy this laptop!!!!!!,fake,3
The watch not great.,genuine,3
This camera is MUST BUY!!!,fake,3
"This watch is okay, it does the job. This watch is okay, it does the job.!!!",genuine,3
I bought this headphones recently and it worth the price. I bought this headphones recently and it worth the price.!!!,genuine,3
LIFE CHANGING!!! Everyone should buy this phone!!! LIFE CHANGING!!! Everyone should buy this phone!!!!!!,fake,3
I CAN'T BELIEVE HOW AMAZING THIS CAMERA IS!!! LIFE CHANGING!!!,fake,3
I can't believe how amazing this headphones is!!! LIFE CHANGING!!!!!!,fake,3
This watch is TOP QUALITY GUARANTEED!!!,fake,3
I bought this phone recently and it disappointed.,genuine,3
VISIT THIS LINK FOR HUGE DISCOUNTS!!! VISIT THIS LINK FOR HUGE DISCOUNTS!!!,fake,3
"This phone is okay, it not worth it.!!!",genuine,3
I bought this watch recently and it satisfied with the purchase.!!!,genuine,3
"This watch is okay, it worth the price. This watch is okay, it worth the price.",genuine,3
This camera is TOP QUALITY GUARANTEED!!!,fake,3
I bought this laptop recently and it worth the price.,genuine,3
The camera not worth it.!!!,genuine,3
"This watch is okay, it worth the price. This watch is okay, it worth the price.",genuine,3
I can't believe how amazing this watch is!!! UNBELIEVABLE!!!,fake,3
BUY NOW BEFORE IT'S GONE TO GET THIS PRODUCT NOW!!!,fake,3
I bought this laptop recently and it not great.!!!,genuine,3
CLICK HERE NOW AND WIN EXCITING PRIZES!!! CLICK HERE NOW AND WIN EXCITING PRIZES!!!,fake,3
"This headphones is okay, it poor quality.",genuine,3
visit this link and win exciting prizes!!!,fake,3
LIMITED OFFER!!! LIMITED TIME OFFER!!!!!!,fake,3
"After using this phone, I feel it good quality.",genuine,3
"After using this headphones, I feel it works well.",genuine,3
earn money fast to get this product now!!!,fake,3
The headphones works well.,genuine,3
UNBELIEVABLE!!! Everyone should buy this watch!!! UNBELIEVABLE!!! Everyone should buy this watch!!!,fake,3
"After using this phone, I feel it works well. After using this phone, I feel it works well.!!!",genuine,3
earn money fast to get this product now!!!,fake,3
This headphones is TOP QUALITY GUARANTEED!!! This headphones is TOP QUALITY GUARANTEED!!!,fake,3
"This watch is okay, it good quality.",genuine,3
BEST PRODUCT EVER!!! Everyone should buy this watch!!!!!!,fake,3
THIS PHONE IS BEST PRODUCT EVER!!!!!!,fake,3
The watch works well.!!!,genuine,3
WATCH IS BEST PRODUCT EVER!!! DON'T MISS OUT!!!,fake,3
I can't believe how amazing this watch is!!! LIFE CHANGING!!!,fake,3
The laptop good quality.,genuine,3
HEADPHONES IS MUST BUY!!! DON'T MISS OUT!!!!!!,fake,3
PHONE IS UNBELIEVABLE!!! DON'T MISS OUT!!! PHONE IS UNBELIEVABLE!!! DON'T MISS OUT!!!,fake,3
The phone worth the price. The phone worth the price.!!!,genuine,3
The watch not worth it.!!!,genuine,3
LIFE CHANGING!!! EVERYONE SHOULD BUY THIS WATCH!!!,fake,3
I can't believe how amazing this phone is!!! LIFE CHANGING!!! I can't believe how amazing this phone is!!! LIFE CHANGING!!!,fake,3
"This laptop is okay, it worth the price.",genuine,3
This laptop is UNBELIEVABLE!!!,fake,3
buy now before it's gone for huge discounts!!!!!!,fake,3
PHONE IS TOP QUALITY GUARANTEED!!! DON'T MISS OUT!!!!!!,fake,3
This laptop is LIFE CHANGING!!!,fake,3
I can't believe how amazing this laptop is!!! LIFE CHANGING!!!!!!,fake,3
"This watch is okay, it worth the price. This watch is okay, it worth the price.",genuine,3
EARN MONEY FAST!!! LIMITED TIME OFFER!!! EARN MONEY FAST!!! LIMITED TIME OFFER!!!,fake,3
"This camera is okay, it not worth it.",genuine,3
I CAN'T BELIEVE HOW AMAZING THIS WATCH IS!!! UNBELIEVABLE!!!!!!,fake,3
THIS CAMERA IS LIFE CHANGING!!!!!!,fake,3
"AFTER USING THIS PHONE, I FEEL IT NOT GREAT. AFTER USING THIS PHONE, I FEEL IT NOT GREAT.",genuine,3
"AFTER USING THIS HEADPHONES, I FEEL IT NOT GREAT. AFTER USING THIS HEADPHONES, I FEEL IT NOT GREAT.",genuine,3
"This phone is okay, it disappointed. This phone is okay, it disappointed.!!!",genuine,3
buy now before it's gone to get this product now!!!,fake,3
"AFTER USING THIS PHONE, I FEEL IT WORTH THE PRICE.",genuine,3
This headphones is BEST PRODUCT EVER!!!,fake,3
LAPTOP IS MUST BUY!!! DON'T MISS OUT!!!!!!,fake,3
I bought this laptop recently and it not worth it.,genuine,3
"THIS LAPTOP IS OKAY, IT DISAPPOINTED.",genuine,3
THIS PHONE IS BEST PRODUCT EVER!!!,fake,3
This headphones is UNBELIEVABLE!!!,fake,3
I can't believe how amazing this headphones is!!! LIFE CHANGING!!!,fake,3
LAPTOP IS UNBELIEVABLE!!! DON'T MISS OUT!!!!!!,fake,3
click here now for huge discounts!!!,fake,3
This watch is MUST BUY!!!!!!,fake,3
This phone is TOP QUALITY GUARANTEED!!!,fake,3
I can't believe how amazing this headphones is!!! LIFE CHANGING!!! I can't believe how amazing this headphones is!!! LIFE CHANGING!!!!!!,fake,3
This camera is BEST PRODUCT EVER!!! This camera is BEST PRODUCT EVER!!!!!!,fake,3
THE HEADPHONES STOPPED WORKING.,genuine,3
"This laptop is okay, it good quality. This laptop is okay, it good quality.",genuine,3
I can't believe how amazing this headphones is!!! UNBELIEVABLE!!!,fake,3
THE PHONE DOES THE JOB. THE PHONE DOES THE JOB.,genuine,3
VISIT THIS LINK!!! LIMITED TIME OFFER!!!,fake,3
visit this link and win exciting prizes!!!!!!,fake,3
VISIT THIS LINK TO GET THIS PRODUCT NOW!!!,fake,3
I bought this laptop recently and it poor quality.,genuine,3
THIS HEADPHONES IS MUST BUY!!!!!!,fake,3
MUST BUY!!! Everyone should buy this watch!!!!!!,fake,3
I can't believe how amazing this laptop is!!! UNBELIEVABLE!!!,fake,3
"After using this laptop, I feel it stopped working.",genuine,3
VISIT THIS LINK AND WIN EXCITING PRIZES!!!,fake,3
I can't believe how amazing this phone is!!! TOP QUALITY GUARANTEED!!! I can't believe how amazing this phone is!!! TOP QUALITY GUARANTEED!!!,fake,3
I can't believe how amazing this phone is!!! BEST PRODUCT EVER!!!,fake,3
"After using this watch, I feel it disappointed.!!!",genuine,3
visit this link to get this product now!!!,fake,3
The camera not worth it.!!!,genuine,3
buy now before it's gone for huge discounts!!! buy now before it's gone for huge discounts!!!!!!,fake,3
THIS PHONE IS TOP QUALITY GUARANTEED!!!,fake,3
click here now and win exciting prizes!!!,fake,3
I can't believe how amazing this phone is!!! MUST BUY!!! I can't believe how amazing this phone is!!! MUST BUY!!!,fake,3
MUST BUY!!! Everyone should buy this watch!!! MUST BUY!!! Everyone should buy this watch!!!!!!,fake,3
TOP QUALITY GUARANTEED!!! EVERYONE SHOULD BUY THIS WATCH!!!,fake,3
This watch is BEST PRODUCT EVER!!!,fake,3
EARN MONEY FAST!!! LIMITED TIME OFFER!!! EARN MONEY FAST!!! LIMITED TIME OFFER!!!,fake,3
This laptop is BEST PRODUCT EVER!!!,fake,3
PHONE IS TOP QUALITY GUARANTEED!!! DON'T MISS OUT!!!,fake,3
I bought this camera recently and it does the job.,genuine,3
"THIS CAMERA IS OKAY, IT WORTH THE PRICE.",genuine,3
I can't believe how amazing this headphones is!!! MUST BUY!!!,fake,3
I bought this camera recently and it stopped working. I bought this camera recently and it stopped working.,genuine,3
LIMITED OFFER TO GET THIS PRODUCT NOW!!!,fake,3
I CAN'T BELIEVE HOW AMAZING THIS PHONE IS!!! LIFE CHANGING!!!,fake,3
"After using this laptop, I feel it stopped working. After using this laptop, I feel it stopped working.!!!",genuine,3
I bought this headphones recently and it not worth it.,genuine,3
UNBELIEVABLE!!! EVERYONE SHOULD BUY THIS LAPTOP!!!!!!,fake,3
CAMERA IS TOP QUALITY GUARANTEED!!! DON'T MISS OUT!!! CAMERA IS TOP QUALITY GUARANTEED!!! DON'T MISS OUT!!!,fake,3
The phone satisfied with the purchase.,genuine,3
"After using this watch, I feel it poor quality.!!!",genuine,3
"After using this camera, I feel it not worth it.!!!",genuine,3
This camera is TOP QUALITY GUARANTEED!!!!!!,fake,3
"This phone is okay, it stopped working.",genuine,3
TOP QUALITY GUARANTEED!!! Everyone should buy this headphones!!!,fake,3
"After using this headphones, I feel it disappointed.",genuine,3
THE LAPTOP NOT WORTH IT.,genuine,3
LIFE CHANGING!!! Everyone should buy this laptop!!!,fake,3
click here now to get this product now!!! click here now to get this product now!!!,fake,3
EARN MONEY FAST!!! LIMITED TIME OFFER!!!,fake,3
The headphones good quality.,genuine,3
visit this link to get this product now!!! visit this link to get this product now!!!,fake,3
BEST PRODUCT EVER!!! Everyone should buy this phone!!!,fake,3
"This watch is okay, it stopped working.",genuine,3
This watch is BEST PRODUCT EVER!!! This watch is BEST PRODUCT EVER!!!,fake,3
This camera is UNBELIEVABLE!!!,fake,3
I can't believe how amazing this phone is!!! MUST BUY!!!,fake,3
I bought this phone recently and it poor quality. I bought this phone recently and it poor quality.,genuine,3
limited offer and win exciting prizes!!!,fake,3
WATCH IS LIFE CHANGING!!! DON'T MISS OUT!!!,fake,3
"This camera is okay, it worth the price.",genuine,3
CAMERA IS LIFE CHANGING!!! DON'T MISS OUT!!! CAMERA IS LIFE CHANGING!!! DON'T MISS OUT!!!,fake,3
MUST BUY!!! EVERYONE SHOULD BUY THIS PHONE!!!!!!,fake,3
THE LAPTOP WORKS WELL. THE LAPTOP WORKS WELL.,genuine,3
limited offer and win exciting prizes!!! limited offer and win exciting prizes!!!,fake,3
I BOUGHT THIS LAPTOP RECENTLY AND IT STOPPED WORKING.,genuine,3
UNBELIEVABLE!!! EVERYONE SHOULD BUY THIS CAMERA!!!!!!,fake,3
I bought this laptop recently and it poor quality.,genuine,3
THIS CAMERA IS UNBELIEVABLE!!!,fake,3
BEST PRODUCT EVER!!! Everyone should buy this watch!!!,fake,3
BUY NOW BEFORE IT'S GONE AND WIN EXCITING PRIZES!!! BUY NOW BEFORE IT'S GONE AND WIN EXCITING PRIZES!!!,fake,3
This headphones is UNBELIEVABLE!!!,fake,3
"THIS WATCH IS OKAY, IT SATISFIED WITH THE PURCHASE.!!!",genuine,3
"After using this watch, I feel it stopped working. After using this watch, I feel it stopped working.",genuine,3
"After using this camera, I feel it does the job. After using this camera, I feel it does the job.!!!",genuine,3
earn money fast and win exciting prizes!!!,fake,3
HEADPHONES IS MUST BUY!!! DON'T MISS OUT!!!!!!,fake,3
The headphones good quality.,genuine,3
I bought this laptop recently and it not worth it. I bought this laptop recently and it not worth it.,genuine,3
LIFE CHANGING!!! Everyone should buy this headphones!!!,fake,3
"After using this phone, I feel it works well.",genuine,3
TOP QUALITY GUARANTEED!!! Everyone should buy this laptop!!!!!!,fake,3
I bought this phone recently and it stopped working.!!!,genuine,3
This phone is LIFE CHANGING!!!,fake,3
HEADPHONES IS LIFE CHANGING!!! DON'T MISS OUT!!! HEADPHONES IS LIFE CHANGING!!! DON'T MISS OUT!!!!!!,fake,3
UNBELIEVABLE!!! EVERYONE SHOULD BUY THIS LAPTOP!!!,fake,3
I CAN'T BELIEVE HOW AMAZING THIS HEADPHONES IS!!! LIFE CHANGING!!!!!!,fake,3
WATCH IS BEST PRODUCT EVER!!! DON'T MISS OUT!!! WATCH IS BEST PRODUCT EVER!!! DON'T MISS OUT!!!,fake,3
PHONE IS LIFE CHANGING!!! DON'T MISS OUT!!!,fake,3
EARN MONEY FAST FOR HUGE DISCOUNTS!!!,fake,3
BEST PRODUCT EVER!!! Everyone should buy this headphones!!!,fake,3
I CAN'T BELIEVE HOW AMAZING THIS CAMERA IS!!! TOP QUALITY GUARANTEED!!! I CAN'T BELIEVE HOW AMAZING THIS CAMERA IS!!! TOP QUALITY GUARANTEED!!!,fake,3
limited offer for huge discounts!!!!!!,fake,3
earn money fast to get this product now!!! earn money fast to get this product now!!!!!!,fake,3
I CAN'T BELIEVE HOW AMAZING THIS PHONE IS!!! TOP QUALITY GUARANTEED!!!,fake,3
"This camera is okay, it does the job.",genuine,3
I can't believe how amazing this headphones is!!! LIFE CHANGING!!!,fake,3
"After using this camera, I feel it works well. After using this camera, I feel it works well.!!!",genuine,3
"After using this camera, I feel it stopped working.",genuine,3
UNBELIEVABLE!!! Everyone should buy this headphones!!!,fake,3
I CAN'T BELIEVE HOW AMAZING THIS WATCH IS!!! TOP QUALITY GUARANTEED!!! I CAN'T BELIEVE HOW AMAZING THIS WATCH IS!!! TOP QUALITY GUARANTEED!!!!!!,fake,3
"After using this laptop, I feel it worth the price.!!!",genuine,3
MUST BUY!!! Everyone should buy this headphones!!!!!!,fake,3
"After using this phone, I feel it disappointed. After using this phone, I feel it disappointed.",genuine,3
I CAN'T BELIEVE HOW AMAZING THIS CAMERA IS!!! MUST BUY!!!!!!,fake,3
"AFTER USING THIS WATCH, I FEEL IT STOPPED WORKING. AFTER USING THIS WATCH, I FEEL IT STOPPED WORKING.!!!",genuine,3
The headphones worth the price.,genuine,3
I can't believe how amazing this laptop is!!! UNBELIEVABLE!!!,fake,3
I can't believe how amazing this headphones is!!! BEST PRODUCT EVER!!!!!!,fake,3
visit this link to get this product now!!!!!!,fake,3
The laptop disappointed. The laptop disappointed.,genuine,3
The camera good quality. The camera good quality.,genuine,3
The camera not worth it.,genuine,3
"After using this camera, I feel it good quality.!!!",genuine,3
LIMITED OFFER!!! LIMITED TIME OFFER!!!!!!,fake,3
click here now for huge discounts!!!!!!,fake,3
This phone is MUST BUY!!! This phone is MUST BUY!!!!!!,fake,3
I bought this camera recently and it poor quality.!!!,genuine,3
I bought this phone recently and it stopped working.!!!,genuine,3
THE PHONE NOT GREAT. THE PHONE NOT GREAT.,genuine,3
This phone is BEST PRODUCT EVER!!!,fake,3
TOP QUALITY GUARANTEED!!! Everyone should buy this headphones!!! TOP QUALITY GUARANTEED!!! Everyone should buy this headphones!!!,fake,3
I bought this laptop recently and it good quality. I bought this laptop recently and it good quality.,genuine,3
THIS LAPTOP IS MUST BUY!!!,fake,3
I BOUGHT THIS LAPTOP RECENTLY AND IT SATISFIED WITH THE PURCHASE.,genuine,3
The camera stopped working.,genuine,3
I can't believe how amazing this laptop is!!! LIFE CHANGING!!!,fake,3
I BOUGHT THIS WATCH RECENTLY AND IT DISAPPOINTED.,genuine,3
limited offer for huge discounts!!!,fake,3
I can't believe how amazing this camera is!!! UNBELIEVABLE!!! I can't believe how amazing this camera is!!! UNBELIEVABLE!!!,fake,3
LIMITED OFFER FOR HUGE DISCOUNTS!!!,fake,3
CAMERA IS UNBELIEVABLE!!! DON'T MISS OUT!!!,fake,3
VISIT THIS LINK!!! LIMITED TIME OFFER!!!,fake,3
LIFE CHANGING!!! Everyone should buy this watch!!!,fake,3
VISIT THIS LINK FOR HUGE DISCOUNTS!!!,fake,3
"After using this headphones, I feel it does the job.",genuine,3
"After using this camera, I feel it stopped working.",genuine,3
LIFE CHANGING!!! EVERYONE SHOULD BUY THIS PHONE!!!,fake,3
click here now to get this product now!!!,fake,3
I bought this watch recently and it good quality.,genuine,3
I can't believe how amazing this laptop is!!! BEST PRODUCT EVER!!! I can't believe how amazing this laptop is!!! BEST PRODUCT EVER!!!!!!,fake,3
LAPTOP IS MUST BUY!!! DON'T MISS OUT!!!,fake,3
LIMITED OFFER!!! LIMITED TIME OFFER!!! LIMITED OFFER!!! LIMITED TIME OFFER!!!,fake,3
I bought this camera recently and it not worth it.!!!,genuine,3
The headphones good quality. The headphones good quality.!!!,genuine,3
LAPTOP IS LIFE CHANGING!!! DON'T MISS OUT!!! LAPTOP IS LIFE CHANGING!!! DON'T MISS OUT!!!,fake,3
I bought this phone recently and it stopped working.!!!,genuine,3
I bought this laptop recently and it satisfied with the purchase. I bought this laptop recently and it satisfied with the purchase.,genuine,3
I BOUGHT THIS WATCH RECENTLY AND IT DISAPPOINTED.!!!,genuine,3
PHONE IS TOP QUALITY GUARANTEED!!! DON'T MISS OUT!!!,fake,3
BEST PRODUCT EVER!!! Everyone should buy this phone!!! BEST PRODUCT EVER!!! Everyone should buy this phone!!!,fake,3
THIS WATCH IS TOP QUALITY GUARANTEED!!! THIS WATCH IS TOP QUALITY GUARANTEED!!!!!!,fake,3
buy now before it's gone to get this product now!!!,fake,3
The headphones stopped working. The headphones stopped working.,genuine,3
"After using this phone, I feel it does the job. After using this phone, I feel it does the job.!!!",genuine,3
click here now for huge discounts!!!,fake,3
visit this link to get this product now!!!!!!,fake,3
"After using this laptop, I feel it does the job. After using this laptop, I feel it does the job.",genuine,3
THE LAPTOP DOES THE JOB.,genuine,3
TOP QUALITY GUARANTEED!!! Everyone should buy this watch!!! TOP QUALITY GUARANTEED!!! Everyone should buy this watch!!!,fake,3
"After using this watch, I feel it poor quality.",genuine,3
PHONE IS LIFE CHANGING!!! DON'T MISS OUT!!!,fake,3
"This headphones is okay, it works well. This headphones is okay, it works well.",genuine,3
The watch poor quality.!!!,genuine,3
PHONE IS BEST PRODUCT EVER!!! DON'T MISS OUT!!!,fake,3
LIMITED OFFER!!! LIMITED TIME OFFER!!!!!!,fake,3
THIS HEADPHONES IS TOP QUALITY GUARANTEED!!!,fake,3
I can't believe how amazing this headphones is!!! BEST PRODUCT EVER!!!!!!,fake,3
I BOUGHT THIS WATCH RECENTLY AND IT DOES THE JOB. I BOUGHT THIS WATCH RECENTLY AND IT DOES THE JOB.,genuine,3
I can't believe how amazing this camera is!!! LIFE CHANGING!!!,fake,3
"This camera is okay, it poor quality.",genuine,3
I can't believe how amazing this watch is!!! TOP QUALITY GUARANTEED!!!,fake,3
I can't believe how amazing this laptop is!!! UNBELIEVABLE!!!,fake,3
The phone worth the price.!!!,genuine,3
"After using this laptop, I feel it works well.",genuine,3
THIS PHONE IS MUST BUY!!!,fake,3
buy now before it's gone to get this product now!!!!!!,fake,3
click here now to get this product now!!!,fake,3
"AFTER USING THIS CAMERA, I FEEL IT GOOD QUALITY.",genuine,3
EARN MONEY FAST!!! LIMITED TIME OFFER!!!!!!,fake,3
The camera does the job.!!!,genuine,3
"After using this phone, I feel it satisfied with the purchase.",genuine,3
This laptop is UNBELIEVABLE!!!!!!,fake,3
This laptop is TOP QUALITY GUARANTEED!!!,fake,3
This watch is BEST PRODUCT EVER!!!,fake,3
MUST BUY!!! Everyone should buy this phone!!!!!!,fake,3
I BOUGHT THIS WATCH RECENTLY AND IT NOT GREAT.!!!,genuine,3
LAPTOP IS LIFE CHANGING!!! DON'T MISS OUT!!!,fake,3
PHONE IS UNBELIEVABLE!!! DON'T MISS OUT!!!,fake,3
buy now before it's gone and win exciting prizes!!! buy now before it's gone and win exciting prizes!!!,fake,3
"THIS HEADPHONES IS OKAY, IT POOR QUALITY. THIS HEADPHONES IS OKAY, IT POOR QUALITY.",genuine,3
"After using this camera, I feel it good quality.",genuine,3
I can't believe how amazing this phone is!!! MUST BUY!!!!!!,fake,3
I bought this watch recently and it works well.,genuine,3
LIMITED OFFER TO GET THIS PRODUCT NOW!!! LIMITED OFFER TO GET THIS PRODUCT NOW!!!,fake,3
I bought this phone recently and it works well.,genuine,3
click here now for huge discounts!!!,fake,3
buy now before it's gone for huge discounts!!!,fake,3
I can't believe how amazing this watch is!!! BEST PRODUCT EVER!!!,fake,3
WATCH IS BEST PRODUCT EVER!!! DON'T MISS OUT!!!!!!,fake,3
The camera satisfied with the purchase.,genuine,3
"After using this headphones, I feel it not great.!!!",genuine,3
"This headphones is okay, it not worth it. This headphones is okay, it not worth it.",genuine,3
LIFE CHANGING!!! Everyone should buy this phone!!! LIFE CHANGING!!! Everyone should buy this phone!!!,fake,3
LAPTOP IS UNBELIEVABLE!!! DON'T MISS OUT!!!,fake,3
The camera worth the price. The camera worth the price.,genuine,3
THE PHONE DISAPPOINTED. THE PHONE DISAPPOINTED.!!!,genuine,3
"THIS PHONE IS OKAY, IT NOT WORTH IT.",genuine,3
The phone worth the price.!!!,genuine,3
The phone not great.,genuine,3
This phone is MUST BUY!!!,fake,3
PHONE IS LIFE CHANGING!!! DON'T MISS OUT!!!,fake,3
WATCH IS TOP QUALITY GUARANTEED!!! DON'T MISS OUT!!! WATCH IS TOP QUALITY GUARANTEED!!! DON'T MISS OUT!!!!!!,fake,3
This watch is UNBELIEVABLE!!! This watch is UNBELIEVABLE!!!,fake,3
"After using this headphones, I feel it works well.!!!",genuine,3
UNBELIEVABLE!!! Everyone should buy this laptop!!!,fake,3
This phone is UNBELIEVABLE!!!,fake,3
I can't believe how amazing this phone is!!! MUST BUY!!!,fake,3
I bought this laptop recently and it satisfied with the purchase.,genuine,3
I BOUGHT THIS WATCH RECENTLY AND IT POOR QUALITY.!!!,genuine,3
This headphones is UNBELIEVABLE!!!,fake,3
"AFTER USING THIS PHONE, I FEEL IT WORTH THE PRICE. AFTER USING THIS PHONE, I FEEL IT WORTH THE PRICE.",genuine,3
limited offer and win exciting prizes!!!,fake,3
BEST PRODUCT EVER!!! Everyone should buy this camera!!!,fake,3
UNBELIEVABLE!!! EVERYONE SHOULD BUY THIS WATCH!!!,fake,3
LIFE CHANGING!!! Everyone should buy this laptop!!!!!!,fake,3
I CAN'T BELIEVE HOW AMAZING THIS WATCH IS!!! MUST BUY!!!!!!,fake,3
click here now and win exciting prizes!!! click here now and win exciting prizes!!!,fake,3
"THIS HEADPHONES IS OKAY, IT NOT GREAT. THIS HEADPHONES IS OKAY, IT NOT GREAT.",genuine,3
HEADPHONES IS UNBELIEVABLE!!! DON'T MISS OUT!!! HEADPHONES IS UNBELIEVABLE!!! DON'T MISS OUT!!!,fake,3
This watch is MUST BUY!!!,fake,3
"After using this watch, I feel it satisfied with the purchase.!!!",genuine,3
"This watch is okay, it worth the price. This watch is okay, it worth the price.",genuine,3
UNBELIEVABLE!!! Everyone should buy this headphones!!!!!!,fake,3
visit this link for huge discounts!!!,fake,3
This camera is LIFE CHANGING!!!,fake,3
EARN MONEY FAST AND WIN EXCITING PRIZES!!! EARN MONEY FAST AND WIN EXCITING PRIZES!!!,fake,3
The camera good quality. The camera good quality.,genuine,3
"After using this laptop, I feel it not worth it.",genuine,3
UNBELIEVABLE!!! Everyone should buy this camera!!!,fake,3
The camera works well.,genuine,3
THE LAPTOP NOT WORTH IT.,genuine,3
LIFE CHANGING!!! Everyone should buy this laptop!!!,fake,3
The phone stopped working. The phone stopped working.,genuine,3
UNBELIEVABLE!!! Everyone should buy this phone!!!,fake,3
"After using this laptop, I feel it not great.",genuine,3
The headphones satisfied with the purchase.!!!,genuine,3
The laptop works well.,genuine,3
CAMERA IS UNBELIEVABLE!!! DON'T MISS OUT!!!,fake,3
"This watch is okay, it good quality.",genuine,3
The watch stopped working.!!!,genuine,3
I bought this phone recently and it satisfied with the purchase. I bought this phone recently and it satisfied with the purchase.!!!,genuine,3
LIFE CHANGING!!! Everyone should buy this camera!!!,fake,3
earn money fast to get this product now!!! earn money fast to get this product now!!!,fake,3
I BOUGHT THIS PHONE RECENTLY AND IT NOT GREAT.,genuine,3
I can't believe how amazing this phone is!!! LIFE CHANGING!!!,fake,3
VISIT THIS LINK AND WIN EXCITING PRIZES!!! VISIT THIS LINK AND WIN EXCITING PRIZES!!!,fake,3
"AFTER USING THIS PHONE, I FEEL IT GOOD QUALITY.",genuine,3
The phone does the job. The phone does the job.!!!,genuine,3
I bought this watch recently and it not great. I bought this watch recently and it not great.,genuine,3
I bought this headphones recently and it disappointed. I bought this headphones recently and it disappointed.,genuine,3
This camera is BEST PRODUCT EVER!!!,fake,3
"This phone is okay, it good quality.",genuine,3
LIMITED OFFER!!! LIMITED TIME OFFER!!! LIMITED OFFER!!! LIMITED TIME OFFER!!!,fake,3
This laptop is UNBELIEVABLE!!!!!!,fake,3
click here now to get this product now!!!!!!,fake,3
CLICK HERE NOW AND WIN EXCITING PRIZES!!!,fake,3
"This phone is okay, it satisfied with the purchase.",genuine,3
PHONE IS BEST PRODUCT EVER!!! DON'T MISS OUT!!! PHONE IS BEST PRODUCT EVER!!! DON'T MISS OUT!!!!!!,fake,3
CLICK HERE NOW FOR HUGE DISCOUNTS!!!,fake,3
UNBELIEVABLE!!! Everyone should buy this laptop!!! UNBELIEVABLE!!! Everyone should buy this laptop!!!!!!,fake,3
I BOUGHT THIS PHONE RECENTLY AND IT NOT WORTH IT.!!!,genuine,3
I bought this camera recently and it not worth it. I bought this camera recently and it not worth it.,genuine,3
"This headphones is okay, it satisfied with the purchase.!!!",genuine,3
"AFTER USING THIS LAPTOP, I FEEL IT WORKS WELL.!!!",genuine,3
TOP QUALITY GUARANTEED!!! EVERYONE SHOULD BUY THIS LAPTOP!!!!!!,fake,3
This camera is UNBELIEVABLE!!!!!!,fake,3
I can't believe how amazing this headphones is!!! UNBELIEVABLE!!! I can't believe how amazing this headphones is!!! UNBELIEVABLE!!!,fake,3
"This phone is okay, it works well.!!!",genuine,3
I bought this camera recently and it good quality.,genuine,3
"After using this headphones, I feel it does the job. After using this headphones, I feel it does the job.",genuine,3
visit this link for huge discounts!!! visit this link for huge discounts!!!!!!,fake,3
I can't believe how amazing this phone is!!! BEST PRODUCT EVER!!! I can't believe how amazing this phone is!!! BEST PRODUCT EVER!!!,fake,3
I bought this watch recently and it satisfied with the purchase. I bought this watch recently and it satisfied with the purchase.!!!,genuine,3
"THIS HEADPHONES IS OKAY, IT DISAPPOINTED.",genuine,3
The headphones good quality.,genuine,3
TOP QUALITY GUARANTEED!!! EVERYONE SHOULD BUY THIS LAPTOP!!!,fake,3
I can't believe how amazing this camera is!!! TOP QUALITY GUARANTEED!!!,fake,3
The headphones does the job.!!!,genuine,3
I BOUGHT THIS HEADPHONES RECENTLY AND IT NOT GREAT.,genuine,3
This phone is TOP QUALITY GUARANTEED!!!,fake,3
buy now before it's gone to get this product now!!! buy now before it's gone to get this product now!!!!!!,fake,3
I can't believe how amazing this watch is!!! MUST BUY!!!,fake,3
click here now to get this product now!!!,fake,3
WATCH IS TOP QUALITY GUARANTEED!!! DON'T MISS OUT!!! WATCH IS TOP QUALITY GUARANTEED!!! DON'T MISS OUT!!!,fake,3
I bought this phone recently and it does the job.!!!,genuine,3
"AFTER USING THIS LAPTOP, I FEEL IT DOES THE JOB. AFTER USING THIS LAPTOP, I FEEL IT DOES THE JOB.",genuine,3
BEST PRODUCT EVER!!! Everyone should buy this watch!!!,fake,3
HEADPHONES IS MUST BUY!!! DON'T MISS OUT!!! HEADPHONES IS MUST BUY!!! DON'T MISS OUT!!!,fake,3
This camera is UNBELIEVABLE!!!!!!,fake,3
EARN MONEY FAST!!! LIMITED TIME OFFER!!!,fake,3
This laptop is TOP QUALITY GUARANTEED!!!,fake,3
visit this link for huge discounts!!!,fake,3
BEST PRODUCT EVER!!! EVERYONE SHOULD BUY THIS PHONE!!! BEST PRODUCT EVER!!! EVERYONE SHOULD BUY THIS PHONE!!!,fake,3
TOP QUALITY GUARANTEED!!! Everyone should buy this watch!!! TOP QUALITY GUARANTEED!!! Everyone should buy this watch!!!,fake,3
I bought this headphones recently and it stopped working.,genuine,3
"AFTER USING THIS WATCH, I FEEL IT NOT GREAT. AFTER USING THIS WATCH, I FEEL IT NOT GREAT.",genuine,3
This watch is BEST PRODUCT EVER!!!!!!,fake,3
THE WATCH GOOD QUALITY.,genuine,3
PHONE IS MUST BUY!!! DON'T MISS OUT!!!!!!,fake,3
EARN MONEY FAST!!! LIMITED TIME OFFER!!!!!!,fake,3
"This phone is okay, it satisfied with the purchase.",genuine,3
"AFTER USING THIS CAMERA, I FEEL IT STOPPED WORKING.",genuine,3
I BOUGHT THIS CAMERA RECENTLY AND IT NOT GREAT. I BOUGHT THIS CAMERA RECENTLY AND IT NOT GREAT.,genuine,3
TOP QUALITY GUARANTEED!!! Everyone should buy this watch!!! TOP QUALITY GUARANTEED!!! Everyone should buy this watch!!!!!!,fake,3
"After using this camera, I feel it poor quality. After using this camera, I feel it poor quality.",genuine,3
THE LAPTOP WORKS WELL.,genuine,3
earn money fast and win exciting prizes!!! earn money fast and win exciting prizes!!!,fake,3
LIMITED OFFER!!! LIMITED TIME OFFER!!!,fake,3
earn money fast and win exciting prizes!!! earn money fast and win exciting prizes!!!!!!,fake,3
buy now before it's gone and win exciting prizes!!!,fake,3
I bought this headphones recently and it worth the price.!!!,genuine,3
TOP QUALITY GUARANTEED!!! Everyone should buy this phone!!!!!!,fake,3
EARN MONEY FAST FOR HUGE DISCOUNTS!!!,fake,3
TOP QUALITY GUARANTEED!!! EVERYONE SHOULD BUY THIS LAPTOP!!!,fake,3
TOP QUALITY GUARANTEED!!! Everyone should buy this laptop!!!!!!,fake,3
VISIT THIS LINK FOR HUGE DISCOUNTS!!! VISIT THIS LINK FOR HUGE DISCOUNTS!!!!!!,fake,3
TOP QUALITY GUARANTEED!!! Everyone should buy this watch!!!,fake,3
"This headphones is okay, it not worth it. This headphones is okay, it not worth it.",genuine,3
"THIS PHONE IS OKAY, IT DOES THE JOB.",genuine,3
I bought this watch recently and it does the job.,genuine,3
This laptop is MUST BUY!!!,fake,3
HEADPHONES IS BEST PRODUCT EVER!!! DON'T MISS OUT!!!,fake,3
limited offer and win exciting prizes!!!!!!,fake,3
BEST PRODUCT EVER!!! Everyone should buy this watch!!!!!!,fake,3
visit this link to get this product now!!!!!!,fake,3
This laptop is MUST BUY!!!!!!,fake,3
I BOUGHT THIS HEADPHONES RECENTLY AND IT STOPPED WORKING.,genuine,3
click here now and win exciting prizes!!! click here now and win exciting prizes!!!,fake,3
TOP QUALITY GUARANTEED!!! Everyone should buy this phone!!! TOP QUALITY GUARANTEED!!! Everyone should buy this phone!!!!!!,fake,3
"After using this camera, I feel it worth the price. After using this camera, I feel it worth the price.",genuine,3
visit this link to get this product now!!!!!!,fake,3
BEST PRODUCT EVER!!! Everyone should buy this phone!!!,fake,3
PHONE IS MUST BUY!!! DON'T MISS OUT!!!,fake,3
HEADPHONES IS BEST PRODUCT EVER!!! DON'T MISS OUT!!!,fake,3
The phone poor quality. The phone poor quality.,genuine,3
I can't believe how amazing this camera is!!! UNBELIEVABLE!!!,fake,3
buy now before it's gone for huge discounts!!! buy now before it's gone for huge discounts!!!!!!,fake,3
LAPTOP IS BEST PRODUCT EVER!!! DON'T MISS OUT!!!,fake,3
CLICK HERE NOW FOR HUGE DISCOUNTS!!!,fake,3
THE HEADPHONES SATISFIED WITH THE PURCHASE.,genuine,3
I bought this phone recently and it works well.,genuine,3
MUST BUY!!! Everyone should buy this watch!!!,fake,3
THE PHONE SATISFIED WITH THE PURCHASE.,genuine,4
WATCH IS LIFE CHANGING!!! DON'T MISS OUT!!! WATCH IS LIFE CHANGING!!! DON'T MISS OUT!!!,fake,4
I can't believe how amazing this phone is!!! UNBELIEVABLE!!!,fake,4
This headphones is UNBELIEVABLE!!!,fake,4
BEST PRODUCT EVER!!! Everyone should buy this headphones!!!,fake,4
This laptop is LIFE CHANGING!!! This laptop is LIFE CHANGING!!!!!!,fake,4
THE CAMERA NOT GREAT.,genuine,4
WATCH IS TOP QUALITY GUARANTEED!!! DON'T MISS OUT!!!,fake,4
I can't believe how amazing this camera is!!! LIFE CHANGING!!! I can't believe how amazing this camera is!!! LIFE CHANGING!!!!!!,fake,4
"This laptop is okay, it disappointed.",genuine,4
"This phone is okay, it works well.",genuine,4
I bought this headphones recently and it satisfied with the purchase. I bought this headphones recently and it satisfied with the purchase.!!!,genuine,4
HEADPHONES IS BEST PRODUCT EVER!!! DON'T MISS OUT!!! HEADPHONES IS BEST PRODUCT EVER!!! DON'T MISS OUT!!!,fake,4
HEADPHONES IS MUST BUY!!! DON'T MISS OUT!!!,fake,4
CAMERA IS TOP QUALITY GUARANTEED!!! DON'T MISS OUT!!!,fake,4
This headphones is LIFE CHANGING!!!,fake,4
EARN MONEY FAST!!! LIMITED TIME OFFER!!! EARN MONEY FAST!!! LIMITED TIME OFFER!!!,fake,4
I can't believe how amazing this laptop is!!! MUST BUY!!! I can't believe how amazing this laptop is!!! MUST BUY!!!,fake,4
VISIT THIS LINK!!! LIMITED TIME OFFER!!!!!!,fake,4
This phone is LIFE CHANGING!!!,fake,4
I can't believe how amazing this camera is!!! TOP QUALITY GUARANTEED!!! I can't believe how amazing this camera is!!! TOP QUALITY GUARANTEED!!!,fake,4
CLICK HERE NOW AND WIN EXCITING PRIZES!!!,fake,4
"This watch is okay, it worth the price.",genuine,4
THIS PHONE IS BEST PRODUCT EVER!!!,fake,4
HEADPHONES IS MUST BUY!!! DON'T MISS OUT!!!,fake,4
BEST PRODUCT EVER!!! EVERYONE SHOULD BUY THIS HEADPHONES!!!!!!,fake,4
I can't believe how amazing this phone is!!! LIFE CHANGING!!! I can't believe how amazing this phone is!!! LIFE CHANGING!!!!!!,fake,4
The phone satisfied with the purchase. The phone satisfied with the purchase.!!!,genuine,4
"This watch is okay, it good quality.",genuine,4
This camera is UNBELIEVABLE!!! This camera is UNBELIEVABLE!!!,fake,4
"This camera is okay, it stopped working.",genuine,4
EARN MONEY FAST!!! LIMITED TIME OFFER!!!!!!,fake,4
"After using this laptop, I feel it works well.",genuine,4
This camera is LIFE CHANGING!!!!!!,fake,4
I bought this phone recently and it good quality.,genuine,4
earn money fast to get this product now!!!!!!,fake,4
"After using this camera, I feel it good quality.",genuine,4
CAMERA IS TOP QUALITY GUARANTEED!!! DON'T MISS OUT!!!,fake,4
click here now to get this product now!!!,fake,4
This camera is UNBELIEVABLE!!!,fake,4
visit this link for huge discounts!!!!!!,fake,4
earn money fast and win exciting prizes!!! earn money fast and win exciting prizes!!!!!!,fake,4
The headphones satisfied with the purchase.!!!,genuine,4
THE LAPTOP NOT GREAT.!!!,genuine,4
earn money fast for huge discounts!!!,fake,4
I bought this watch recently and it stopped working. I bought this watch recently and it stopped working.,genuine,4
THIS WATCH IS TOP QUALITY GUARANTEED!!! THIS WATCH IS TOP QUALITY GUARANTEED!!!,fake,4
This watch is BEST PRODUCT EVER!!!,fake,4
I bought this headphones recently and it stopped working. I bought this headphones recently and it stopped working.!!!,genuine,4
"After using this laptop, I feel it worth the price.",genuine,4
MUST BUY!!! Everyone should buy this laptop!!!!!!,fake,4
BEST PRODUCT EVER!!! Everyone should buy this headphones!!! BEST PRODUCT EVER!!! Everyone should buy this headphones!!!,fake,4
LAPTOP IS TOP QUALITY GUARANTEED!!! DON'T MISS OUT!!!,fake,4
This laptop is TOP QUALITY GUARANTEED!!!,fake,4
I bought this phone recently and it not great.!!!,genuine,4
HEADPHONES IS UNBELIEVABLE!!! DON'T MISS OUT!!!,fake,4
"AFTER USING THIS LAPTOP, I FEEL IT POOR QUALITY.",genuine,4
PHONE IS UNBELIEVABLE!!! DON'T MISS OUT!!!,fake,4
TOP QUALITY GUARANTEED!!! Everyone should buy this headphones!!!,fake,4
PHONE IS BEST PRODUCT EVER!!! DON'T MISS OUT!!!,fake,4
The laptop satisfied with the purchase.,genuine,4
PHONE IS MUST BUY!!! DON'T MISS OUT!!!,fake,4
This laptop is MUST BUY!!! This laptop is MUST BUY!!!,fake,4
The phone does the job.,genuine,4
earn money fast for huge discounts!!!,fake,4
"This camera is okay, it works well.",genuine,4
click here now to get this product now!!!,fake,4
LAPTOP IS UNBELIEVABLE!!! DON'T MISS OUT!!!!!!,fake,4
I can't believe how amazing this watch is!!! TOP QUALITY GUARANTEED!!! I can't believe how amazing this watch is!!! TOP QUALITY GUARANTEED!!!,fake,4
click here now for huge discounts!!!!!!,fake,4
"This laptop is okay, it stopped working. This laptop is okay, it stopped working.",genuine,4
"This headphones is okay, it poor quality.",genuine,4
"This phone is okay, it not great.!!!",genuine,4
LAPTOP IS MUST BUY!!! DON'T MISS OUT!!! LAPTOP IS MUST BUY!!! DON'T MISS OUT!!!,fake,4
HEADPHONES IS BEST PRODUCT EVER!!! DON'T MISS OUT!!!,fake,4
THE WATCH GOOD QUALITY. THE WATCH GOOD QUALITY.,genuine,4
EARN MONEY FAST!!! LIMITED TIME OFFER!!!,fake,4
visit this link and win exciting prizes!!!,fake,4
LIFE CHANGING!!! Everyone should buy this phone!!!!!!,fake,4
This camera is MUST BUY!!!!!!,fake,4
"After using this phone, I feel it worth the price.",genuine,4
I BOUGHT THIS HEADPHONES RECENTLY AND IT STOPPED WORKING. I BOUGHT THIS HEADPHONES RECENTLY AND IT STOPPED WORKING.!!!,genuine,4
I CAN'T BELIEVE HOW AMAZING THIS HEADPHONES IS!!! MUST BUY!!!!!!,fake,4
EARN MONEY FAST AND WIN EXCITING PRIZES!!!!!!,fake,4
earn money fast and win exciting prizes!!! earn money fast and win exciting prizes!!!,fake,4
LAPTOP IS LIFE CHANGING!!! DON'T MISS OUT!!!!!!,fake,4
CAMERA IS LIFE CHANGING!!! DON'T MISS OUT!!!,fake,4
The laptop not great.,genuine,4
LIMITED OFFER FOR HUGE DISCOUNTS!!!!!!,fake,4
"This laptop is okay, it does the job.",genuine,4
visit this link for huge discounts!!! visit this link for huge discounts!!!,fake,4
BEST PRODUCT EVER!!! Everyone should buy this camera!!!!!!,fake,4
This headphones is UNBELIEVABLE!!! This headphones is UNBELIEVABLE!!!!!!,fake,4
"This phone is okay, it good quality.",genuine,4
The camera good quality.,genuine,4
The phone disappointed. The phone disappointed.,genuine,4
I can't believe how amazing this phone is!!! UNBELIEVABLE!!! I can't believe how amazing this phone is!!! UNBELIEVABLE!!!,fake,4
visit this link and win exciting prizes!!!!!!,fake,4
LIFE CHANGING!!! Everyone should buy this headphones!!!!!!,fake,4
click here now for huge discounts!!!,fake,4
"This phone is okay, it satisfied with the purchase. This phone is okay, it satisfied with the purchase.",genuine,4
TOP QUALITY GUARANTEED!!! EVERYONE SHOULD BUY THIS HEADPHONES!!!,fake,4
BUY NOW BEFORE IT'S GONE!!! LIMITED TIME OFFER!!!,fake,4
I bought this camera recently and it worth the price. I bought this camera recently and it worth the price.,genuine,4
I can't believe how amazing this headphones is!!! TOP QUALITY GUARANTEED!!!,fake,4
VISIT THIS LINK!!! LIMITED TIME OFFER!!! VISIT THIS LINK!!! LIMITED TIME OFFER!!!,fake,4
LIFE CHANGING!!! Everyone should buy this camera!!!,fake,4
HEADPHONES IS LIFE CHANGING!!! DON'T MISS OUT!!!,fake,4
VISIT THIS LINK!!! LIMITED TIME OFFER!!!!!!,fake,4
CLICK HERE NOW TO GET THIS PRODUCT NOW!!! CLICK HERE NOW TO GET THIS PRODUCT NOW!!!,fake,4
"After using this headphones, I feel it satisfied with the purchase. After using this headphones, I feel it satisfied with the purchase.!!!",genuine,4
TOP QUALITY GUARANTEED!!! EVERYONE SHOULD BUY THIS WATCH!!! TOP QUALITY GUARANTEED!!! EVERYONE SHOULD BUY THIS WATCH!!!!!!,fake,4
PHONE IS UNBELIEVABLE!!! DON'T MISS OUT!!!!!!,fake,4
This camera is BEST PRODUCT EVER!!! This camera is BEST PRODUCT EVER!!!!!!,fake,4
This laptop is BEST PRODUCT EVER!!!,fake,4
LIMITED OFFER FOR HUGE DISCOUNTS!!!,fake,4
The headphones works well.,genuine,4
buy now before it's gone and win exciting prizes!!!,fake,4
"This headphones is okay, it satisfied with the purchase.",genuine,4
visit this link and win exciting prizes!!!,fake,4
"THIS WATCH IS OKAY, IT NOT GREAT.",genuine,4
This phone is TOP QUALITY GUARANTEED!!! This phone is TOP QUALITY GUARANTEED!!!,fake,4
buy now before it's gone and win exciting prizes!!!,fake,4
VISIT THIS LINK!!! LIMITED TIME OFFER!!!!!!,fake,4
"This laptop is okay, it works well.",genuine,4
"This phone is okay, it works well.",genuine,4
HEADPHONES IS BEST PRODUCT EVER!!! DON'T MISS OUT!!!,fake,4
BEST PRODUCT EVER!!! EVERYONE SHOULD BUY THIS WATCH!!!,fake,4
The headphones worth the price.!!!,genuine,4
earn money fast and win exciting prizes!!!,fake,4
TOP QUALITY GUARANTEED!!! Everyone should buy this watch!!!,fake,4
The phone worth the price.,genuine,4
VISIT THIS LINK!!! LIMITED TIME OFFER!!!,fake,4
earn money fast for huge discounts!!! earn money fast for huge discounts!!!!!!,fake,4
visit this link to get this product now!!!!!!,fake,4
"After using this headphones, I feel it works well. After using this headphones, I feel it works well.!!!",genuine,4
I CAN'T BELIEVE HOW AMAZING THIS LAPTOP IS!!! TOP QUALITY GUARANTEED!!! I CAN'T BELIEVE HOW AMAZING THIS LAPTOP IS!!! TOP QUALITY GUARANTEED!!!,fake,4
"This camera is okay, it not great.",genuine,4
"This watch is okay, it poor quality.",genuine,4
I bought this headphones recently and it satisfied with the purchase.!!!,genuine,4
THE CAMERA DOES THE JOB.!!!,genuine,4
buy now before it's gone to get this product now!!!!!!,fake,4
CAMERA IS BEST PRODUCT EVER!!! DON'T MISS OUT!!! CAMERA IS BEST PRODUCT EVER!!! DON'T MISS OUT!!!,fake,4
visit this link to get this product now!!!!!!,fake,4
visit this link for huge discounts!!!,fake,4
The laptop poor quality.!!!,genuine,4
earn money fast and win exciting prizes!!! earn money fast and win exciting prizes!!!,fake,4
I CAN'T BELIEVE HOW AMAZING THIS HEADPHONES IS!!! LIFE CHANGING!!! I CAN'T BELIEVE HOW AMAZING THIS HEADPHONES IS!!! LIFE CHANGING!!!,fake,4
This phone is BEST PRODUCT EVER!!!,fake,4
HEADPHONES IS LIFE CHANGING!!! DON'T MISS OUT!!! HEADPHONES IS LIFE CHANGING!!! DON'T MISS OUT!!!,fake,4
click here now to get this product now!!!,fake,4
This laptop is MUST BUY!!!,fake,4
"This headphones is okay, it not great.",genuine,4
The watch poor quality.,genuine,4
"After using this laptop, I feel it disappointed.",genuine,4
The phone not great.,genuine,4
The camera good quality.,genuine,4
limited offer and win exciting prizes!!!,fake,4
"After using this camera, I feel it good quality. After using this camera, I feel it good quality.",genuine,4
The camera stopped working. The camera stopped working.!!!,genuine,4
This watch is MUST BUY!!!,fake,4
LIMITED OFFER!!! LIMITED TIME OFFER!!!,fake,4
UNBELIEVABLE!!! Everyone should buy this phone!!! UNBELIEVABLE!!! Everyone should buy this phone!!!,fake,4
BEST PRODUCT EVER!!! Everyone should buy this watch!!!,fake,4
buy now before it's gone and win exciting prizes!!!!!!,fake,4
click here now for huge discounts!!!,fake,4
This laptop is MUST BUY!!! This laptop is MUST BUY!!!,fake,4
"AFTER USING THIS HEADPHONES, I FEEL IT POOR QUALITY.",genuine,4
visit this link and win exciting prizes!!! visit this link and win exciting prizes!!!,fake,4
I bought this phone recently and it works well.,genuine,4
The headphones good quality. The headphones good quality.,genuine,4
"This headphones is okay, it good quality.",genuine,4
"This watch is okay, it not worth it.",genuine,4
HEADPHONES IS BEST PRODUCT EVER!!! DON'T MISS OUT!!!,fake,4
TOP QUALITY GUARANTEED!!! Everyone should buy this watch!!! TOP QUALITY GUARANTEED!!! Everyone should buy this watch!!!,fake,4
"After using this laptop, I feel it good quality.",genuine,4
earn money fast for huge discounts!!!,fake,4
The phone works well.,genuine,4
EARN MONEY FAST FOR HUGE DISCOUNTS!!! EARN MONEY FAST FOR HUGE DISCOUNTS!!!!!!,fake,4
HEADPHONES IS BEST PRODUCT EVER!!! DON'T MISS OUT!!!,fake,4
"This laptop is okay, it disappointed.",genuine,4
TOP QUALITY GUARANTEED!!! EVERYONE SHOULD BUY THIS LAPTOP!!!!!!,fake,4
BEST PRODUCT EVER!!! Everyone should buy this watch!!! BEST PRODUCT EVER!!! Everyone should buy this watch!!!!!!,fake,4
I CAN'T BELIEVE HOW AMAZING THIS HEADPHONES IS!!! LIFE CHANGING!!!,fake,4
The watch works well.!!!,genuine,4
limited offer and win exciting prizes!!!,fake,4
This laptop is UNBELIEVABLE!!!,fake,4
The camera not great.!!!,genuine,4
MUST BUY!!! Everyone should buy this laptop!!!!!!,fake,4
I can't believe how amazing this phone is!!! MUST BUY!!! I can't believe how amazing this phone is!!! MUST BUY!!!!!!,fake,4
This headphones is MUST BUY!!!,fake,4
CLICK HERE NOW!!! LIMITED TIME OFFER!!! CLICK HERE NOW!!! LIMITED TIME OFFER!!!,fake,4
I can't believe how amazing this watch is!!! MUST BUY!!!,fake,4
I CAN'T BELIEVE HOW AMAZING THIS CAMERA IS!!! LIFE CHANGING!!! I CAN'T BELIEVE HOW AMAZING THIS CAMERA IS!!! LIFE CHANGING!!!!!!,fake,4
limited offer and win exciting prizes!!!!!!,fake,4
visit this link and win exciting prizes!!!,fake,4
"This camera is okay, it good quality.",genuine,4
CAMERA IS TOP QUALITY GUARANTEED!!! DON'T MISS OUT!!! CAMERA IS TOP QUALITY GUARANTEED!!! DON'T MISS OUT!!!,fake,4
earn money fast and win exciting prizes!!!,fake,4
THE PHONE WORTH THE PRICE. THE PHONE WORTH THE PRICE.,genuine,4
The watch poor quality. The watch poor quality.,genuine,4
"After using this headphones, I feel it not worth it. After using this headphones, I feel it not worth it.",genuine,4
LIMITED OFFER!!! LIMITED TIME OFFER!!! LIMITED OFFER!!! LIMITED TIME OFFER!!!,fake,4
TOP QUALITY GUARANTEED!!! Everyone should buy this phone!!!,fake,4
"After using this headphones, I feel it poor quality.",genuine,4
I BOUGHT THIS CAMERA RECENTLY AND IT WORKS WELL.,genuine,4
"This laptop is okay, it poor quality.!!!",genuine,4
"After using this laptop, I feel it satisfied with the purchase.!!!",genuine,4
I bought this phone recently and it stopped working. I bought this phone recently and it stopped working.,genuine,4
BEST PRODUCT EVER!!! Everyone should buy this phone!!!,fake,4
I BOUGHT THIS WATCH RECENTLY AND IT WORTH THE PRICE.,genuine,4
"After using this watch, I feel it not great.",genuine,4
I bought this headphones recently and it disappointed.!!!,genuine,4
"This watch is okay, it poor quality. This watch is okay, it poor quality.",genuine,4
I can't believe how amazing this phone is!!! LIFE CHANGING!!!,fake,4
BEST PRODUCT EVER!!! Everyone should buy this laptop!!!,fake,4
LIFE CHANGING!!! EVERYONE SHOULD BUY THIS PHONE!!!!!!,fake,4
I can't believe how amazing this watch is!!! MUST BUY!!!,fake,4
"AFTER USING THIS WATCH, I FEEL IT STOPPED WORKING. AFTER USING THIS WATCH, I FEEL IT STOPPED WORKING.",genuine,4
I can't believe how amazing this camera is!!! LIFE CHANGING!!!,fake,4
This watch is BEST PRODUCT EVER!!!,fake,4
HEADPHONES IS TOP QUALITY GUARANTEED!!! DON'T MISS OUT!!!!!!,fake,4
buy now before it's gone to get this product now!!!,fake,4
THIS WATCH IS BEST PRODUCT EVER!!! THIS WATCH IS BEST PRODUCT EVER!!!,fake,4
UNBELIEVABLE!!! Everyone should buy this laptop!!! UNBELIEVABLE!!! Everyone should buy this laptop!!!!!!,fake,4
WATCH IS TOP QUALITY GUARANTEED!!! DON'T MISS OUT!!! WATCH IS TOP QUALITY GUARANTEED!!! DON'T MISS OUT!!!!!!,fake,4
WATCH IS TOP QUALITY GUARANTEED!!! DON'T MISS OUT!!!,fake,4
BEST PRODUCT EVER!!! Everyone should buy this watch!!!,fake,4
"This camera is okay, it not worth it.",genuine,4
The watch poor quality.,genuine,4
click here now for huge discounts!!!,fake,4
"After using this watch, I feel it works well. After using this watch, I feel it works well.",genuine,4
The headphones good quality.,genuine,4
LIFE CHANGING!!! Everyone should buy this phone!!!,fake,4
"After using this watch, I feel it not worth it.",genuine,4
The laptop worth the price. The laptop worth the price.!!!,genuine,4
This headphones is UNBELIEVABLE!!!,fake,4
CLICK HERE NOW!!! LIMITED TIME OFFER!!! CLICK HERE NOW!!! LIMITED TIME OFFER!!!,fake,4
VISIT THIS LINK!!! LIMITED TIME OFFER!!!,fake,4
BEST PRODUCT EVER!!! Everyone should buy this watch!!! BEST PRODUCT EVER!!! Everyone should buy this watch!!!,fake,4
This phone is LIFE CHANGING!!!,fake,4
The headphones works well.,genuine,4
EARN MONEY FAST!!! LIMITED TIME OFFER!!! EARN MONEY FAST!!! LIMITED TIME OFFER!!!!!!,fake,4
I bought this watch recently and it poor quality.,genuine,4
"This headphones is okay, it does the job.!!!",genuine,4
TOP QUALITY GUARANTEED!!! Everyone should buy this laptop!!!,fake,4
"After using this laptop, I feel it worth the price.",genuine,4
"After using this phone, I feel it not great.",genuine,4
EARN MONEY FAST!!! LIMITED TIME OFFER!!!,fake,4
CAMERA IS BEST PRODUCT EVER!!! DON'T MISS OUT!!! CAMERA IS BEST PRODUCT EVER!!! DON'T MISS OUT!!!,fake,4
CLICK HERE NOW!!! LIMITED TIME OFFER!!!,fake,4
This watch is UNBELIEVABLE!!!!!!,fake,4
The headphones not great.,genuine,4
"This headphones is okay, it satisfied with the purchase.!!!",genuine,4
WATCH IS LIFE CHANGING!!! DON'T MISS OUT!!!!!!,fake,4
UNBELIEVABLE!!! EVERYONE SHOULD BUY THIS WATCH!!! UNBELIEVABLE!!! EVERYONE SHOULD BUY THIS WATCH!!!,fake,4
LIMITED OFFER FOR HUGE DISCOUNTS!!!!!!,fake,4
"After using this watch, I feel it worth the price.!!!",genuine,4
I can't believe how amazing this phone is!!! BEST PRODUCT EVER!!!,fake,4
This headphones is TOP QUALITY GUARANTEED!!!,fake,4
LAPTOP IS TOP QUALITY GUARANTEED!!! DON'T MISS OUT!!!,fake,4
I bought this laptop recently and it not worth it.,genuine,4
This laptop is MUST BUY!!! This laptop is MUST BUY!!!!!!,fake,4
I can't believe how amazing this headphones is!!! BEST PRODUCT EVER!!! I can't believe how amazing this headphones is!!! BEST PRODUCT EVER!!!!!!,fake,4
"After using this camera, I feel it disappointed. After using this camera, I feel it disappointed.",genuine,4
EARN MONEY FAST!!! LIMITED TIME OFFER!!!!!!,fake,4
LIMITED OFFER FOR HUGE DISCOUNTS!!! LIMITED OFFER FOR HUGE DISCOUNTS!!!!!!,fake,4
I BOUGHT THIS CAMERA RECENTLY AND IT SATISFIED WITH THE PURCHASE.,genuine,4
This watch is BEST PRODUCT EVER!!!,fake,4
I can't believe how amazing this camera is!!! LIFE CHANGING!!! I can't believe how amazing this camera is!!! LIFE CHANGING!!!,fake,4
I can't believe how amazing this laptop is!!! MUST BUY!!!!!!,fake,4
CLICK HERE NOW AND WIN EXCITING PRIZES!!!!!!,fake,4
"After using this phone, I feel it good quality.",genuine,4
visit this link to get this product now!!! visit this link to get this product now!!!,fake,4
I bought this headphones recently and it stopped working. I bought this headphones recently and it stopped working.,genuine,4
I CAN'T BELIEVE HOW AMAZING THIS PHONE IS!!! MUST BUY!!!!!!,fake,4
THIS WATCH IS UNBELIEVABLE!!!,fake,4
earn money fast to get this product now!!!,fake,4
visit this link and win exciting prizes!!!,fake,4
THE HEADPHONES WORKS WELL.,genuine,4
"THIS WATCH IS OKAY, IT NOT WORTH IT.",genuine,4
This headphones is BEST PRODUCT EVER!!!,fake,4
MUST BUY!!! Everyone should buy this laptop!!!,fake,4
LIMITED OFFER FOR HUGE DISCOUNTS!!!,fake,4
This camera is UNBELIEVABLE!!!,fake,4
THE LAPTOP STOPPED WORKING.!!!,genuine,4
VISIT THIS LINK AND WIN EXCITING PRIZES!!!,fake,4
THE WATCH POOR QUALITY.,genuine,4
THE LAPTOP NOT GREAT.!!!,genuine,4
This laptop is TOP QUALITY GUARANTEED!!!,fake,4
visit this link and win exciting prizes!!!,fake,4
This watch is LIFE CHANGING!!! This watch is LIFE CHANGING!!!,fake,4
I can't believe how amazing this laptop is!!! MUST BUY!!!,fake,4
click here now to get this product now!!!,fake,4
This headphones is MUST BUY!!! This headphones is MUST BUY!!!,fake,4
click here now and win exciting prizes!!!,fake,4
I can't believe how amazing this watch is!!! TOP QUALITY GUARANTEED!!! I can't believe how amazing this watch is!!! TOP QUALITY GUARANTEED!!!,fake,4
LIMITED OFFER!!! LIMITED TIME OFFER!!!,fake,4
This headphones is UNBELIEVABLE!!! This headphones is UNBELIEVABLE!!!,fake,4
earn money fast for huge discounts!!!!!!,fake,4
"This watch is okay, it stopped working.",genuine,4
limited offer for huge discounts!!!,fake,4
CAMERA IS LIFE CHANGING!!! DON'T MISS OUT!!!!!!,fake,4
This watch is TOP QUALITY GUARANTEED!!! This watch is TOP QUALITY GUARANTEED!!!,fake,4
click here now for huge discounts!!!!!!,fake,4
This headphones is MUST BUY!!! This headphones is MUST BUY!!!!!!,fake,4
I CAN'T BELIEVE HOW AMAZING THIS WATCH IS!!! LIFE CHANGING!!! I CAN'T BELIEVE HOW AMAZING THIS WATCH IS!!! LIFE CHANGING!!!,fake,4
buy now before it's gone for huge discounts!!!!!!,fake,4
LIMITED OFFER AND WIN EXCITING PRIZES!!! LIMITED OFFER AND WIN EXCITING PRIZES!!!!!!,fake,4
CLICK HERE NOW!!! LIMITED TIME OFFER!!! CLICK HERE NOW!!! LIMITED TIME OFFER!!!,fake,4
This watch is MUST BUY!!!,fake,4
PHONE IS BEST PRODUCT EVER!!! DON'T MISS OUT!!!,fake,4
I CAN'T BELIEVE HOW AMAZING THIS HEADPHONES IS!!! TOP QUALITY GUARANTEED!!! I CAN'T BELIEVE HOW AMAZING THIS HEADPHONES IS!!! TOP QUALITY GUARANTEED!!!,fake,4
"AFTER USING THIS WATCH, I FEEL IT DISAPPOINTED. AFTER USING THIS WATCH, I FEEL IT DISAPPOINTED.!!!",genuine,4
TOP QUALITY GUARANTEED!!! Everyone should buy this watch!!!,fake,4
I bought this phone recently and it not great.!!!,genuine,4
This phone is MUST BUY!!! This phone is MUST BUY!!!,fake,4
visit this link for huge discounts!!!!!!,fake,4
"After using this headphones, I feel it not great.",genuine,4
THIS LAPTOP IS TOP QUALITY GUARANTEED!!!,fake,4
CLICK HERE NOW!!! LIMITED TIME OFFER!!! CLICK HERE NOW!!! LIMITED TIME OFFER!!!!!!,fake,4
I BOUGHT THIS WATCH RECENTLY AND IT WORKS WELL.,genuine,4
BUY NOW BEFORE IT'S GONE FOR HUGE DISCOUNTS!!!,fake,4
I can't believe how amazing this phone is!!! TOP QUALITY GUARANTEED!!!!!!,fake,4
"After using this laptop, I feel it not worth it. After using this laptop, I feel it not worth it.",genuine,4
earn money fast and win exciting prizes!!!,fake,4
I bought this headphones recently and it not great.!!!,genuine,4
TOP QUALITY GUARANTEED!!! Everyone should buy this watch!!!,fake,4
The headphones worth the price.,genuine,4
"After using this camera, I feel it worth the price. After using this camera, I feel it worth the price.",genuine,4
"THIS PHONE IS OKAY, IT POOR QUALITY.",genuine,4
I CAN'T BELIEVE HOW AMAZING THIS HEADPHONES IS!!! UNBELIEVABLE!!!!!!,fake,4
"After using this watch, I feel it works well.!!!",genuine,4
BEST PRODUCT EVER!!! Everyone should buy this camera!!!!!!,fake,4
HEADPHONES IS LIFE CHANGING!!! DON'T MISS OUT!!! HEADPHONES IS LIFE CHANGING!!! DON'T MISS OUT!!!!!!,fake,4
The headphones disappointed. The headphones disappointed.,genuine,4
I can't believe how amazing this headphones is!!! MUST BUY!!!,fake,4
"THIS PHONE IS OKAY, IT STOPPED WORKING. THIS PHONE IS OKAY, IT STOPPED WORKING.",genuine,4
The laptop works well.,genuine,4
visit this link to get this product now!!! visit this link to get this product now!!!!!!,fake,4
"After using this headphones, I feel it does the job. After using this headphones, I feel it does the job.",genuine,4
TOP QUALITY GUARANTEED!!! Everyone should buy this camera!!! TOP QUALITY GUARANTEED!!! Everyone should buy this camera!!!,fake,4
TOP QUALITY GUARANTEED!!! EVERYONE SHOULD BUY THIS LAPTOP!!!,fake,4
"This headphones is okay, it not worth it.",genuine,4
limited offer for huge discounts!!!!!!,fake,4
I bought this watch recently and it worth the price.,genuine,4
BEST PRODUCT EVER!!! Everyone should buy this camera!!!,fake,4
I bought this watch recently and it good quality.,genuine,4
click here now to get this product now!!!,fake,4
BUY NOW BEFORE IT'S GONE FOR HUGE DISCOUNTS!!!,fake,4
CLICK HERE NOW!!! LIMITED TIME OFFER!!!!!!,fake,4
CLICK HERE NOW AND WIN EXCITING PRIZES!!!,fake,4
limited offer for huge discounts!!!,fake,4
"This headphones is okay, it poor quality.",genuine,4
"This phone is okay, it disappointed.!!!",genuine,4
I bought this watch recently and it poor quality.,genuine,4
I bought this laptop recently and it satisfied with the purchase. I bought this laptop recently and it satisfied with the purchase.,genuine,4
"This watch is okay, it disappointed.",genuine,4
"After using this headphones, I feel it worth the price. After using this headphones, I feel it worth the price.",genuine,4
I bought this phone recently and it not worth it.,genuine,4
I bought this camera recently and it stopped working.,genuine,4
The watch poor quality. The watch poor quality.,genuine,4
I can't believe how amazing this camera is!!! UNBELIEVABLE!!!,fake,4
I BOUGHT THIS LAPTOP RECENTLY AND IT NOT WORTH IT.,genuine,4
The headphones worth the price.,genuine,4
This phone is TOP QUALITY GUARANTEED!!!,fake,4
earn money fast for huge discounts!!!,fake,4
"This watch is okay, it works well.",genuine,4
HEADPHONES IS BEST PRODUCT EVER!!! DON'T MISS OUT!!!!!!,fake,4
This phone is BEST PRODUCT EVER!!!!!!,fake,4
I can't believe how amazing this phone is!!! MUST BUY!!!,fake,4
limited offer and win exciting prizes!!! limited offer and win exciting prizes!!!,fake,4
LIFE CHANGING!!! Everyone should buy this phone!!! LIFE CHANGING!!! Everyone should buy this phone!!!!!!,fake,4
"This phone is okay, it stopped working.",genuine,4
I bought this camera recently and it disappointed.,genuine,4
This watch is TOP QUALITY GUARANTEED!!! This watch is TOP QUALITY GUARANTEED!!!,fake,4
EARN MONEY FAST TO GET THIS PRODUCT NOW!!!,fake,4
"THIS CAMERA IS OKAY, IT DISAPPOINTED.",genuine,4
I BOUGHT THIS HEADPHONES RECENTLY AND IT GOOD QUALITY.!!!,genuine,4
I bought this watch recently and it poor quality. I bought this watch recently and it poor quality.,genuine,4
"This laptop is okay, it disappointed. This laptop is okay, it disappointed.",genuine,4
buy now before it's gone to get this product now!!!,fake,4
limited offer to get this product now!!!!!!,fake,4
"After using this phone, I feel it worth the price.",genuine,4
"This headphones is okay, it stopped working.",genuine,4
earn money fast and win exciting prizes!!!,fake,4
limited offer for huge discounts!!!,fake,4
"This headphones is okay, it satisfied with the purchase.",genuine,4
"This headphones is okay, it disappointed.",genuine,4
CAMERA IS BEST PRODUCT EVER!!! DON'T MISS OUT!!!,fake,4
"This watch is okay, it good quality. This watch is okay, it good quality.",genuine,4
EARN MONEY FAST AND WIN EXCITING PRIZES!!!,fake,4
LIFE CHANGING!!! Everyone should buy this watch!!!,fake,4
"After using this headphones, I feel it disappointed.",genuine,4
I can't believe how amazing this camera is!!! UNBELIEVABLE!!!,fake,4
I bought this laptop recently and it stopped working.,genuine,4
HEADPHONES IS LIFE CHANGING!!! DON'T MISS OUT!!! HEADPHONES IS LIFE CHANGING!!! DON'T MISS OUT!!!!!!,fake,4
THE HEADPHONES WORTH THE PRICE.,genuine,4
I bought this camera recently and it poor quality. I bought this camera recently and it poor quality.,genuine,4
This watch is UNBELIEVABLE!!!,fake,4
LIMITED OFFER FOR HUGE DISCOUNTS!!! LIMITED OFFER FOR HUGE DISCOUNTS!!!,fake,4
I bought this laptop recently and it not worth it. I bought this laptop recently and it not worth it.,genuine,4
"After using this watch, I feel it satisfied with the purchase.!!!",genuine,4
I bought this phone recently and it does the job.,genuine,4
BEST PRODUCT EVER!!! Everyone should buy this laptop!!! BEST PRODUCT EVER!!! Everyone should buy this laptop!!!!!!,fake,4
I bought this headphones recently and it good quality.,genuine,4
I bought this laptop recently and it disappointed.,genuine,4
visit this link for huge discounts!!!,fake,4
click here now to get this product now!!!,fake,4
LIFE CHANGING!!! Everyone should buy this watch!!!,fake,4
I can't believe how amazing this phone is!!! LIFE CHANGING!!!,fake,4
"After using this camera, I feel it stopped working. After using this camera, I feel it stopped working.!!!",genuine,4
CAMERA IS BEST PRODUCT EVER!!! DON'T MISS OUT!!!!!!,fake,4
LAPTOP IS BEST PRODUCT EVER!!! DON'T MISS OUT!!!,fake,4
This laptop is BEST PRODUCT EVER!!!!!!,fake,4
I can't believe how amazing this watch is!!! LIFE CHANGING!!! I can't believe how amazing this watch is!!! LIFE CHANGING!!!,fake,4
"AFTER USING THIS PHONE, I FEEL IT POOR QUALITY.",genuine,4
The camera poor quality.!!!,genuine,4
EARN MONEY FAST TO GET THIS PRODUCT NOW!!!,fake,4
CAMERA IS UNBELIEVABLE!!! DON'T MISS OUT!!!,fake,4
The phone satisfied with the purchase.!!!,genuine,4
This watch is LIFE CHANGING!!! This watch is LIFE CHANGING!!!!!!,fake,4
"THIS WATCH IS OKAY, IT GOOD QUALITY.",genuine,4
LIMITED OFFER!!! LIMITED TIME OFFER!!!!!!,fake,4
HEADPHONES IS LIFE CHANGING!!! DON'T MISS OUT!!!,fake,4
I bought this phone recently and it not great. I bought this phone recently and it not great.,genuine,4
I bought this laptop recently and it good quality.,genuine,4
buy now before it's gone for huge discounts!!!,fake,4
I BOUGHT THIS LAPTOP RECENTLY AND IT GOOD QUALITY.,genuine,4
UNBELIEVABLE!!! EVERYONE SHOULD BUY THIS HEADPHONES!!! UNBELIEVABLE!!! EVERYONE SHOULD BUY THIS HEADPHONES!!!,fake,4
The phone works well. The phone works well.!!!,genuine,4
visit this link and win exciting prizes!!!,fake,4
This headphones is UNBELIEVABLE!!!,fake,4
"This camera is okay, it not worth it. This camera is okay, it not worth it.",genuine,4
CLICK HERE NOW FOR HUGE DISCOUNTS!!!,fake,4
The camera not worth it.,genuine,4
MUST BUY!!! Everyone should buy this phone!!!!!!,fake,4
I CAN'T BELIEVE HOW AMAZING THIS HEADPHONES IS!!! LIFE CHANGING!!!,fake,4
THE CAMERA SATISFIED WITH THE PURCHASE. THE CAMERA SATISFIED WITH THE PURCHASE.,genuine,4
"AFTER USING THIS LAPTOP, I FEEL IT DOES THE JOB. AFTER USING THIS LAPTOP, I FEEL IT DOES THE JOB.!!!",genuine,4
BEST PRODUCT EVER!!! EVERYONE SHOULD BUY THIS CAMERA!!!,fake,4
TOP QUALITY GUARANTEED!!! Everyone should buy this camera!!!,fake,4
I can't believe how amazing this headphones is!!! TOP QUALITY GUARANTEED!!!,fake,4
This laptop is UNBELIEVABLE!!!!!!,fake,4
"AFTER USING THIS PHONE, I FEEL IT NOT GREAT.!!!",genuine,4
click here now to get this product now!!!!!!,fake,4
HEADPHONES IS BEST PRODUCT EVER!!! DON'T MISS OUT!!! HEADPHONES IS BEST PRODUCT EVER!!! DON'T MISS OUT!!!,fake,4
CAMERA IS BEST PRODUCT EVER!!! DON'T MISS OUT!!! CAMERA IS BEST PRODUCT EVER!!! DON'T MISS OUT!!!!!!,fake,4
I can't believe how amazing this camera is!!! LIFE CHANGING!!!!!!,fake,4
I bought this headphones recently and it poor quality.,genuine,4
earn money fast and win exciting prizes!!!!!!,fake,4
I can't believe how amazing this phone is!!! BEST PRODUCT EVER!!!,fake,4
earn money fast to get this product now!!!,fake,4
"After using this laptop, I feel it satisfied with the purchase.!!!",genuine,4
BUY NOW BEFORE IT'S GONE AND WIN EXCITING PRIZES!!!!!!,fake,4
"After using this headphones, I feel it poor quality.",genuine,4
limited offer for huge discounts!!!!!!,fake,4
earn money fast and win exciting prizes!!! earn money fast and win exciting prizes!!!,fake,4
"After using this laptop, I feel it not great. After using this laptop, I feel it not great.",genuine,4
"After using this headphones, I feel it does the job. After using this headphones, I feel it does the job.",genuine,4
This watch is TOP QUALITY GUARANTEED!!! This watch is TOP QUALITY GUARANTEED!!!!!!,fake,4
"AFTER USING THIS WATCH, I FEEL IT WORKS WELL.",genuine,4
This headphones is TOP QUALITY GUARANTEED!!!,fake,4
EARN MONEY FAST FOR HUGE DISCOUNTS!!! EARN MONEY FAST FOR HUGE DISCOUNTS!!!!!!,fake,4
"After using this watch, I feel it satisfied with the purchase. After using this watch, I feel it satisfied with the purchase.",genuine,4
"This watch is okay, it stopped working.",genuine,4
This watch is BEST PRODUCT EVER!!! This watch is BEST PRODUCT EVER!!!,fake,4
I CAN'T BELIEVE HOW AMAZING THIS CAMERA IS!!! UNBELIEVABLE!!!,fake,4
"After using this laptop, I feel it poor quality.",genuine,4
I bought this camera recently and it disappointed.!!!,genuine,4
"After using this laptop, I feel it satisfied with the purchase.",genuine,4
THE CAMERA NOT GREAT.,genuine,4
THE HEADPHONES GOOD QUALITY. THE HEADPHONES GOOD QUALITY.,genuine,4
I can't believe how amazing this headphones is!!! TOP QUALITY GUARANTEED!!! I can't believe how amazing this headphones is!!! TOP QUALITY GUARANTEED!!!!!!,fake,4
This laptop is MUST BUY!!! This laptop is MUST BUY!!!,fake,4
"AFTER USING THIS LAPTOP, I FEEL IT DOES THE JOB.",genuine,4
CLICK HERE NOW FOR HUGE DISCOUNTS!!! CLICK HERE NOW FOR HUGE DISCOUNTS!!!,fake,4
UNBELIEVABLE!!! Everyone should buy this watch!!!,fake,4
I bought this phone recently and it stopped working. I bought this phone recently and it stopped working.!!!,genuine,4
I bought this phone recently and it works well.!!!,genuine,4
THE WATCH DISAPPOINTED.,genuine,4
I can't believe how amazing this watch is!!! BEST PRODUCT EVER!!! I can't believe how amazing this watch is!!! BEST PRODUCT EVER!!!!!!,fake,4
This camera is MUST BUY!!!,fake,4
This laptop is TOP QUALITY GUARANTEED!!! This laptop is TOP QUALITY GUARANTEED!!!!!!,fake,4
TOP QUALITY GUARANTEED!!! EVERYONE SHOULD BUY THIS CAMERA!!!!!!,fake,4
"This camera is okay, it stopped working. This camera is okay, it stopped working.",genuine,4
"This phone is okay, it not great. This phone is okay, it not great.",genuine,4
I BOUGHT THIS HEADPHONES RECENTLY AND IT STOPPED WORKING.!!!,genuine,4
buy now before it's gone for huge discounts!!!,fake,4
CLICK HERE NOW!!! LIMITED TIME OFFER!!!,fake,4
I CAN'T BELIEVE HOW AMAZING THIS CAMERA IS!!! MUST BUY!!! I CAN'T BELIEVE HOW AMAZING THIS CAMERA IS!!! MUST BUY!!!,fake,4
I can't believe how amazing this laptop is!!! TOP QUALITY GUARANTEED!!! I can't believe how amazing this laptop is!!! TOP QUALITY GUARANTEED!!!!!!,fake,4
TOP QUALITY GUARANTEED!!! EVERYONE SHOULD BUY THIS CAMERA!!!,fake,4
buy now before it's gone to get this product now!!! buy now before it's gone to get this product now!!!,fake,4
The phone satisfied with the purchase.,genuine,4
I BOUGHT THIS HEADPHONES RECENTLY AND IT STOPPED WORKING. I BOUGHT THIS HEADPHONES RECENTLY AND IT STOPPED WORKING.,genuine,4
"THIS HEADPHONES IS OKAY, IT WORTH THE PRICE.",genuine,4
LAPTOP IS BEST PRODUCT EVER!!! DON'T MISS OUT!!!,fake,4
TOP QUALITY GUARANTEED!!! Everyone should buy this camera!!! TOP QUALITY GUARANTEED!!! Everyone should buy this camera!!!!!!,fake,4
LAPTOP IS TOP QUALITY GUARANTEED!!! DON'T MISS OUT!!!,fake,4
I bought this watch recently and it not worth it.!!!,genuine,4
The laptop disappointed. The laptop disappointed.,genuine,4
The laptop works well. The laptop works well.,genuine,4
I bought this phone recently and it not great. I bought this phone recently and it not great.,genuine,4
I can't believe how amazing this headphones is!!! TOP QUALITY GUARANTEED!!! I can't believe how amazing this headphones is!!! TOP QUALITY GUARANTEED!!!,fake,4
MUST BUY!!! Everyone should buy this watch!!!,fake,4
This phone is TOP QUALITY GUARANTEED!!!,fake,4
I bought this camera recently and it not great.,genuine,4
This camera is TOP QUALITY GUARANTEED!!!!!!,fake,4
UNBELIEVABLE!!! EVERYONE SHOULD BUY THIS HEADPHONES!!! UNBELIEVABLE!!! EVERYONE SHOULD BUY THIS HEADPHONES!!!,fake,4
limited offer and win exciting prizes!!! limited offer and win exciting prizes!!!!!!,fake,4
visit this link and win exciting prizes!!! visit this link and win exciting prizes!!!,fake,5
UNBELIEVABLE!!! Everyone should buy this camera!!!,fake,5
VISIT THIS LINK FOR HUGE DISCOUNTS!!!,fake,5
The laptop stopped working.!!!,genuine,5
LIFE CHANGING!!! Everyone should buy this watch!!!,fake,5
I bought this laptop recently and it not great. I bought this laptop recently and it not great.,genuine,5
UNBELIEVABLE!!! Everyone should buy this watch!!! UNBELIEVABLE!!! Everyone should buy this watch!!!,fake,5
"THIS HEADPHONES IS OKAY, IT NOT WORTH IT. THIS HEADPHONES IS OKAY, IT NOT WORTH IT.",genuine,5
The watch good quality. The watch good quality.,genuine,5
I bought this watch recently and it poor quality. I bought this watch recently and it poor quality.,genuine,5
I bought this phone recently and it disappointed.!!!,genuine,5
I BOUGHT THIS LAPTOP RECENTLY AND IT NOT GREAT.!!!,genuine,5
"After using this camera, I feel it good quality.",genuine,5
I can't believe how amazing this camera is!!! MUST BUY!!!,fake,5
I BOUGHT THIS PHONE RECENTLY AND IT NOT GREAT.,genuine,5
The camera works well. The camera works well.,genuine,5
I bought this headphones recently and it good quality. I bought this headphones recently and it good quality.,genuine,5
"This laptop is okay, it worth the price.!!!",genuine,5
MUST BUY!!! Everyone should buy this laptop!!!!!!,fake,5
"After using this phone, I feel it works well.!!!",genuine,5
This phone is LIFE CHANGING!!!,fake,5
CLICK HERE NOW!!! LIMITED TIME OFFER!!!!!!,fake,5
TOP QUALITY GUARANTEED!!! EVERYONE SHOULD BUY THIS HEADPHONES!!!,fake,5
"After using this watch, I feel it worth the price.!!!",genuine,5
buy now before it's gone and win exciting prizes!!!!!!,fake,5
The camera not great.,genuine,5
The watch does the job. The watch does the job.!!!,genuine,5
BEST PRODUCT EVER!!! Everyone should buy this watch!!!!!!,fake,5
This laptop is MUST BUY!!!,fake,5
click here now for huge discounts!!! click here now for huge discounts!!!,fake,5
I bought this headphones recently and it good quality.!!!,genuine,5
"After using this phone, I feel it satisfied with the purchase.",genuine,5
TOP QUALITY GUARANTEED!!! Everyone should buy this phone!!!!!!,fake,5
I CAN'T BELIEVE HOW AMAZING THIS PHONE IS!!! TOP QUALITY GUARANTEED!!! I CAN'T BELIEVE HOW AMAZING THIS PHONE IS!!! TOP QUALITY GUARANTEED!!!,fake,5
LIFE CHANGING!!! EVERYONE SHOULD BUY THIS PHONE!!! LIFE CHANGING!!! EVERYONE SHOULD BUY THIS PHONE!!!,fake,5
earn money fast to get this product now!!!,fake,5
WATCH IS UNBELIEVABLE!!! DON'T MISS OUT!!! WATCH IS UNBELIEVABLE!!! DON'T MISS OUT!!!,fake,5
I can't believe how amazing this phone is!!! UNBELIEVABLE!!!,fake,5
earn money fast for huge discounts!!! earn money fast for huge discounts!!!!!!,fake,5
UNBELIEVABLE!!! Everyone should buy this laptop!!!,fake,5
limited offer for huge discounts!!!,fake,5
The headphones good quality. The headphones good quality.,genuine,5
I CAN'T BELIEVE HOW AMAZING THIS LAPTOP IS!!! LIFE CHANGING!!! I CAN'T BELIEVE HOW AMAZING THIS LAPTOP IS!!! LIFE CHANGING!!!,fake,5
UNBELIEVABLE!!! Everyone should buy this camera!!!,fake,5
I bought this laptop recently and it stopped working. I bought this laptop recently and it stopped working.!!!,genuine,5
"This headphones is okay, it disappointed.",genuine,5
I BOUGHT THIS LAPTOP RECENTLY AND IT DISAPPOINTED.,genuine,5
This headphones is MUST BUY!!! This headphones is MUST BUY!!!!!!,fake,5
"After using this phone, I feel it stopped working.",genuine,5
I BOUGHT THIS HEADPHONES RECENTLY AND IT GOOD QUALITY.,genuine,5
WATCH IS TOP QUALITY GUARANTEED!!! DON'T MISS OUT!!! WATCH IS TOP QUALITY GUARANTEED!!! DON'T MISS OUT!!!,fake,5
The headphones disappointed.!!!,genuine,5
"This laptop is okay, it worth the price. This laptop is okay, it worth the price.",genuine,5
I bought this laptop recently and it poor quality. I bought this laptop recently and it poor quality.,genuine,5
WATCH IS BEST PRODUCT EVER!!! DON'T MISS OUT!!!,fake,5
I BOUGHT THIS LAPTOP RECENTLY AND IT NOT WORTH IT. I BOUGHT THIS LAPTOP RECENTLY AND IT NOT WORTH IT.,genuine,5
I can't believe how amazing this phone is!!! MUST BUY!!! I can't believe how amazing this phone is!!! MUST BUY!!!,fake,5
BEST PRODUCT EVER!!! Everyone should buy this laptop!!!,fake,5
"This headphones is okay, it not worth it.",genuine,5
This headphones is UNBELIEVABLE!!! This headphones is UNBELIEVABLE!!!,fake,5
I can't believe how amazing this watch is!!! TOP QUALITY GUARANTEED!!!,fake,5
visit this link to get this product now!!! visit this link to get this product now!!!,fake,5
"After using this laptop, I feel it poor quality. After using this laptop, I feel it poor quality.!!!",genuine,5
HEADPHONES IS LIFE CHANGING!!! DON'T MISS OUT!!!!!!,fake,5
I bought this camera recently and it good quality.,genuine,5
LIMITED OFFER TO GET THIS PRODUCT NOW!!!,fake,5
MUST BUY!!! Everyone should buy this camera!!! MUST BUY!!! Everyone should buy this camera!!!,fake,5
buy now before it's gone and win exciting prizes!!!,fake,5
VISIT THIS LINK!!! LIMITED TIME OFFER!!!,fake,5
"This watch is okay, it worth the price.!!!",genuine,5
"This phone is okay, it works well.!!!",genuine,5
buy now before it's gone and win exciting prizes!!!,fake,5
EARN MONEY FAST AND WIN EXCITING PRIZES!!!,fake,5
buy now before it's gone to get this product now!!! buy now before it's gone to get this product now!!!,fake,5
I BOUGHT THIS CAMERA RECENTLY AND IT DOES THE JOB. I BOUGHT THIS CAMERA RECENTLY AND IT DOES THE JOB.,genuine,5
buy now before it's gone to get this product now!!!!!!,fake,5
I can't believe how amazing this headphones is!!! BEST PRODUCT EVER!!!!!!,fake,5
THIS WATCH IS LIFE CHANGING!!! THIS WATCH IS LIFE CHANGING!!!,fake,5
HEADPHONES IS LIFE CHANGING!!! DON'T MISS OUT!!! HEADPHONES IS LIFE CHANGING!!! DON'T MISS OUT!!!,fake,5
I bought this headphones recently and it stopped working. I bought this headphones recently and it stopped working.,genuine,5
PHONE IS UNBELIEVABLE!!! DON'T MISS OUT!!! PHONE IS UNBELIEVABLE!!! DON'T MISS OUT!!!!!!,fake,5
"AFTER USING THIS PHONE, I FEEL IT SATISFIED WITH THE PURCHASE.",genuine,5
visit this link and win exciting prizes!!!,fake,5
The laptop stopped working.,genuine,5
I bought this watch recently and it good quality.!!!,genuine,5
I can't believe how amazing this headphones is!!! LIFE CHANGING!!! I can't believe how amazing this headphones is!!! LIFE CHANGING!!!,fake,5
"AFTER USING THIS HEADPHONES, I FEEL IT WORKS WELL.!!!",genuine,5
VISIT THIS LINK!!! LIMITED TIME OFFER!!!!!!,fake,5
WATCH IS MUST BUY!!! DON'T MISS OUT!!! WATCH IS MUST BUY!!! DON'T MISS OUT!!!,fake,5
earn money fast for huge discounts!!! earn money fast for huge discounts!!!!!!,fake,5
This headphones is UNBELIEVABLE!!!!!!,fake,5
I can't believe how amazing this headphones is!!! BEST PRODUCT EVER!!! I can't believe how amazing this headphones is!!! BEST PRODUCT EVER!!!,fake,5
I can't believe how amazing this laptop is!!! BEST PRODUCT EVER!!!!!!,fake,5
THE HEADPHONES WORKS WELL. THE HEADPHONES WORKS WELL.,genuine,5
click here now and win exciting prizes!!!,fake,5
"After using this phone, I feel it does the job.!!!",genuine,5
CAMERA IS BEST PRODUCT EVER!!! DON'T MISS OUT!!!!!!,fake,5
This phone is LIFE CHANGING!!! This phone is LIFE CHANGING!!!,fake,5
I bought this phone recently and it does the job.,genuine,5
"AFTER USING THIS CAMERA, I FEEL IT SATISFIED WITH THE PURCHASE. AFTER USING THIS CAMERA, I FEEL IT SATISFIED WITH THE PURCHASE.",genuine,5
I can't believe how amazing this watch is!!! BEST PRODUCT EVER!!! I can't believe how amazing this watch is!!! BEST PRODUCT EVER!!!,fake,5
I bought this phone recently and it does the job. I bought this phone recently and it does the job.!!!,genuine,5
MUST BUY!!! Everyone should buy this phone!!! MUST BUY!!! Everyone should buy this phone!!!,fake,5
WATCH IS MUST BUY!!! DON'T MISS OUT!!!!!!,fake,5
The watch not worth it.,genuine,5
I BOUGHT THIS PHONE RECENTLY AND IT WORTH THE PRICE.!!!,genuine,5
LIMITED OFFER!!! LIMITED TIME OFFER!!!!!!,fake,5
The headphones does the job. The headphones does the job.!!!,genuine,5
I CAN'T BELIEVE HOW AMAZING THIS HEADPHONES IS!!! LIFE CHANGING!!!,fake,5
CAMERA IS LIFE CHANGING!!! DON'T MISS OUT!!! CAMERA IS LIFE CHANGING!!! DON'T MISS OUT!!!!!!,fake,5
LIMITED OFFER!!! LIMITED TIME OFFER!!! LIMITED OFFER!!! LIMITED TIME OFFER!!!,fake,5
I bought this headphones recently and it stopped working.!!!,genuine,5
I can't believe how amazing this headphones is!!! BEST PRODUCT EVER!!!,fake,5
PHONE IS UNBELIEVABLE!!! DON'T MISS OUT!!!!!!,fake,5
EARN MONEY FAST TO GET THIS PRODUCT NOW!!!!!!,fake,5
earn money fast to get this product now!!!!!!,fake,5
PHONE IS BEST PRODUCT EVER!!! DON'T MISS OUT!!!,fake,5
limited offer for huge discounts!!!!!!,fake,5
LIMITED OFFER AND WIN EXCITING PRIZES!!!,fake,5
I bought this headphones recently and it good quality.,genuine,5
The headphones worth the price.!!!,genuine,5
limited offer and win exciting prizes!!!,fake,5
THE CAMERA WORTH THE PRICE.!!!,genuine,5
LIFE CHANGING!!! Everyone should buy this camera!!!,fake,5
LIFE CHANGING!!! Everyone should buy this laptop!!! LIFE CHANGING!!! Everyone should buy this laptop!!!!!!,fake,5
THE HEADPHONES WORKS WELL.,genuine,5
earn money fast to get this product now!!!!!!,fake,5
UNBELIEVABLE!!! Everyone should buy this camera!!!,fake,5
I bought this watch recently and it worth the price.!!!,genuine,5
"After using this laptop, I feel it works well. After using this laptop, I feel it works well.",genuine,5
"This headphones is okay, it worth the price.",genuine,5
THIS LAPTOP IS UNBELIEVABLE!!! THIS LAPTOP IS UNBELIEVABLE!!!!!!,fake,5
buy now before it's gone and win exciting prizes!!! buy now before it's gone and win exciting prizes!!!,fake,5
I can't believe how amazing this headphones is!!! LIFE CHANGING!!!!!!,fake,5
limited offer for huge discounts!!!,fake,5
LIFE CHANGING!!! EVERYONE SHOULD BUY THIS WATCH!!!!!!,fake,5
This laptop is BEST PRODUCT EVER!!!,fake,5
"AFTER USING THIS LAPTOP, I FEEL IT DOES THE JOB.!!!",genuine,5
The laptop satisfied with the purchase.!!!,genuine,5
I can't believe how amazing this camera is!!! UNBELIEVABLE!!! I can't believe how amazing this camera is!!! UNBELIEVABLE!!!,fake,5
THIS WATCH IS MUST BUY!!!,fake,5
"This headphones is okay, it not worth it.!!!",genuine,5
HEADPHONES IS UNBELIEVABLE!!! DON'T MISS OUT!!!,fake,5
"This watch is okay, it works well.!!!",genuine,5
"After using this watch, I feel it stopped working.!!!",genuine,5
"After using this laptop, I feel it poor quality.",genuine,5
The phone satisfied with the purchase. The phone satisfied with the purchase.,genuine,5
I bought this laptop recently and it disappointed.,genuine,5
"This camera is okay, it satisfied with the purchase.!!!",genuine,5
LAPTOP IS LIFE CHANGING!!! DON'T MISS OUT!!! LAPTOP IS LIFE CHANGING!!! DON'T MISS OUT!!!!!!,fake,5
UNBELIEVABLE!!! EVERYONE SHOULD BUY THIS WATCH!!!,fake,5
The phone worth the price.,genuine,5
BUY NOW BEFORE IT'S GONE AND WIN EXCITING PRIZES!!! BUY NOW BEFORE IT'S GONE AND WIN EXCITING PRIZES!!!,fake,5
I bought this laptop recently and it poor quality.!!!,genuine,5
"AFTER USING THIS LAPTOP, I FEEL IT SATISFIED WITH THE PURCHASE.",genuine,5
LIMITED OFFER AND WIN EXCITING PRIZES!!!,fake,5
This camera is TOP QUALITY GUARANTEED!!!!!!,fake,5
buy now before it's gone for huge discounts!!! buy now before it's gone for huge discounts!!!,fake,5
I can't believe how amazing this camera is!!! TOP QUALITY GUARANTEED!!! I can't believe how amazing this camera is!!! TOP QUALITY GUARANTEED!!!,fake,5
I bought this laptop recently and it does the job.,genuine,5
I CAN'T BELIEVE HOW AMAZING THIS HEADPHONES IS!!! LIFE CHANGING!!! I CAN'T BELIEVE HOW AMAZING THIS HEADPHONES IS!!! LIFE CHANGING!!!,fake,5
visit this link for huge discounts!!!,fake,5
MUST BUY!!! Everyone should buy this camera!!!!!!,fake,5
This phone is LIFE CHANGING!!! This phone is LIFE CHANGING!!!,fake,5
BEST PRODUCT EVER!!! Everyone should buy this headphones!!!,fake,5
visit this link to get this product now!!!,fake,5
"After using this watch, I feel it good quality.",genuine,5
THIS LAPTOP IS LIFE CHANGING!!!,fake,5
BEST PRODUCT EVER!!! Everyone should buy this camera!!!,fake,5
buy now before it's gone for huge discounts!!! buy now before it's gone for huge discounts!!!!!!,fake,5
This camera is BEST PRODUCT EVER!!! This camera is BEST PRODUCT EVER!!!,fake,5
"After using this headphones, I feel it does the job.",genuine,5
"This headphones is okay, it disappointed.",genuine,5
"This camera is okay, it satisfied with the purchase.!!!",genuine,5
I can't believe how amazing this camera is!!! BEST PRODUCT EVER!!!,fake,5
BUY NOW BEFORE IT'S GONE!!! LIMITED TIME OFFER!!!!!!,fake,5
limited offer and win exciting prizes!!!,fake,5
MUST BUY!!! Everyone should buy this headphones!!!,fake,5
The laptop satisfied with the purchase.,genuine,5
CLICK HERE NOW!!! LIMITED TIME OFFER!!!!!!,fake,5
limited offer to get this product now!!!!!!,fake,5
UNBELIEVABLE!!! Everyone should buy this watch!!!,fake,5
"After using this headphones, I feel it poor quality.",genuine,5
"After using this headphones, I feel it stopped working.",genuine,5
PHONE IS LIFE CHANGING!!! DON'T MISS OUT!!!,fake,5
"THIS LAPTOP IS OKAY, IT POOR QUALITY.",genuine,5
BUY NOW BEFORE IT'S GONE TO GET THIS PRODUCT NOW!!! BUY NOW BEFORE IT'S GONE TO GET THIS PRODUCT NOW!!!,fake,5
LAPTOP IS BEST PRODUCT EVER!!! DON'T MISS OUT!!!,fake,5
"This camera is okay, it poor quality.",genuine,5
"This phone is okay, it disappointed.",genuine,5
CAMERA IS BEST PRODUCT EVER!!! DON'T MISS OUT!!! CAMERA IS BEST PRODUCT EVER!!! DON'T MISS OUT!!!,fake,5
The camera worth the price.,genuine,5
"After using this phone, I feel it not worth it. After using this phone, I feel it not worth it.!!!",genuine,5
"This watch is okay, it not great.",genuine,5
I can't believe how amazing this laptop is!!! TOP QUALITY GUARANTEED!!! I can't believe how amazing this laptop is!!! TOP QUALITY GUARANTEED!!!!!!,fake,5
"THIS HEADPHONES IS OKAY, IT DISAPPOINTED.",genuine,5
UNBELIEVABLE!!! Everyone should buy this headphones!!!,fake,5
The laptop disappointed.!!!,genuine,5
UNBELIEVABLE!!! EVERYONE SHOULD BUY THIS CAMERA!!!,fake,5
EARN MONEY FAST FOR HUGE DISCOUNTS!!!,fake,5
VISIT THIS LINK!!! LIMITED TIME OFFER!!!!!!,fake,5
"After using this headphones, I feel it works well.",genuine,5
THE HEADPHONES STOPPED WORKING. THE HEADPHONES STOPPED WORKING.,genuine,5
LAPTOP IS MUST BUY!!! DON'T MISS OUT!!! LAPTOP IS MUST BUY!!! DON'T MISS OUT!!!,fake,5
"THIS WATCH IS OKAY, IT GOOD QUALITY. THIS WATCH IS OKAY, IT GOOD QUALITY.!!!",genuine,5
This phone is TOP QUALITY GUARANTEED!!!,fake,5
This camera is LIFE CHANGING!!!,fake,5
I bought this camera recently and it satisfied with the purchase. I bought this camera recently and it satisfied with the purchase.!!!,genuine,5
I bought this headphones recently and it worth the price.,genuine,5
MUST BUY!!! Everyone should buy this headphones!!! MUST BUY!!! Everyone should buy this headphones!!!,fake,5
I can't believe how amazing this phone is!!! TOP QUALITY GUARANTEED!!!,fake,5
The laptop poor quality.,genuine,5
I CAN'T BELIEVE HOW AMAZING THIS LAPTOP IS!!! MUST BUY!!! I CAN'T BELIEVE HOW AMAZING THIS LAPTOP IS!!! MUST BUY!!!,fake,5
WATCH IS BEST PRODUCT EVER!!! DON'T MISS OUT!!! WATCH IS BEST PRODUCT EVER!!! DON'T MISS OUT!!!!!!,fake,5
MUST BUY!!! Everyone should buy this laptop!!!,fake,5
This phone is BEST PRODUCT EVER!!!,fake,5
UNBELIEVABLE!!! Everyone should buy this headphones!!!,fake,5
I bought this watch recently and it not great.!!!,genuine,5
CAMERA IS MUST BUY!!! DON'T MISS OUT!!!,fake,5
HEADPHONES IS TOP QUALITY GUARANTEED!!! DON'T MISS OUT!!! HEADPHONES IS TOP QUALITY GUARANTEED!!! DON'T MISS OUT!!!,fake,5
The phone not worth it. The phone not worth it.,genuine,5
"THIS PHONE IS OKAY, IT DISAPPOINTED. THIS PHONE IS OKAY, IT DISAPPOINTED.",genuine,5
I BOUGHT THIS LAPTOP RECENTLY AND IT DOES THE JOB.,genuine,5
I can't believe how amazing this watch is!!! LIFE CHANGING!!!,fake,5
WATCH IS BEST PRODUCT EVER!!! DON'T MISS OUT!!! WATCH IS BEST PRODUCT EVER!!! DON'T MISS OUT!!!,fake,5
I bought this headphones recently and it good quality.,genuine,5
"AFTER USING THIS CAMERA, I FEEL IT WORTH THE PRICE.",genuine,5
"AFTER USING THIS LAPTOP, I FEEL IT GOOD QUALITY.",genuine,5
WATCH IS BEST PRODUCT EVER!!! DON'T MISS OUT!!! WATCH IS BEST PRODUCT EVER!!! DON'T MISS OUT!!!!!!,fake,5
"This watch is okay, it not worth it. This watch is okay, it not worth it.",genuine,5
"This watch is okay, it good quality.!!!",genuine,5
CLICK HERE NOW FOR HUGE DISCOUNTS!!!!!!,fake,5
MUST BUY!!! Everyone should buy this phone!!!,fake,5
"This watch is okay, it stopped working.",genuine,5
I can't believe how amazing this laptop is!!! TOP QUALITY GUARANTEED!!!,fake,5
TOP QUALITY GUARANTEED!!! Everyone should buy this camera!!!,fake,5
click here now and win exciting prizes!!! click here now and win exciting prizes!!!,fake,5
"After using this laptop, I feel it stopped working. After using this laptop, I feel it stopped working.!!!",genuine,5
BUY NOW BEFORE IT'S GONE AND WIN EXCITING PRIZES!!! BUY NOW BEFORE IT'S GONE AND WIN EXCITING PRIZES!!!!!!,fake,5
click here now to get this product now!!!,fake,5
"After using this headphones, I feel it not great. After using this headphones, I feel it not great.",genuine,5
WATCH IS LIFE CHANGING!!! DON'T MISS OUT!!!,fake,5
LIMITED OFFER FOR HUGE DISCOUNTS!!!,fake,5
I bought this phone recently and it good quality. I bought this phone recently and it good quality.,genuine,5
I bought this laptop recently and it not great. I bought this laptop recently and it not great.,genuine,5
limited offer for huge discounts!!!,fake,5
click here now for huge discounts!!! click here now for huge discounts!!!,fake,5
LAPTOP IS BEST PRODUCT EVER!!! DON'T MISS OUT!!! LAPTOP IS BEST PRODUCT EVER!!! DON'T MISS OUT!!!,fake,5
THIS CAMERA IS LIFE CHANGING!!!,fake,5
THIS PHONE IS UNBELIEVABLE!!!,fake,5
VISIT THIS LINK AND WIN EXCITING PRIZES!!!!!!,fake,5
This headphones is MUST BUY!!!!!!,fake,5
I can't believe how amazing this watch is!!! LIFE CHANGING!!!!!!,fake,5
I bought this phone recently and it not great.,genuine,5
I BOUGHT THIS LAPTOP RECENTLY AND IT WORTH THE PRICE. I BOUGHT THIS LAPTOP RECENTLY AND IT WORTH THE PRICE.,genuine,5
"THIS LAPTOP IS OKAY, IT NOT WORTH IT.!!!",genuine,5
This headphones is UNBELIEVABLE!!! This headphones is UNBELIEVABLE!!!!!!,fake,5
buy now before it's gone to get this product now!!!,fake,5
LAPTOP IS TOP QUALITY GUARANTEED!!! DON'T MISS OUT!!!,fake,5
WATCH IS BEST PRODUCT EVER!!! DON'T MISS OUT!!! WATCH IS BEST PRODUCT EVER!!! DON'T MISS OUT!!!!!!,fake,5
"After using this headphones, I feel it stopped working.",genuine,5
PHONE IS TOP QUALITY GUARANTEED!!! DON'T MISS OUT!!!!!!,fake,5
I can't believe how amazing this headphones is!!! UNBELIEVABLE!!!!!!,fake,5
LAPTOP IS UNBELIEVABLE!!! DON'T MISS OUT!!!,fake,5
I bought this laptop recently and it disappointed.!!!,genuine,5
MUST BUY!!! EVERYONE SHOULD BUY THIS PHONE!!! MUST BUY!!! EVERYONE SHOULD BUY THIS PHONE!!!,fake,5
I BOUGHT THIS LAPTOP RECENTLY AND IT GOOD QUALITY. I BOUGHT THIS LAPTOP RECENTLY AND IT GOOD QUALITY.,genuine,5
I can't believe how amazing this camera is!!! MUST BUY!!!,fake,5
LIMITED OFFER!!! LIMITED TIME OFFER!!!!!!,fake,5
I bought this camera recently and it works well.,genuine,5
BEST PRODUCT EVER!!! Everyone should buy this watch!!!,fake,5
THIS CAMERA IS MUST BUY!!!!!!,fake,5
The watch good quality. The watch good quality.,genuine,5
I bought this watch recently and it poor quality.!!!,genuine,5
I bought this camera recently and it not great.,genuine,5
"AFTER USING THIS CAMERA, I FEEL IT STOPPED WORKING.!!!",genuine,5
"THIS CAMERA IS OKAY, IT POOR QUALITY.",genuine,5
The phone stopped working.,genuine,5
This watch is UNBELIEVABLE!!! This watch is UNBELIEVABLE!!!!!!,fake,5
buy now before it's gone to get this product now!!!,fake,5
EARN MONEY FAST TO GET THIS PRODUCT NOW!!! EARN MONEY FAST TO GET THIS PRODUCT NOW!!!,fake,5
visit this link and win exciting prizes!!!,fake,5
I can't believe how amazing this laptop is!!! TOP QUALITY GUARANTEED!!!,fake,5
MUST BUY!!! Everyone should buy this watch!!!,fake,5
The headphones satisfied with the purchase.,genuine,5
I bought this phone recently and it does the job.,genuine,5
"This watch is okay, it disappointed.",genuine,5
BEST PRODUCT EVER!!! Everyone should buy this headphones!!!!!!,fake,5
THIS PHONE IS MUST BUY!!! THIS PHONE IS MUST BUY!!!,fake,5
CAMERA IS LIFE CHANGING!!! DON'T MISS OUT!!!,fake,5
LAPTOP IS LIFE CHANGING!!! DON'T MISS OUT!!!!!!,fake,5
buy now before it's gone and win exciting prizes!!!!!!,fake,5
"This camera is okay, it not worth it.!!!",genuine,5
"After using this watch, I feel it satisfied with the purchase.",genuine,5
"After using this phone, I feel it works well.",genuine,5
THE HEADPHONES WORKS WELL.!!!,genuine,5
visit this link to get this product now!!!,fake,5
I CAN'T BELIEVE HOW AMAZING THIS CAMERA IS!!! TOP QUALITY GUARANTEED!!! I CAN'T BELIEVE HOW AMAZING THIS CAMERA IS!!! TOP QUALITY GUARANTEED!!!,fake,5
limited offer for huge discounts!!!,fake,5
I CAN'T BELIEVE HOW AMAZING THIS WATCH IS!!! UNBELIEVABLE!!!,fake,5
BEST PRODUCT EVER!!! EVERYONE SHOULD BUY THIS HEADPHONES!!!,fake,5
THIS LAPTOP IS TOP QUALITY GUARANTEED!!! THIS LAPTOP IS TOP QUALITY GUARANTEED!!!,fake,5
"After using this phone, I feel it good quality.",genuine,5
LAPTOP IS BEST PRODUCT EVER!!! DON'T MISS OUT!!!,fake,5
PHONE IS BEST PRODUCT EVER!!! DON'T MISS OUT!!! PHONE IS BEST PRODUCT EVER!!! DON'T MISS OUT!!!,fake,5
I can't believe how amazing this laptop is!!! MUST BUY!!! I can't believe how amazing this laptop is!!! MUST BUY!!!!!!,fake,5
The camera poor quality.,genuine,5
"THIS CAMERA IS OKAY, IT DOES THE JOB.",genuine,5
TOP QUALITY GUARANTEED!!! EVERYONE SHOULD BUY THIS HEADPHONES!!! TOP QUALITY GUARANTEED!!! EVERYONE SHOULD BUY THIS HEADPHONES!!!,fake,5
limited offer for huge discounts!!!,fake,5
click here now to get this product now!!! click here now to get this product now!!!,fake,5
I CAN'T BELIEVE HOW AMAZING THIS WATCH IS!!! BEST PRODUCT EVER!!! I CAN'T BELIEVE HOW AMAZING THIS WATCH IS!!! BEST PRODUCT EVER!!!,fake,5
"This headphones is okay, it does the job. This headphones is okay, it does the job.",genuine,5
I BOUGHT THIS CAMERA RECENTLY AND IT WORTH THE PRICE. I BOUGHT THIS CAMERA RECENTLY AND IT WORTH THE PRICE.,genuine,5
"This watch is okay, it good quality.",genuine,5
"This camera is okay, it not great.",genuine,5
THE PHONE WORTH THE PRICE. THE PHONE WORTH THE PRICE.,genuine,5
visit this link for huge discounts!!!,fake,5
CAMERA IS MUST BUY!!! DON'T MISS OUT!!! CAMERA IS MUST BUY!!! DON'T MISS OUT!!!,fake,5
"After using this watch, I feel it satisfied with the purchase.",genuine,5
"AFTER USING THIS CAMERA, I FEEL IT STOPPED WORKING.",genuine,5
I can't believe how amazing this phone is!!! UNBELIEVABLE!!! I can't believe how amazing this phone is!!! UNBELIEVABLE!!!,fake,5
This laptop is MUST BUY!!!!!!,fake,5
VISIT THIS LINK!!! LIMITED TIME OFFER!!!,fake,5
"After using this headphones, I feel it stopped working.",genuine,5
I CAN'T BELIEVE HOW AMAZING THIS PHONE IS!!! UNBELIEVABLE!!! I CAN'T BELIEVE HOW AMAZING THIS PHONE IS!!! UNBELIEVABLE!!!,fake,5
"This camera is okay, it not great.",genuine,5
This camera is BEST PRODUCT EVER!!!,fake,5
I can't believe how amazing this watch is!!! MUST BUY!!!,fake,5
"After using this laptop, I feel it worth the price.",genuine,5
I can't believe how amazing this camera is!!! UNBELIEVABLE!!!!!!,fake,5
THE HEADPHONES POOR QUALITY.,genuine,5
"After using this camera, I feel it stopped working. After using this camera, I feel it stopped working.",genuine,5
LAPTOP IS MUST BUY!!! DON'T MISS OUT!!!!!!,fake,5
I bought this laptop recently and it satisfied with the purchase.,genuine,5
limited offer to get this product now!!!!!!,fake,5
PHONE IS TOP QUALITY GUARANTEED!!! DON'T MISS OUT!!! PHONE IS TOP QUALITY GUARANTEED!!! DON'T MISS OUT!!!,fake,5
PHONE IS UNBELIEVABLE!!! DON'T MISS OUT!!!,fake,5
This watch is UNBELIEVABLE!!!,fake,5
HEADPHONES IS MUST BUY!!! DON'T MISS OUT!!!,fake,5
EARN MONEY FAST!!! LIMITED TIME OFFER!!!,fake,5
I bought this watch recently and it stopped working.,genuine,5
"After using this camera, I feel it poor quality.!!!",genuine,5
THE HEADPHONES POOR QUALITY.!!!,genuine,5
The camera worth the price.,genuine,5
"After using this headphones, I feel it works well.",genuine,5
BEST PRODUCT EVER!!! Everyone should buy this watch!!!,fake,5
THE LAPTOP STOPPED WORKING.!!!,genuine,5
BEST PRODUCT EVER!!! Everyone should buy this headphones!!!,fake,5
BEST PRODUCT EVER!!! Everyone should buy this phone!!!,fake,5
LIFE CHANGING!!! Everyone should buy this laptop!!! LIFE CHANGING!!! Everyone should buy this laptop!!!,fake,5
visit this link and win exciting prizes!!! visit this link and win exciting prizes!!!!!!,fake,5
click here now for huge discounts!!! click here now for huge discounts!!!,fake,5
THIS HEADPHONES IS LIFE CHANGING!!!,fake,5
"This watch is okay, it worth the price. This watch is okay, it worth the price.",genuine,5
CLICK HERE NOW!!! LIMITED TIME OFFER!!!,fake,5
"After using this laptop, I feel it does the job. After using this laptop, I feel it does the job.",genuine,5
I can't believe how amazing this laptop is!!! UNBELIEVABLE!!!,fake,5
"THIS CAMERA IS OKAY, IT WORTH THE PRICE.",genuine,5
buy now before it's gone and win exciting prizes!!!,fake,5
BEST PRODUCT EVER!!! EVERYONE SHOULD BUY THIS LAPTOP!!!!!!,fake,5
"This camera is okay, it worth the price. This camera is okay, it worth the price.",genuine,5
I bought this watch recently and it disappointed.,genuine,5
VISIT THIS LINK!!! LIMITED TIME OFFER!!!,fake,5
"This phone is okay, it not worth it. This phone is okay, it not worth it.",genuine,5
CAMERA IS MUST BUY!!! DON'T MISS OUT!!!!!!,fake,5
The laptop poor quality. The laptop poor quality.,genuine,5
"After using this laptop, I feel it good quality. After using this laptop, I feel it good quality.",genuine,5
This headphones is UNBELIEVABLE!!! This headphones is UNBELIEVABLE!!!!!!,fake,5
The watch satisfied with the purchase.,genuine,5
This watch is BEST PRODUCT EVER!!!,fake,5
The watch poor quality. The watch poor quality.,genuine,5
THE CAMERA STOPPED WORKING.,genuine,5
The phone not great.,genuine,5
visit this link and win exciting prizes!!! visit this link and win exciting prizes!!!!!!,fake,5
WATCH IS UNBELIEVABLE!!! DON'T MISS OUT!!!,fake,5
HEADPHONES IS LIFE CHANGING!!! DON'T MISS OUT!!!,fake,5
"This watch is okay, it does the job.!!!",genuine,5
"This watch is okay, it stopped working.",genuine,5
TOP QUALITY GUARANTEED!!! Everyone should buy this headphones!!!,fake,5
earn money fast for huge discounts!!! earn money fast for huge discounts!!!,fake,5
PHONE IS LIFE CHANGING!!! DON'T MISS OUT!!!,fake,5
TOP QUALITY GUARANTEED!!! Everyone should buy this headphones!!!,fake,5
I BOUGHT THIS WATCH RECENTLY AND IT NOT GREAT.,genuine,5
I bought this watch recently and it works well.,genuine,5
THE LAPTOP POOR QUALITY.,genuine,5
THE CAMERA NOT WORTH IT.!!!,genuine,5
BEST PRODUCT EVER!!! EVERYONE SHOULD BUY THIS CAMERA!!!,fake,5
I can't believe how amazing this camera is!!! BEST PRODUCT EVER!!!,fake,5
TOP QUALITY GUARANTEED!!! Everyone should buy this laptop!!!,fake,5
"After using this camera, I feel it good quality.",genuine,5
"AFTER USING THIS LAPTOP, I FEEL IT WORTH THE PRICE.",genuine,5
I BOUGHT THIS LAPTOP RECENTLY AND IT NOT GREAT. I BOUGHT THIS LAPTOP RECENTLY AND IT NOT GREAT.,genuine,5
WATCH IS MUST BUY!!! DON'T MISS OUT!!!,fake,5
TOP QUALITY GUARANTEED!!! Everyone should buy this headphones!!!,fake,5
EARN MONEY FAST!!! LIMITED TIME OFFER!!!,fake,5
The camera poor quality. The camera poor quality.!!!,genuine,5
TOP QUALITY GUARANTEED!!! Everyone should buy this headphones!!! TOP QUALITY GUARANTEED!!! Everyone should buy this headphones!!!,fake,5
click here now and win exciting prizes!!! click here now and win exciting prizes!!!,fake,5
"THIS HEADPHONES IS OKAY, IT NOT GREAT.",genuine,5
CLICK HERE NOW AND WIN EXCITING PRIZES!!!,fake,5
I can't believe how amazing this watch is!!! UNBELIEVABLE!!! I can't believe how amazing this watch is!!! UNBELIEVABLE!!!,fake,5
BUY NOW BEFORE IT'S GONE!!! LIMITED TIME OFFER!!!,fake,5
The camera not worth it. The camera not worth it.,genuine,5
"AFTER USING THIS PHONE, I FEEL IT WORTH THE PRICE. AFTER USING THIS PHONE, I FEEL IT WORTH THE PRICE.",genuine,5
earn money fast for huge discounts!!!,fake,5
PHONE IS TOP QUALITY GUARANTEED!!! DON'T MISS OUT!!!,fake,5
The laptop not worth it. The laptop not worth it.!!!,genuine,5
"After using this watch, I feel it satisfied with the purchase.",genuine,5
I can't believe how amazing this headphones is!!! BEST PRODUCT EVER!!!!!!,fake,5
The headphones works well. The headphones works well.,genuine,5
The camera poor quality. The camera poor quality.,genuine,5
I BOUGHT THIS PHONE RECENTLY AND IT WORTH THE PRICE.,genuine,5
This laptop is MUST BUY!!!,fake,5
"AFTER USING THIS CAMERA, I FEEL IT SATISFIED WITH THE PURCHASE.",genuine,5
"This watch is okay, it not great.!!!",genuine,5
EARN MONEY FAST!!! LIMITED TIME OFFER!!!!!!,fake,5
The camera worth the price.!!!,genuine,5
This watch is MUST BUY!!!,fake,5
TOP QUALITY GUARANTEED!!! Everyone should buy this watch!!! TOP QUALITY GUARANTEED!!! Everyone should buy this watch!!!,fake,5
"This laptop is okay, it worth the price.!!!",genuine,5
"This camera is okay, it stopped working.",genuine,5
click here now for huge discounts!!! click here now for huge discounts!!!,fake,5
The phone not great. The phone not great.,genuine,5
The laptop disappointed. The laptop disappointed.,genuine,5
click here now to get this product now!!!!!!,fake,5
VISIT THIS LINK TO GET THIS PRODUCT NOW!!!,fake,5
"This camera is okay, it does the job.!!!",genuine,5
"AFTER USING THIS WATCH, I FEEL IT WORKS WELL.",genuine,5
THE CAMERA NOT GREAT.!!!,genuine,5
THIS PHONE IS BEST PRODUCT EVER!!! THIS PHONE IS BEST PRODUCT EVER!!!!!!,fake,5
THIS PHONE IS UNBELIEVABLE!!!,fake,5
visit this link to get this product now!!!,fake,5
LIMITED OFFER FOR HUGE DISCOUNTS!!!!!!,fake,5
CAMERA IS LIFE CHANGING!!! DON'T MISS OUT!!!,fake,5
visit this link for huge discounts!!! visit this link for huge discounts!!!,fake,5
CLICK HERE NOW!!! LIMITED TIME OFFER!!!,fake,5
The headphones disappointed. The headphones disappointed.,genuine,5
I CAN'T BELIEVE HOW AMAZING THIS WATCH IS!!! BEST PRODUCT EVER!!!,fake,5
"THIS WATCH IS OKAY, IT NOT GREAT.",genuine,5
HEADPHONES IS TOP QUALITY GUARANTEED!!! DON'T MISS OUT!!! HEADPHONES IS TOP QUALITY GUARANTEED!!! DON'T MISS OUT!!!!!!,fake,5
UNBELIEVABLE!!! Everyone should buy this watch!!! UNBELIEVABLE!!! Everyone should buy this watch!!!,fake,5
I can't believe how amazing this laptop is!!! TOP QUALITY GUARANTEED!!!,fake,5
MUST BUY!!! Everyone should buy this phone!!!,fake,5
limited offer and win exciting prizes!!! limited offer and win exciting prizes!!!,fake,5
This watch is LIFE CHANGING!!! This watch is LIFE CHANGING!!!,fake,5
earn money fast for huge discounts!!! earn money fast for huge discounts!!!,fake,5
WATCH IS TOP QUALITY GUARANTEED!!! DON'T MISS OUT!!!,fake,5
"After using this camera, I feel it satisfied with the purchase. After using this camera, I feel it satisfied with the purchase.!!!",genuine,5
I can't believe how amazing this headphones is!!! TOP QUALITY GUARANTEED!!!,fake,5
I BOUGHT THIS PHONE RECENTLY AND IT NOT WORTH IT. I BOUGHT THIS PHONE RECENTLY AND IT NOT WORTH IT.,genuine,5
"After using this laptop, I feel it does the job. After using this laptop, I feel it does the job.",genuine,5
LIFE CHANGING!!! Everyone should buy this headphones!!! LIFE CHANGING!!! Everyone should buy this headphones!!!,fake,5
"This headphones is okay, it works well. This headphones is okay, it works well.!!!",genuine,5
click here now for huge discounts!!!!!!,fake,5
"After using this laptop, I feel it does the job.",genuine,5
"This watch is okay, it good quality.",genuine,5
TOP QUALITY GUARANTEED!!! EVERYONE SHOULD BUY THIS PHONE!!! TOP QUALITY GUARANTEED!!! EVERYONE SHOULD BUY THIS PHONE!!!,fake,5
THIS PHONE IS UNBELIEVABLE!!! THIS PHONE IS UNBELIEVABLE!!!!!!,fake,5
buy now before it's gone for huge discounts!!!,fake,5
I bought this camera recently and it does the job.!!!,genuine,5
CAMERA IS TOP QUALITY GUARANTEED!!! DON'T MISS OUT!!!,fake,5
The laptop does the job.,genuine,5
earn money fast to get this product now!!!,fake,5
WATCH IS MUST BUY!!! DON'T MISS OUT!!!!!!,fake,5
"AFTER USING THIS CAMERA, I FEEL IT DISAPPOINTED.",genuine,5
The laptop good quality.,genuine,5
HEADPHONES IS MUST BUY!!! DON'T MISS OUT!!!,fake,5
limited offer for huge discounts!!!,fake,5
UNBELIEVABLE!!! Everyone should buy this headphones!!!,fake,5
This laptop is UNBELIEVABLE!!! This laptop is UNBELIEVABLE!!!,fake,5
This watch is LIFE CHANGING!!!,fake,5
buy now before it's gone and win exciting prizes!!! buy now before it's gone and win exciting prizes!!!,fake,5
limited offer for huge discounts!!!,fake,5
limited offer for huge discounts!!! limited offer for huge discounts!!!,fake,5
The camera not worth it.,genuine,5
"This camera is okay, it not worth it. This camera is okay, it not worth it.",genuine,5
This camera is BEST PRODUCT EVER!!!,fake,5
"This watch is okay, it stopped working. This watch is okay, it stopped working.!!!",genuine,5
I CAN'T BELIEVE HOW AMAZING THIS WATCH IS!!! LIFE CHANGING!!!,fake,5
I BOUGHT THIS LAPTOP RECENTLY AND IT NOT WORTH IT.!!!,genuine,5
"This phone is okay, it not great. This phone is okay, it not great.",genuine,5
I bought this phone recently and it not worth it.,genuine,5
"This camera is okay, it works well.",genuine,5
I bought this phone recently and it poor quality.,genuine,5
I bought this headphones recently and it does the job.!!!,genuine,5
"This laptop is okay, it stopped working.",genuine,5
earn money fast and win exciting prizes!!!!!!,fake,5
BUY NOW BEFORE IT'S GONE!!! LIMITED TIME OFFER!!! BUY NOW BEFORE IT'S GONE!!! LIMITED TIME OFFER!!!,fake,5
CLICK HERE NOW AND WIN EXCITING PRIZES!!!,fake,5
I bought this headphones recently and it not great.,genuine,5
"THIS WATCH IS OKAY, IT GOOD QUALITY.",genuine,5
BUY NOW BEFORE IT'S GONE!!! LIMITED TIME OFFER!!!,fake,5
CAMERA IS TOP QUALITY GUARANTEED!!! DON'T MISS OUT!!!,fake,5
CAMERA IS LIFE CHANGING!!! DON'T MISS OUT!!!,fake,5
WATCH IS LIFE CHANGING!!! DON'T MISS OUT!!!,fake,5
This watch is MUST BUY!!!,fake,5
"This phone is okay, it worth the price. This phone is okay, it worth the price.",genuine,3
The headphones good quality.,genuine,3
"This camera is okay, it not great.!!!",genuine,3
"This watch is okay, it not great. This watch is okay, it not great.",genuine,3
"AFTER USING THIS CAMERA, I FEEL IT STOPPED WORKING.!!!",genuine,3
EARN MONEY FAST FOR HUGE DISCOUNTS!!!!!!,fake,4
I CAN'T BELIEVE HOW AMAZING THIS CAMERA IS!!! UNBELIEVABLE!!!,fake,5
